0 verbose cli C:\Program Files\nodejs\node.exe C:\Program Files\nodejs\node_modules\npm\bin\npm-cli.js
1 info using npm@10.9.2
2 info using node@v22.14.0
3 silly config load:file:C:\Program Files\nodejs\node_modules\npm\npmrc
4 silly config load:file:C:\Users\Tega\Desktop\Apex\.npmrc
5 silly config load:file:C:\Users\Tega\.npmrc
6 silly config load:file:C:\Users\Tega\AppData\Roaming\npm\etc\npmrc
7 verbose title npm install
8 verbose argv "install" "--cache" ".npm-cache"
9 verbose logfile logs-max:10 dir:C:\Users\Tega\Desktop\Apex\.npm-cache\_logs\2026-08-10T18_04_03_413Z-
10 verbose logfile C:\Users\Tega\Desktop\Apex\.npm-cache\_logs\2026-08-10T18_04_03_413Z-debug-0.log
11 silly logfile done cleaning log files
12 silly packumentCache heap:2197815296 maxSize:549453824 maxEntrySize:274726912
13 silly idealTree buildDeps
14 silly fetch manifest @radix-ui/react-accordion@^1.2.11
15 silly packumentCache full:https://registry.npmjs.org/@radix-ui%2freact-accordion cache-miss
16 http fetch GET 200 https://registry.npmjs.org/@radix-ui%2freact-accordion 1349ms (cache miss)
17 silly packumentCache full:https://registry.npmjs.org/@radix-ui%2freact-accordion set size:undefined disposed:false
18 silly fetch manifest @types/react@^19
19 silly packumentCache full:https://registry.npmjs.org/@types%2freact cache-miss
20 http fetch GET 200 https://registry.npmjs.org/npm 3665ms
21 http fetch GET 200 https://registry.npmjs.org/@types%2freact 853ms (cache miss)
22 silly packumentCache full:https://registry.npmjs.org/@types%2freact set size:undefined disposed:false
23 silly fetch manifest @types/react-dom@^19
24 silly packumentCache full:https://registry.npmjs.org/@types%2freact-dom cache-miss
25 http fetch GET 200 https://registry.npmjs.org/@types%2freact-dom 511ms (cache miss)
26 silly packumentCache full:https://registry.npmjs.org/@types%2freact-dom set size:undefined disposed:false
27 silly fetch manifest react@19.2.8
28 silly packumentCache full:https://registry.npmjs.org/react cache-miss
29 http fetch GET 200 https://registry.npmjs.org/react 3254ms (cache miss)
30 silly packumentCache full:https://registry.npmjs.org/react set size:undefined disposed:false
31 silly fetch manifest react-dom@19.2.8
32 silly packumentCache full:https://registry.npmjs.org/react-dom cache-miss
33 http fetch GET 200 https://registry.npmjs.org/react-dom 2076ms (cache miss)
34 silly packumentCache full:https://registry.npmjs.org/react-dom set size:undefined disposed:false
35 silly fetch manifest @radix-ui/react-dialog@^1.1.14
36 silly packumentCache full:https://registry.npmjs.org/@radix-ui%2freact-dialog cache-miss
37 http fetch GET 200 https://registry.npmjs.org/@radix-ui%2freact-dialog 708ms (cache miss)
38 silly packumentCache full:https://registry.npmjs.org/@radix-ui%2freact-dialog set size:undefined disposed:false
39 silly fetch manifest @radix-ui/react-navigation-menu@^1.2.13
40 silly packumentCache full:https://registry.npmjs.org/@radix-ui%2freact-navigation-menu cache-miss
41 http fetch GET 200 https://registry.npmjs.org/@radix-ui%2freact-navigation-menu 813ms (cache miss)
42 silly packumentCache full:https://registry.npmjs.org/@radix-ui%2freact-navigation-menu set size:undefined disposed:false
43 silly fetch manifest @radix-ui/react-separator@^1.1.7
44 silly packumentCache full:https://registry.npmjs.org/@radix-ui%2freact-separator cache-miss
45 http fetch GET 200 https://registry.npmjs.org/@radix-ui%2freact-separator 879ms (cache miss)
46 silly packumentCache full:https://registry.npmjs.org/@radix-ui%2freact-separator set size:undefined disposed:false
47 silly fetch manifest @radix-ui/react-slot@^1.2.3
48 silly packumentCache full:https://registry.npmjs.org/@radix-ui%2freact-slot cache-miss
49 http fetch GET 200 https://registry.npmjs.org/@radix-ui%2freact-slot 612ms (cache miss)
50 silly packumentCache full:https://registry.npmjs.org/@radix-ui%2freact-slot set size:undefined disposed:false
51 silly placeDep ROOT @radix-ui/react-accordion@1.2.20 OK for: apex-corp@0.1.0 want: ^1.2.11
52 silly placeDep ROOT @radix-ui/react-dialog@1.1.23 OK for: apex-corp@0.1.0 want: ^1.1.14
53 silly placeDep ROOT @radix-ui/react-navigation-menu@1.2.22 OK for: apex-corp@0.1.0 want: ^1.2.13
54 silly placeDep ROOT @radix-ui/react-separator@1.1.15 OK for: apex-corp@0.1.0 want: ^1.1.7
55 silly placeDep ROOT @radix-ui/react-slot@1.3.3 OK for: apex-corp@0.1.0 want: ^1.2.3
56 silly fetch manifest @radix-ui/react-id@1.1.4
57 silly packumentCache full:https://registry.npmjs.org/@radix-ui%2freact-id cache-miss
58 silly fetch manifest @radix-ui/primitive@1.1.7
59 silly packumentCache full:https://registry.npmjs.org/@radix-ui%2fprimitive cache-miss
60 silly fetch manifest @radix-ui/react-context@1.2.2
61 silly packumentCache full:https://registry.npmjs.org/@radix-ui%2freact-context cache-miss
62 http fetch GET 200 https://registry.npmjs.org/@radix-ui%2freact-id 559ms (cache miss)
63 silly packumentCache full:https://registry.npmjs.org/@radix-ui%2freact-id set size:undefined disposed:false
64 silly fetch manifest @radix-ui/react-direction@1.1.4
65 silly packumentCache full:https://registry.npmjs.org/@radix-ui%2freact-direction cache-miss
66 http fetch GET 200 https://registry.npmjs.org/@radix-ui%2fprimitive 577ms (cache miss)
67 silly packumentCache full:https://registry.npmjs.org/@radix-ui%2fprimitive set size:undefined disposed:false
68 silly fetch manifest @radix-ui/react-primitive@2.1.10
69 silly packumentCache full:https://registry.npmjs.org/@radix-ui%2freact-primitive cache-miss
70 http fetch GET 200 https://registry.npmjs.org/@radix-ui%2freact-direction 934ms (cache miss)
71 silly packumentCache full:https://registry.npmjs.org/@radix-ui%2freact-direction set size:undefined disposed:false
72 silly fetch manifest @radix-ui/react-collection@1.1.15
73 silly packumentCache full:https://registry.npmjs.org/@radix-ui%2freact-collection cache-miss
74 http fetch GET 200 https://registry.npmjs.org/@radix-ui%2freact-primitive 1009ms (cache miss)
75 silly packumentCache full:https://registry.npmjs.org/@radix-ui%2freact-primitive set size:undefined disposed:false
76 silly fetch manifest @radix-ui/react-collapsible@1.1.20
77 silly packumentCache full:https://registry.npmjs.org/@radix-ui%2freact-collapsible cache-miss
78 http fetch GET 200 https://registry.npmjs.org/@radix-ui%2freact-collapsible 773ms (cache miss)
79 silly packumentCache full:https://registry.npmjs.org/@radix-ui%2freact-collapsible set size:undefined disposed:false
80 silly fetch manifest @radix-ui/react-compose-refs@1.1.5
81 silly packumentCache full:https://registry.npmjs.org/@radix-ui%2freact-compose-refs cache-miss
82 http fetch GET 200 https://registry.npmjs.org/@radix-ui%2freact-collection 1063ms (cache miss)
83 silly packumentCache full:https://registry.npmjs.org/@radix-ui%2freact-collection set size:undefined disposed:false
84 silly fetch manifest @radix-ui/react-use-controllable-state@1.2.6
85 silly packumentCache full:https://registry.npmjs.org/@radix-ui%2freact-use-controllable-state cache-miss
86 http fetch GET 200 https://registry.npmjs.org/@radix-ui%2freact-context 2592ms (cache miss)
87 silly packumentCache full:https://registry.npmjs.org/@radix-ui%2freact-context set size:undefined disposed:false
88 silly fetch manifest aria-hidden@^1.2.4
89 silly packumentCache full:https://registry.npmjs.org/aria-hidden cache-miss
90 http fetch GET 200 https://registry.npmjs.org/aria-hidden 844ms (cache miss)
91 silly packumentCache full:https://registry.npmjs.org/aria-hidden set size:undefined disposed:false
92 silly fetch manifest react-remove-scroll@^2.7.2
93 silly packumentCache full:https://registry.npmjs.org/react-remove-scroll cache-miss
94 http fetch GET 200 https://registry.npmjs.org/@radix-ui%2freact-compose-refs 1140ms (cache miss)
95 silly packumentCache full:https://registry.npmjs.org/@radix-ui%2freact-compose-refs set size:undefined disposed:false
96 silly fetch manifest @radix-ui/react-slot@1.3.3
97 silly packumentCache full:https://registry.npmjs.org/@radix-ui%2freact-slot cache-miss
98 http fetch GET 200 https://registry.npmjs.org/@radix-ui%2freact-use-controllable-state 985ms (cache miss)
99 silly packumentCache full:https://registry.npmjs.org/@radix-ui%2freact-use-controllable-state set size:undefined disposed:false
100 silly fetch manifest @radix-ui/react-portal@1.1.17
101 silly packumentCache full:https://registry.npmjs.org/@radix-ui%2freact-portal cache-miss
102 http cache https://registry.npmjs.org/@radix-ui%2freact-slot 82ms (cache hit)
103 silly packumentCache full:https://registry.npmjs.org/@radix-ui%2freact-slot set size:495625 disposed:false
104 silly fetch manifest @radix-ui/react-presence@1.1.10
105 silly packumentCache full:https://registry.npmjs.org/@radix-ui%2freact-presence cache-miss
106 http fetch GET 200 https://registry.npmjs.org/react-remove-scroll 386ms (cache miss)
107 silly packumentCache full:https://registry.npmjs.org/react-remove-scroll set size:undefined disposed:false
108 silly fetch manifest @radix-ui/react-focus-scope@1.1.16
109 silly packumentCache full:https://registry.npmjs.org/@radix-ui%2freact-focus-scope cache-miss
110 http fetch GET 200 https://registry.npmjs.org/@radix-ui%2freact-portal 867ms (cache miss)
111 silly packumentCache full:https://registry.npmjs.org/@radix-ui%2freact-portal set size:undefined disposed:false
112 silly fetch manifest @radix-ui/react-focus-guards@1.1.6
113 silly packumentCache full:https://registry.npmjs.org/@radix-ui%2freact-focus-guards cache-miss
114 http fetch GET 200 https://registry.npmjs.org/@radix-ui%2freact-presence 859ms (cache miss)
115 silly packumentCache full:https://registry.npmjs.org/@radix-ui%2freact-presence set size:undefined disposed:false
116 silly fetch manifest @radix-ui/react-dismissable-layer@1.1.19
117 silly packumentCache full:https://registry.npmjs.org/@radix-ui%2freact-dismissable-layer cache-miss
118 http fetch GET 200 https://registry.npmjs.org/@radix-ui%2freact-focus-guards 1131ms (cache miss)
119 silly packumentCache full:https://registry.npmjs.org/@radix-ui%2freact-focus-guards set size:undefined disposed:false
120 silly fetch manifest @radix-ui/react-use-layout-effect@1.1.4
121 silly packumentCache full:https://registry.npmjs.org/@radix-ui%2freact-use-layout-effect cache-miss
122 http fetch GET 200 https://registry.npmjs.org/@radix-ui%2freact-dismissable-layer 1545ms (cache miss)
123 silly packumentCache full:https://registry.npmjs.org/@radix-ui%2freact-dismissable-layer set size:undefined disposed:false
124 silly fetch manifest @radix-ui/react-use-previous@1.1.4
125 silly packumentCache full:https://registry.npmjs.org/@radix-ui%2freact-use-previous cache-miss
126 http fetch GET 200 https://registry.npmjs.org/@radix-ui%2freact-use-layout-effect 476ms (cache miss)
127 silly packumentCache full:https://registry.npmjs.org/@radix-ui%2freact-use-layout-effect set size:undefined disposed:false
128 silly fetch manifest @radix-ui/react-visually-hidden@1.2.11
129 silly packumentCache full:https://registry.npmjs.org/@radix-ui%2freact-visually-hidden cache-miss
130 http fetch GET 200 https://registry.npmjs.org/@radix-ui%2freact-focus-scope 2501ms (cache miss)
131 silly packumentCache full:https://registry.npmjs.org/@radix-ui%2freact-focus-scope set size:undefined disposed:false
132 silly fetch manifest @radix-ui/react-use-callback-ref@1.1.4
133 silly packumentCache full:https://registry.npmjs.org/@radix-ui%2freact-use-callback-ref cache-miss
134 http fetch GET 200 https://registry.npmjs.org/@radix-ui%2freact-use-previous 473ms (cache miss)
135 silly packumentCache full:https://registry.npmjs.org/@radix-ui%2freact-use-previous set size:undefined disposed:false
136 http fetch GET 200 https://registry.npmjs.org/@radix-ui%2freact-visually-hidden 481ms (cache miss)
137 silly packumentCache full:https://registry.npmjs.org/@radix-ui%2freact-visually-hidden set size:undefined disposed:false
138 http fetch GET 200 https://registry.npmjs.org/@radix-ui%2freact-use-callback-ref 910ms (cache miss)
139 silly packumentCache full:https://registry.npmjs.org/@radix-ui%2freact-use-callback-ref set size:undefined disposed:false
140 silly fetch manifest ajv@^8.12.0
141 silly packumentCache full:https://registry.npmjs.org/ajv cache-miss
142 http fetch GET 200 https://registry.npmjs.org/ajv 606ms (cache miss)
143 silly packumentCache full:https://registry.npmjs.org/ajv set size:undefined disposed:false
144 silly placeDep ROOT ajv@8.20.0 REPLACE for: @hookform/resolvers@5.7.1 want: ^8.12.0
145 silly fetch manifest fast-uri@^3.0.1
146 silly packumentCache full:https://registry.npmjs.org/fast-uri cache-miss
147 silly fetch manifest json-schema-traverse@^1.0.0
148 silly packumentCache full:https://registry.npmjs.org/json-schema-traverse cache-miss
149 silly fetch manifest require-from-string@^2.0.2
150 silly packumentCache full:https://registry.npmjs.org/require-from-string cache-miss
151 http fetch GET 200 https://registry.npmjs.org/fast-uri 435ms (cache miss)
152 silly packumentCache full:https://registry.npmjs.org/fast-uri set size:undefined disposed:false
153 http fetch GET 200 https://registry.npmjs.org/json-schema-traverse 440ms (cache miss)
154 silly packumentCache full:https://registry.npmjs.org/json-schema-traverse set size:undefined disposed:false
155 http fetch GET 200 https://registry.npmjs.org/require-from-string 497ms (cache miss)
156 silly packumentCache full:https://registry.npmjs.org/require-from-string set size:undefined disposed:false
157 silly fetch manifest ajv@^6.14.0
158 silly packumentCache full:https://registry.npmjs.org/ajv cache-miss
159 http cache https://registry.npmjs.org/ajv 53ms (cache hit)
160 silly packumentCache full:https://registry.npmjs.org/ajv set size:1142658 disposed:false
161 silly placeDep node_modules/@eslint/eslintrc ajv@6.15.0 OK for: @eslint/eslintrc@3.3.6 want: ^6.14.0
162 silly fetch manifest uri-js@^4.2.2
163 silly packumentCache full:https://registry.npmjs.org/uri-js cache-miss
164 silly fetch manifest json-schema-traverse@^0.4.1
165 silly packumentCache full:https://registry.npmjs.org/json-schema-traverse cache-miss
166 silly fetch manifest fast-json-stable-stringify@^2.0.0
167 silly packumentCache full:https://registry.npmjs.org/fast-json-stable-stringify cache-miss
168 http cache https://registry.npmjs.org/json-schema-traverse 51ms (cache hit)
169 silly packumentCache full:https://registry.npmjs.org/json-schema-traverse set size:23537 disposed:false
170 http fetch GET 200 https://registry.npmjs.org/fast-json-stable-stringify 243ms (cache miss)
171 silly packumentCache full:https://registry.npmjs.org/fast-json-stable-stringify set size:undefined disposed:false
172 http fetch GET 200 https://registry.npmjs.org/uri-js 277ms (cache miss)
173 silly packumentCache full:https://registry.npmjs.org/uri-js set size:undefined disposed:false
174 silly fetch manifest @types/react@*
175 silly packumentCache full:https://registry.npmjs.org/@types%2freact cache-miss
176 http cache https://registry.npmjs.org/@types%2freact 33ms (cache hit)
177 silly packumentCache full:https://registry.npmjs.org/@types%2freact set size:2637439 disposed:false
178 silly fetch manifest react@^16.8 || ^17.0 || ^18.0 || ^19.0 || ^19.0.0-rc
179 silly packumentCache full:https://registry.npmjs.org/react cache-miss
180 http cache https://registry.npmjs.org/react 141ms (cache hit)
181 silly packumentCache full:https://registry.npmjs.org/react set size:6878486 disposed:false
182 silly fetch manifest @types/react-dom@*
183 silly packumentCache full:https://registry.npmjs.org/@types%2freact-dom cache-miss
184 http cache https://registry.npmjs.org/@types%2freact-dom 111ms (cache hit)
185 silly packumentCache full:https://registry.npmjs.org/@types%2freact-dom set size:432855 disposed:false
186 silly fetch manifest react-dom@^16.8 || ^17.0 || ^18.0 || ^19.0 || ^19.0.0-rc
187 silly packumentCache full:https://registry.npmjs.org/react-dom cache-miss
188 http cache https://registry.npmjs.org/react-dom 149ms (cache hit)
189 silly packumentCache full:https://registry.npmjs.org/react-dom set size:9237069 disposed:false
190 silly placeDep ROOT @radix-ui/primitive@1.1.7 OK for: @radix-ui/react-accordion@1.2.20 want: 1.1.7
191 silly placeDep ROOT @radix-ui/react-collapsible@1.1.20 OK for: @radix-ui/react-accordion@1.2.20 want: 1.1.20
192 silly placeDep ROOT @radix-ui/react-collection@1.1.15 OK for: @radix-ui/react-accordion@1.2.20 want: 1.1.15
193 silly placeDep ROOT @radix-ui/react-compose-refs@1.1.5 OK for: @radix-ui/react-accordion@1.2.20 want: 1.1.5
194 silly placeDep ROOT @radix-ui/react-context@1.2.2 OK for: @radix-ui/react-accordion@1.2.20 want: 1.2.2
195 silly placeDep ROOT @radix-ui/react-direction@1.1.4 OK for: @radix-ui/react-accordion@1.2.20 want: 1.1.4
196 silly placeDep ROOT @radix-ui/react-id@1.1.4 OK for: @radix-ui/react-accordion@1.2.20 want: 1.1.4
197 silly placeDep ROOT @radix-ui/react-primitive@2.1.10 OK for: @radix-ui/react-accordion@1.2.20 want: 2.1.10
198 silly placeDep ROOT @radix-ui/react-use-controllable-state@1.2.6 OK for: @radix-ui/react-accordion@1.2.20 want: 1.2.6
199 silly fetch manifest @radix-ui/react-use-effect-event@0.0.5
200 silly packumentCache full:https://registry.npmjs.org/@radix-ui%2freact-use-effect-event cache-miss
201 http fetch GET 200 https://registry.npmjs.org/@radix-ui%2freact-use-effect-event 363ms (cache miss)
202 silly packumentCache full:https://registry.npmjs.org/@radix-ui%2freact-use-effect-event set size:undefined disposed:false
203 silly placeDep ROOT @radix-ui/react-presence@1.1.10 OK for: @radix-ui/react-collapsible@1.1.20 want: 1.1.10
204 silly placeDep ROOT @radix-ui/react-use-layout-effect@1.1.4 OK for: @radix-ui/react-collapsible@1.1.20 want: 1.1.4
205 silly placeDep ROOT @radix-ui/react-dismissable-layer@1.1.19 OK for: @radix-ui/react-dialog@1.1.23 want: 1.1.19
206 silly placeDep ROOT @radix-ui/react-focus-guards@1.1.6 OK for: @radix-ui/react-dialog@1.1.23 want: 1.1.6
207 silly placeDep ROOT @radix-ui/react-focus-scope@1.1.16 OK for: @radix-ui/react-dialog@1.1.23 want: 1.1.16
208 silly placeDep ROOT @radix-ui/react-portal@1.1.17 OK for: @radix-ui/react-dialog@1.1.23 want: 1.1.17
209 silly placeDep ROOT aria-hidden@1.2.6 OK for: @radix-ui/react-dialog@1.1.23 want: ^1.2.4
210 silly placeDep ROOT react-remove-scroll@2.7.2 OK for: @radix-ui/react-dialog@1.1.23 want: ^2.7.2
211 silly fetch manifest react-remove-scroll-bar@^2.3.7
212 silly packumentCache full:https://registry.npmjs.org/react-remove-scroll-bar cache-miss
213 silly fetch manifest react-style-singleton@^2.2.3
214 silly packumentCache full:https://registry.npmjs.org/react-style-singleton cache-miss
215 silly fetch manifest use-callback-ref@^1.3.3
216 silly packumentCache full:https://registry.npmjs.org/use-callback-ref cache-miss
217 http fetch GET 200 https://registry.npmjs.org/react-remove-scroll-bar 399ms (cache miss)
218 silly packumentCache full:https://registry.npmjs.org/react-remove-scroll-bar set size:undefined disposed:false
219 silly fetch manifest use-sidecar@^1.1.3
220 silly packumentCache full:https://registry.npmjs.org/use-sidecar cache-miss
221 http fetch GET 200 https://registry.npmjs.org/use-callback-ref 402ms (cache miss)
222 silly packumentCache full:https://registry.npmjs.org/use-callback-ref set size:undefined disposed:false
223 http fetch GET 200 https://registry.npmjs.org/react-style-singleton 407ms (cache miss)
224 silly packumentCache full:https://registry.npmjs.org/react-style-singleton set size:undefined disposed:false
225 http fetch GET 200 https://registry.npmjs.org/use-sidecar 318ms (cache miss)
226 silly packumentCache full:https://registry.npmjs.org/use-sidecar set size:undefined disposed:false
227 silly placeDep ROOT @radix-ui/react-use-callback-ref@1.1.4 OK for: @radix-ui/react-dismissable-layer@1.1.19 want: 1.1.4
228 silly placeDep ROOT @radix-ui/react-use-effect-event@0.0.5 OK for: @radix-ui/react-dismissable-layer@1.1.19 want: 0.0.5
229 silly placeDep ROOT @radix-ui/react-use-previous@1.1.4 OK for: @radix-ui/react-navigation-menu@1.2.22 want: 1.1.4
230 silly placeDep ROOT @radix-ui/react-visually-hidden@1.2.11 OK for: @radix-ui/react-navigation-menu@1.2.22 want: 1.2.11
231 silly placeDep ROOT fast-uri@3.1.5 OK for: ajv@8.20.0 want: ^3.0.1
232 silly placeDep ROOT json-schema-traverse@1.0.0 OK for: ajv@8.20.0 want: ^1.0.0
233 silly placeDep ROOT require-from-string@2.0.2 OK for: ajv@8.20.0 want: ^2.0.2
234 silly placeDep node_modules/eslint ajv@6.15.0 OK for: eslint@9.39.5 want: ^6.14.0
235 silly fetch manifest react@^16.8.0 || ^17.0.0 || ^18.0.0 || ^19.0.0 || ^19.0.0-rc
236 silly packumentCache full:https://registry.npmjs.org/react cache-miss
237 http cache https://registry.npmjs.org/react 62ms (cache hit)
238 silly packumentCache full:https://registry.npmjs.org/react set size:6878486 disposed:false
239 silly placeDep ROOT react-remove-scroll-bar@2.3.8 OK for: react-remove-scroll@2.7.2 want: ^2.3.7
240 silly placeDep ROOT react-style-singleton@2.2.3 OK for: react-remove-scroll@2.7.2 want: ^2.2.3
241 silly placeDep ROOT use-callback-ref@1.3.3 OK for: react-remove-scroll@2.7.2 want: ^1.3.3
242 silly placeDep ROOT use-sidecar@1.1.3 OK for: react-remove-scroll@2.7.2 want: ^1.1.3
243 silly fetch manifest react-style-singleton@^2.2.2
244 silly packumentCache full:https://registry.npmjs.org/react-style-singleton cache-miss
245 silly fetch manifest get-nonce@^1.0.0
246 silly packumentCache full:https://registry.npmjs.org/get-nonce cache-miss
247 silly fetch manifest detect-node-es@^1.1.0
248 silly packumentCache full:https://registry.npmjs.org/detect-node-es cache-miss
249 http cache https://registry.npmjs.org/react-style-singleton 38ms (cache hit)
250 silly packumentCache full:https://registry.npmjs.org/react-style-singleton set size:33682 disposed:false
251 http fetch GET 200 https://registry.npmjs.org/detect-node-es 552ms (cache miss)
252 silly packumentCache full:https://registry.npmjs.org/detect-node-es set size:undefined disposed:false
253 http fetch GET 200 https://registry.npmjs.org/get-nonce 575ms (cache miss)
254 silly packumentCache full:https://registry.npmjs.org/get-nonce set size:undefined disposed:false
255 silly placeDep ROOT get-nonce@1.0.1 OK for: react-style-singleton@2.2.3 want: ^1.0.0
256 silly placeDep ROOT detect-node-es@1.1.0 OK for: use-sidecar@1.1.3 want: ^1.1.0
257 silly placeDep ROOT fast-json-stable-stringify@2.1.0 OK for: ajv@6.15.0 want: ^2.0.0
258 silly placeDep node_modules/@eslint/eslintrc json-schema-traverse@0.4.1 OK for: ajv@6.15.0 want: ^0.4.1
259 silly placeDep ROOT uri-js@4.4.1 OK for: ajv@6.15.0 want: ^4.2.2
260 silly fetch manifest punycode@^2.1.0
261 silly packumentCache full:https://registry.npmjs.org/punycode cache-miss
262 http fetch GET 200 https://registry.npmjs.org/punycode 553ms (cache miss)
263 silly packumentCache full:https://registry.npmjs.org/punycode set size:undefined disposed:false
264 silly placeDep ROOT punycode@2.3.1 OK for: uri-js@4.4.1 want: ^2.1.0
265 silly placeDep node_modules/eslint json-schema-traverse@0.4.1 OK for: ajv@6.15.0 want: ^0.4.1
266 silly reify moves {}
267 verbose reify failed optional dependency C:\Users\Tega\Desktop\Apex\node_modules\@tailwindcss\oxide-wasm32-wasi
268 silly reify mark deleted [
268 silly reify   'C:\\Users\\Tega\\Desktop\\Apex\\node_modules\\@tailwindcss\\oxide-wasm32-wasi'
268 silly reify ]
269 silly audit bulk request {
269 silly audit   '@alloc/quick-lru': [ '5.2.0' ],
269 silly audit   '@babel/code-frame': [ '7.29.7' ],
269 silly audit   '@babel/compat-data': [ '7.29.7' ],
269 silly audit   '@babel/core': [ '7.29.7' ],
269 silly audit   '@babel/generator': [ '7.29.8' ],
269 silly audit   '@babel/helper-compilation-targets': [ '7.29.7' ],
269 silly audit   '@babel/helper-globals': [ '7.29.7' ],
269 silly audit   '@babel/helper-module-imports': [ '7.29.7' ],
269 silly audit   '@babel/helper-module-transforms': [ '7.29.7' ],
269 silly audit   '@babel/helper-string-parser': [ '7.29.7' ],
269 silly audit   '@babel/helper-validator-identifier': [ '7.29.7' ],
269 silly audit   '@babel/helper-validator-option': [ '7.29.7' ],
269 silly audit   '@babel/helpers': [ '7.29.7' ],
269 silly audit   '@babel/parser': [ '7.29.8' ],
269 silly audit   '@babel/template': [ '7.29.7' ],
269 silly audit   '@babel/traverse': [ '7.29.8' ],
269 silly audit   '@babel/types': [ '7.29.8' ],
269 silly audit   '@emnapi/core': [ '1.10.0' ],
269 silly audit   '@emnapi/runtime': [ '1.11.3', '1.10.0' ],
269 silly audit   '@emnapi/wasi-threads': [ '1.2.1' ],
269 silly audit   '@eslint-community/eslint-utils': [ '4.10.1', '4.9.1' ],
269 silly audit   'eslint-visitor-keys': [ '3.4.3', '5.0.1', '4.2.1' ],
269 silly audit   '@eslint-community/regexpp': [ '4.12.2' ],
269 silly audit   '@eslint/config-array': [ '0.21.2' ],
269 silly audit   '@eslint/config-helpers': [ '0.4.2' ],
269 silly audit   '@eslint/core': [ '0.17.0' ],
269 silly audit   '@eslint/eslintrc': [ '3.3.6' ],
269 silly audit   '@eslint/js': [ '9.39.5' ],
269 silly audit   '@eslint/object-schema': [ '2.1.7' ],
269 silly audit   '@eslint/plugin-kit': [ '0.4.1' ],
269 silly audit   '@hookform/resolvers': [ '5.7.1' ],
269 silly audit   '@humanfs/core': [ '0.19.2' ],
269 silly audit   '@humanfs/node': [ '0.16.8' ],
269 silly audit   '@humanfs/types': [ '0.15.0' ],
269 silly audit   '@humanwhocodes/module-importer': [ '1.0.1' ],
269 silly audit   '@humanwhocodes/retry': [ '0.4.3' ],
269 silly audit   '@img/colour': [ '1.1.0' ],
269 silly audit   '@img/sharp-darwin-arm64': [ '0.35.3' ],
269 silly audit   '@img/sharp-darwin-x64': [ '0.35.3' ],
269 silly audit   '@img/sharp-freebsd-wasm32': [ '0.35.3' ],
269 silly audit   '@img/sharp-libvips-darwin-arm64': [ '1.3.2' ],
269 silly audit   '@img/sharp-libvips-darwin-x64': [ '1.3.2' ],
269 silly audit   '@img/sharp-libvips-linux-arm': [ '1.3.2' ],
269 silly audit   '@img/sharp-libvips-linux-arm64': [ '1.3.2' ],
269 silly audit   '@img/sharp-libvips-linux-ppc64': [ '1.3.2' ],
269 silly audit   '@img/sharp-libvips-linux-riscv64': [ '1.3.2' ],
269 silly audit   '@img/sharp-libvips-linux-s390x': [ '1.3.2' ],
269 silly audit   '@img/sharp-libvips-linux-x64': [ '1.3.2' ],
269 silly audit   '@img/sharp-libvips-linuxmusl-arm64': [ '1.3.2' ],
269 silly audit   '@img/sharp-libvips-linuxmusl-x64': [ '1.3.2' ],
269 silly audit   '@img/sharp-linux-arm': [ '0.35.3' ],
269 silly audit   '@img/sharp-linux-arm64': [ '0.35.3' ],
269 silly audit   '@img/sharp-linux-ppc64': [ '0.35.3' ],
269 silly audit   '@img/sharp-linux-riscv64': [ '0.35.3' ],
269 silly audit   '@img/sharp-linux-s390x': [ '0.35.3' ],
269 silly audit   '@img/sharp-linux-x64': [ '0.35.3' ],
269 silly audit   '@img/sharp-linuxmusl-arm64': [ '0.35.3' ],
269 silly audit   '@img/sharp-linuxmusl-x64': [ '0.35.3' ],
269 silly audit   '@img/sharp-wasm32': [ '0.35.3' ],
269 silly audit   '@img/sharp-webcontainers-wasm32': [ '0.35.3' ],
269 silly audit   '@img/sharp-win32-arm64': [ '0.35.3' ],
269 silly audit   '@img/sharp-win32-ia32': [ '0.35.3' ],
269 silly audit   '@img/sharp-win32-x64': [ '0.35.3' ],
269 silly audit   '@jridgewell/gen-mapping': [ '0.3.13' ],
269 silly audit   '@jridgewell/remapping': [ '2.3.5' ],
269 silly audit   '@jridgewell/resolve-uri': [ '3.1.2' ],
269 silly audit   '@jridgewell/sourcemap-codec': [ '1.5.5' ],
269 silly audit   '@jridgewell/trace-mapping': [ '0.3.31' ],
269 silly audit   '@napi-rs/wasm-runtime': [ '1.2.2' ],
269 silly audit   '@next/env': [ '16.3.0' ],
269 silly audit   '@next/eslint-plugin-next': [ '16.3.0' ],
269 silly audit   '@next/swc-darwin-arm64': [ '16.3.0' ],
269 silly audit   '@next/swc-darwin-x64': [ '16.3.0' ],
269 silly audit   '@next/swc-linux-arm64-gnu': [ '16.3.0' ],
269 silly audit   '@next/swc-linux-arm64-musl': [ '16.3.0' ],
269 silly audit   '@next/swc-linux-x64-gnu': [ '16.3.0' ],
269 silly audit   '@next/swc-linux-x64-musl': [ '16.3.0' ],
269 silly audit   '@next/swc-win32-arm64-msvc': [ '16.3.0' ],
269 silly audit   '@next/swc-win32-x64-msvc': [ '16.3.0' ],
269 silly audit   '@nodelib/fs.scandir': [ '2.1.5' ],
269 silly audit   '@nodelib/fs.stat': [ '2.0.5' ],
269 silly audit   '@nodelib/fs.walk': [ '1.2.8' ],
269 silly audit   '@nolyfill/is-core-module': [ '1.0.39' ],
269 silly audit   '@rtsao/scc': [ '1.1.0' ],
269 silly audit   '@standard-schema/utils': [ '0.3.0' ],
269 silly audit   '@swc/helpers': [ '0.5.15' ],
269 silly audit   '@tailwindcss/node': [ '4.3.3' ],
269 silly audit   '@tailwindcss/oxide': [ '4.3.3' ],
269 silly audit   '@tailwindcss/oxide-android-arm64': [ '4.3.3' ],
269 silly audit   '@tailwindcss/oxide-darwin-arm64': [ '4.3.3' ],
269 silly audit   '@tailwindcss/oxide-darwin-x64': [ '4.3.3' ],
269 silly audit   '@tailwindcss/oxide-freebsd-x64': [ '4.3.3' ],
269 silly audit   '@tailwindcss/oxide-linux-arm-gnueabihf': [ '4.3.3' ],
269 silly audit   '@tailwindcss/oxide-linux-arm64-gnu': [ '4.3.3' ],
269 silly audit   '@tailwindcss/oxide-linux-arm64-musl': [ '4.3.3' ],
269 silly audit   '@tailwindcss/oxide-linux-x64-gnu': [ '4.3.3' ],
269 silly audit   '@tailwindcss/oxide-linux-x64-musl': [ '4.3.3' ],
269 silly audit   '@tailwindcss/oxide-win32-arm64-msvc': [ '4.3.3' ],
269 silly audit   '@tailwindcss/oxide-win32-x64-msvc': [ '4.3.3' ],
269 silly audit   '@tailwindcss/postcss': [ '4.3.3' ],
269 silly audit   '@tybys/wasm-util': [ '0.10.3' ],
269 silly audit   '@types/estree': [ '1.0.9' ],
269 silly audit   '@types/json-schema': [ '7.0.15' ],
269 silly audit   '@types/json5': [ '0.0.29' ],
269 silly audit   '@types/node': [ '20.19.43' ],
269 silly audit   '@types/react': [ '19.2.18' ],
269 silly audit   '@types/react-dom': [ '19.2.4' ],
269 silly audit   '@typescript-eslint/eslint-plugin': [ '8.66.0' ],
269 silly audit   ignore: [ '7.0.6', '5.3.2' ],
269 silly audit   '@typescript-eslint/parser': [ '8.66.0' ],
269 silly audit   '@typescript-eslint/project-service': [ '8.66.0' ],
269 silly audit   '@typescript-eslint/scope-manager': [ '8.66.0' ],
269 silly audit   '@typescript-eslint/tsconfig-utils': [ '8.66.0' ],
269 silly audit   '@typescript-eslint/type-utils': [ '8.66.0' ],
269 silly audit   '@typescript-eslint/types': [ '8.66.0' ],
269 silly audit   '@typescript-eslint/typescript-estree': [ '8.66.0' ],
269 silly audit   'balanced-match': [ '4.0.4', '1.0.2' ],
269 silly audit   'brace-expansion': [ '5.0.9', '1.1.18' ],
269 silly audit   minimatch: [ '10.2.6', '3.1.5' ],
269 silly audit   semver: [ '7.8.5', '6.3.1' ],
269 silly audit   '@typescript-eslint/utils': [ '8.66.0' ],
269 silly audit   '@typescript-eslint/visitor-keys': [ '8.66.0' ],
269 silly audit   '@unrs/resolver-binding-android-arm-eabi': [ '1.12.2' ],
269 silly audit   '@unrs/resolver-binding-android-arm64': [ '1.12.2' ],
269 silly audit   '@unrs/resolver-binding-darwin-arm64': [ '1.12.2' ],
269 silly audit   '@unrs/resolver-binding-darwin-x64': [ '1.12.2' ],
269 silly audit   '@unrs/resolver-binding-freebsd-x64': [ '1.12.2' ],
269 silly audit   '@unrs/resolver-binding-linux-arm-gnueabihf': [ '1.12.2' ],
269 silly audit   '@unrs/resolver-binding-linux-arm-musleabihf': [ '1.12.2' ],
269 silly audit   '@unrs/resolver-binding-linux-arm64-gnu': [ '1.12.2' ],
269 silly audit   '@unrs/resolver-binding-linux-arm64-musl': [ '1.12.2' ],
269 silly audit   '@unrs/resolver-binding-linux-loong64-gnu': [ '1.12.2' ],
269 silly audit   '@unrs/resolver-binding-linux-loong64-musl': [ '1.12.2' ],
269 silly audit   '@unrs/resolver-binding-linux-ppc64-gnu': [ '1.12.2' ],
269 silly audit   '@unrs/resolver-binding-linux-riscv64-gnu': [ '1.12.2' ],
269 silly audit   '@unrs/resolver-binding-linux-riscv64-musl': [ '1.12.2' ],
269 silly audit   '@unrs/resolver-binding-linux-s390x-gnu': [ '1.12.2' ],
269 silly audit   '@unrs/resolver-binding-linux-x64-gnu': [ '1.12.2' ],
269 silly audit   '@unrs/resolver-binding-linux-x64-musl': [ '1.12.2' ],
269 silly audit   '@unrs/resolver-binding-openharmony-arm64': [ '1.12.2' ],
269 silly audit   '@unrs/resolver-binding-wasm32-wasi': [ '1.12.2' ],
269 silly audit   '@unrs/resolver-binding-win32-arm64-msvc': [ '1.12.2' ],
269 silly audit   '@unrs/resolver-binding-win32-ia32-msvc': [ '1.12.2' ],
269 silly audit   '@unrs/resolver-binding-win32-x64-msvc': [ '1.12.2' ],
269 silly audit   acorn: [ '8.18.0' ],
269 silly audit   'acorn-jsx': [ '5.3.2' ],
269 silly audit   'ansi-styles': [ '4.3.0' ],
269 silly audit   argparse: [ '2.0.1' ],
269 silly audit   'aria-query': [ '5.3.2' ],
269 silly audit   'array-buffer-byte-length': [ '1.0.2' ],
269 silly audit   'array-includes': [ '3.1.9' ],
269 silly audit   'array.prototype.findlast': [ '1.2.5' ],
269 silly audit   'array.prototype.findlastindex': [ '1.2.6' ],
269 silly audit   'array.prototype.flat': [ '1.3.3' ],
269 silly audit   'array.prototype.flatmap': [ '1.3.3' ],
269 silly audit   'array.prototype.tosorted': [ '1.1.4' ],
269 silly audit   'arraybuffer.prototype.slice': [ '1.0.4' ],
269 silly audit   'ast-types-flow': [ '0.0.8' ],
269 silly audit   'async-function': [ '1.0.0' ],
269 silly audit   'available-typed-arrays': [ '1.0.7' ],
269 silly audit   'axe-core': [ '4.13.0' ],
269 silly audit   'axobject-query': [ '4.1.0' ],
269 silly audit   'baseline-browser-mapping': [ '2.11.13' ],
269 silly audit   braces: [ '3.0.3' ],
269 silly audit   browserslist: [ '4.28.8' ],
269 silly audit   'call-bind': [ '1.0.9' ],
269 silly audit   'call-bind-apply-helpers': [ '1.0.2' ],
269 silly audit   'call-bound': [ '1.0.4' ],
269 silly audit   callsites: [ '3.1.0' ],
269 silly audit   'caniuse-lite': [ '1.0.30001809' ],
269 silly audit   chalk: [ '4.1.2' ],
269 silly audit   'class-variance-authority': [ '0.7.1' ],
269 silly audit   'client-only': [ '0.0.1' ],
269 silly audit   clsx: [ '2.1.1' ],
269 silly audit   'color-convert': [ '2.0.1' ],
269 silly audit   'color-name': [ '1.1.4' ],
269 silly audit   'concat-map': [ '0.0.1' ],
269 silly audit   'convert-source-map': [ '2.0.0' ],
269 silly audit   'cross-spawn': [ '7.0.6' ],
269 silly audit   csstype: [ '3.2.3' ],
269 silly audit   'damerau-levenshtein': [ '1.0.8' ],
269 silly audit   'data-view-buffer': [ '1.0.2' ],
269 silly audit   'data-view-byte-length': [ '1.0.2' ],
269 silly audit   'data-view-byte-offset': [ '1.0.1' ],
269 silly audit   debug: [ '4.4.3', '3.2.7' ],
269 silly audit   'deep-is': [ '0.1.4' ],
269 silly audit   'define-data-property': [ '1.1.4' ],
269 silly audit   'define-properties': [ '1.2.1' ],
269 silly audit   'detect-libc': [ '2.1.2' ],
269 silly audit   doctrine: [ '2.1.0' ],
269 silly audit   'dunder-proto': [ '1.0.1' ],
269 silly audit   'electron-to-chromium': [ '1.5.403' ],
269 silly audit   'emoji-regex': [ '9.2.2' ],
269 silly audit   'enhanced-resolve': [ '5.24.5' ],
269 silly audit   'es-abstract': [ '1.24.2' ],
269 silly audit   'es-abstract-get': [ '1.0.0' ],
269 silly audit   'es-define-property': [ '1.0.1' ],
269 silly audit   'es-errors': [ '1.3.0' ],
269 silly audit   'es-iterator-helpers': [ '1.4.0' ],
269 silly audit   'es-object-atoms': [ '1.1.2' ],
269 silly audit   'es-set-tostringtag': [ '2.1.0' ],
269 silly audit   'es-shim-unscopables': [ '1.1.0' ],
269 silly audit   'es-to-primitive': [ '1.3.4' ],
269 silly audit   escalade: [ '3.2.0' ],
269 silly audit   'escape-string-regexp': [ '4.0.0' ],
269 silly audit   eslint: [ '9.39.5' ],
269 silly audit   'eslint-config-next': [ '16.3.0' ],
269 silly audit   globals: [ '16.4.0', '14.0.0' ],
269 silly audit   'eslint-import-resolver-node': [ '0.3.10' ],
269 silly audit   'eslint-import-resolver-typescript': [ '3.10.1' ],
269 silly audit   'eslint-module-utils': [ '2.14.0' ],
269 silly audit   'eslint-plugin-import': [ '2.32.0' ],
269 silly audit   'eslint-plugin-jsx-a11y': [ '6.10.2' ],
269 silly audit   'eslint-plugin-react': [ '7.37.5' ],
269 silly audit   'eslint-plugin-react-hooks': [ '7.1.1' ],
269 silly audit   'eslint-scope': [ '8.4.0' ],
269 silly audit   espree: [ '10.4.0' ],
269 silly audit   esquery: [ '1.7.0' ],
269 silly audit   esrecurse: [ '4.3.0' ],
269 silly audit   estraverse: [ '5.3.0' ],
269 silly audit   esutils: [ '2.0.3' ],
269 silly audit   'fast-deep-equal': [ '3.1.3' ],
269 silly audit   'fast-glob': [ '3.3.1' ],
269 silly audit   'glob-parent': [ '5.1.2', '6.0.2' ],
269 silly audit   'fast-levenshtein': [ '2.0.6' ],
269 silly audit   fastq: [ '1.20.1' ],
269 silly audit   'file-entry-cache': [ '8.0.0' ],
269 silly audit   'fill-range': [ '7.1.1' ],
269 silly audit   'find-up': [ '5.0.0' ],
269 silly audit   'flat-cache': [ '4.0.1' ],
269 silly audit   flatted: [ '3.4.4' ],
269 silly audit   'for-each': [ '0.3.5' ],
269 silly audit   'framer-motion': [ '13.1.0' ],
269 silly audit   'function-bind': [ '1.1.2' ],
269 silly audit   'function.prototype.name': [ '1.2.0' ],
269 silly audit   'functions-have-names': [ '1.2.3' ],
269 silly audit   'generator-function': [ '2.0.1' ],
269 silly audit   gensync: [ '1.0.0-beta.2' ],
269 silly audit   'get-intrinsic': [ '1.3.0' ],
269 silly audit   'get-proto': [ '1.0.1' ],
269 silly audit   'get-symbol-description': [ '1.1.0' ],
269 silly audit   'get-tsconfig': [ '4.14.1' ],
269 silly audit   globalthis: [ '1.0.4' ],
269 silly audit   gopd: [ '1.2.0' ],
269 silly audit   'graceful-fs': [ '4.2.11' ],
269 silly audit   'has-bigints': [ '1.1.0' ],
269 silly audit   'has-flag': [ '4.0.0' ],
269 silly audit   'has-property-descriptors': [ '1.0.2' ],
269 silly audit   'has-proto': [ '1.2.0' ],
269 silly audit   'has-symbols': [ '1.1.0' ],
269 silly audit   'has-tostringtag': [ '1.0.2' ],
269 silly audit   hasown: [ '2.0.4' ],
269 silly audit   'hermes-estree': [ '0.25.1' ],
269 silly audit   'hermes-parser': [ '0.25.1' ],
269 silly audit   'import-fresh': [ '3.3.1' ],
269 silly audit   imurmurhash: [ '0.1.4' ],
269 silly audit   'internal-slot': [ '1.1.0' ],
269 silly audit   'is-array-buffer': [ '3.0.5' ],
269 silly audit   'is-async-function': [ '2.1.1' ],
269 silly audit   'is-bigint': [ '1.1.0' ],
269 silly audit   'is-boolean-object': [ '1.2.2' ],
269 silly audit   'is-bun-module': [ '2.0.0' ],
269 silly audit   'is-callable': [ '1.2.7' ],
269 silly audit   'is-core-module': [ '2.16.2' ],
269 silly audit   'is-data-view': [ '1.0.2' ],
269 silly audit   'is-date-object': [ '1.1.0' ],
269 silly audit   'is-document.all': [ '1.0.0' ],
269 silly audit   'is-extglob': [ '2.1.1' ],
269 silly audit   'is-finalizationregistry': [ '1.1.1' ],
269 silly audit   'is-generator-function': [ '1.1.2' ],
269 silly audit   'is-glob': [ '4.0.3' ],
269 silly audit   'is-map': [ '2.0.3' ],
269 silly audit   'is-negative-zero': [ '2.0.3' ],
269 silly audit   'is-number': [ '7.0.0' ],
269 silly audit   'is-number-object': [ '1.1.1' ],
269 silly audit   'is-regex': [ '1.2.1' ],
269 silly audit   'is-set': [ '2.0.3' ],
269 silly audit   'is-shared-array-buffer': [ '1.0.4' ],
269 silly audit   'is-string': [ '1.1.1' ],
269 silly audit   'is-symbol': [ '1.1.1' ],
269 silly audit   'is-typed-array': [ '1.1.15' ],
269 silly audit   'is-weakmap': [ '2.0.2' ],
269 silly audit   'is-weakref': [ '1.1.1' ],
269 silly audit   'is-weakset': [ '2.0.4' ],
269 silly audit   isarray: [ '2.0.5' ],
269 silly audit   isexe: [ '2.0.0' ],
269 silly audit   'iterator.prototype': [ '1.1.5' ],
269 silly audit   jiti: [ '2.7.0' ],
269 silly audit   'js-tokens': [ '4.0.0' ],
269 silly audit   'js-yaml': [ '4.3.1' ],
269 silly audit   jsesc: [ '3.1.0' ],
269 silly audit   'json-buffer': [ '3.0.1' ],
269 silly audit   'json-stable-stringify-without-jsonify': [ '1.0.1' ],
269 silly audit   json5: [ '2.2.3', '1.0.2' ],
269 silly audit   'jsx-ast-utils': [ '3.3.5' ],
269 silly audit   keyv: [ '4.5.4' ],
269 silly audit   'language-subtag-registry': [ '0.3.23' ],
269 silly audit   'language-tags': [ '1.0.9' ],
269 silly audit   levn: [ '0.4.1' ],
269 silly audit   lightningcss: [ '1.32.0' ],
269 silly audit   'lightningcss-android-arm64': [ '1.32.0' ],
269 silly audit   'lightningcss-darwin-arm64': [ '1.32.0' ],
269 silly audit   'lightningcss-darwin-x64': [ '1.32.0' ],
269 silly audit   'lightningcss-freebsd-x64': [ '1.32.0' ],
269 silly audit   'lightningcss-linux-arm-gnueabihf': [ '1.32.0' ],
269 silly audit   'lightningcss-linux-arm64-gnu': [ '1.32.0' ],
269 silly audit   'lightningcss-linux-arm64-musl': [ '1.32.0' ],
269 silly audit   'lightningcss-linux-x64-gnu': [ '1.32.0' ],
269 silly audit   'lightningcss-linux-x64-musl': [ '1.32.0' ],
269 silly audit   'lightningcss-win32-arm64-msvc': [ '1.32.0' ],
269 silly audit   'lightningcss-win32-x64-msvc': [ '1.32.0' ],
269 silly audit   'locate-path': [ '6.0.0' ],
269 silly audit   'lodash.merge': [ '4.6.2' ],
269 silly audit   'loose-envify': [ '1.4.0' ],
269 silly audit   'lru-cache': [ '5.1.1' ],
269 silly audit   'lucide-react': [ '1.31.0' ],
269 silly audit   'magic-string': [ '0.30.21' ],
269 silly audit   'math-intrinsics': [ '1.1.0' ],
269 silly audit   merge2: [ '1.4.1' ],
269 silly audit   micromatch: [ '4.0.8' ],
269 silly audit   minimist: [ '1.2.8' ],
269 silly audit   'motion-dom': [ '13.0.0' ],
269 silly audit   'motion-utils': [ '13.0.0' ],
269 silly audit   ms: [ '2.1.3' ],
269 silly audit   nanoid: [ '3.3.18' ],
269 silly audit   'napi-postinstall': [ '0.3.4' ],
269 silly audit   'natural-compare': [ '1.4.0' ],
269 silly audit   next: [ '16.3.0' ],
269 silly audit   postcss: [ '8.5.23', '8.5.26' ],
269 silly audit   'node-exports-info': [ '1.6.2' ],
269 silly audit   'node-releases': [ '2.0.53' ],
269 silly audit   'object-assign': [ '4.1.1' ],
269 silly audit   'object-inspect': [ '1.13.4' ],
269 silly audit   'object-keys': [ '1.1.1' ],
269 silly audit   'object.assign': [ '4.1.7' ],
269 silly audit   'object.entries': [ '1.1.9' ],
269 silly audit   'object.fromentries': [ '2.0.8' ],
269 silly audit   'object.groupby': [ '1.0.3' ],
269 silly audit   'object.values': [ '1.2.1' ],
269 silly audit   optionator: [ '0.9.4' ],
269 silly audit   'own-keys': [ '1.0.2' ],
269 silly audit   'p-limit': [ '3.1.0' ],
269 silly audit   'p-locate': [ '5.0.0' ],
269 silly audit   'parent-module': [ '1.0.1' ],
269 silly audit   'path-exists': [ '4.0.0' ],
269 silly audit   'path-key': [ '3.1.1' ],
269 silly audit   'path-parse': [ '1.0.7' ],
269 silly audit   picocolors: [ '1.1.1' ],
269 silly audit   picomatch: [ '2.3.2', '4.0.5' ],
269 silly audit   'possible-typed-array-names': [ '1.1.0' ],
269 silly audit   'prelude-ls': [ '1.2.1' ],
269 silly audit   'prop-types': [ '15.8.1' ],
269 silly audit   'queue-microtask': [ '1.2.3' ],
269 silly audit   react: [ '19.2.8' ],
269 silly audit   'react-dom': [ '19.2.8' ],
269 silly audit   'react-hook-form': [ '7.85.0' ],
269 silly audit   'react-is': [ '16.13.1' ],
269 silly audit   'reflect.getprototypeof': [ '1.0.10' ],
269 silly audit   'regexp.prototype.flags': [ '1.5.4' ],
269 silly audit   resolve: [ '2.0.0-next.7' ],
269 silly audit   'resolve-from': [ '4.0.0' ],
269 silly audit   'resolve-pkg-maps': [ '1.0.0' ],
269 silly audit   reusify: [ '1.1.0' ],
269 silly audit   'run-parallel': [ '1.2.0' ],
269 silly audit   'safe-array-concat': [ '1.1.4' ],
269 silly audit   'safe-push-apply': [ '1.0.0' ],
269 silly audit   'safe-regex-test': [ '1.1.0' ],
269 silly audit   scheduler: [ '0.27.0' ],
269 silly audit   'set-function-length': [ '1.2.2' ],
269 silly audit   'set-function-name': [ '2.0.2' ],
269 silly audit   'set-proto': [ '1.0.0' ],
269 silly audit   sharp: [ '0.35.3' ],
269 silly audit   'shebang-command': [ '2.0.0' ],
269 silly audit   'shebang-regex': [ '3.0.0' ],
269 silly audit   'side-channel': [ '1.1.1' ],
269 silly audit   'side-channel-list': [ '1.0.1' ],
269 silly audit   'side-channel-map': [ '1.0.1' ],
269 silly audit   'side-channel-weakmap': [ '1.0.2' ],
269 silly audit   'source-map-js': [ '1.2.1' ],
269 silly audit   'stable-hash': [ '0.0.5' ],
269 silly audit   'stop-iteration-iterator': [ '1.1.0' ],
269 silly audit   'string.prototype.includes': [ '2.0.1' ],
269 silly audit   'string.prototype.matchall': [ '4.0.12' ],
269 silly audit   'string.prototype.repeat': [ '1.0.0' ],
269 silly audit   'string.prototype.trim': [ '1.2.11' ],
269 silly audit   'string.prototype.trimend': [ '1.0.10' ],
269 silly audit   'string.prototype.trimstart': [ '1.0.8' ],
269 silly audit   'strip-bom': [ '3.0.0' ],
269 silly audit   'strip-json-comments': [ '3.1.1' ],
269 silly audit   'styled-jsx': [ '5.1.6' ],
269 silly audit   'supports-color': [ '7.2.0' ],
269 silly audit   'supports-preserve-symlinks-flag': [ '1.0.0' ],
269 silly audit   'tailwind-merge': [ '3.6.0' ],
269 silly audit   tailwindcss: [ '4.3.3' ],
269 silly audit   tapable: [ '2.3.3' ],
269 silly audit   tinyglobby: [ '0.2.17' ],
269 silly audit   fdir: [ '6.5.0' ],
269 silly audit   'to-regex-range': [ '5.0.1' ],
269 silly audit   'ts-api-utils': [ '2.5.0' ],
269 silly audit   'tsconfig-paths': [ '3.15.0' ],
269 silly audit   tslib: [ '2.8.1' ],
269 silly audit   'type-check': [ '0.4.0' ],
269 silly audit   'typed-array-buffer': [ '1.0.3' ],
269 silly audit   'typed-array-byte-length': [ '1.0.3' ],
269 silly audit   'typed-array-byte-offset': [ '1.0.4' ],
269 silly audit   'typed-array-length': [ '1.0.8' ],
269 silly audit   typescript: [ '5.9.3' ],
269 silly audit   'typescript-eslint': [ '8.66.0' ],
269 silly audit   'unbox-primitive': [ '1.1.0' ],
269 silly audit   'undici-types': [ '6.21.0' ],
269 silly audit   'unrs-resolver': [ '1.12.2' ],
269 silly audit   'update-browserslist-db': [ '1.3.1' ],
269 silly audit   which: [ '2.0.2' ],
269 silly audit   'which-boxed-primitive': [ '1.1.1' ],
269 silly audit   'which-builtin-type': [ '1.2.1' ],
269 silly audit   'which-collection': [ '1.0.2' ],
269 silly audit   'which-typed-array': [ '1.1.22' ],
269 silly audit   'word-wrap': [ '1.2.5' ],
269 silly audit   yallist: [ '3.1.1' ],
269 silly audit   'yocto-queue': [ '0.1.0' ],
269 silly audit   zod: [ '4.4.3' ],
269 silly audit   'zod-validation-error': [ '4.0.2' ],
269 silly audit   '@radix-ui/react-accordion': [ '1.2.20' ],
269 silly audit   '@radix-ui/react-dialog': [ '1.1.23' ],
269 silly audit   '@radix-ui/react-navigation-menu': [ '1.2.22' ],
269 silly audit   '@radix-ui/react-separator': [ '1.1.15' ],
269 silly audit   '@radix-ui/react-slot': [ '1.3.3' ],
269 silly audit   ajv: [ '8.20.0', '6.15.0' ],
269 silly audit   '@radix-ui/primitive': [ '1.1.7' ],
269 silly audit   '@radix-ui/react-collapsible': [ '1.1.20' ],
269 silly audit   '@radix-ui/react-collection': [ '1.1.15' ],
269 silly audit   '@radix-ui/react-compose-refs': [ '1.1.5' ],
269 silly audit   '@radix-ui/react-context': [ '1.2.2' ],
269 silly audit   '@radix-ui/react-direction': [ '1.1.4' ],
269 silly audit   '@radix-ui/react-id': [ '1.1.4' ],
269 silly audit   '@radix-ui/react-primitive': [ '2.1.10' ],
269 silly audit   '@radix-ui/react-use-controllable-state': [ '1.2.6' ],
269 silly audit   '@radix-ui/react-presence': [ '1.1.10' ],
269 silly audit   '@radix-ui/react-use-layout-effect': [ '1.1.4' ],
269 silly audit   '@radix-ui/react-dismissable-layer': [ '1.1.19' ],
269 silly audit   '@radix-ui/react-focus-guards': [ '1.1.6' ],
269 silly audit   '@radix-ui/react-focus-scope': [ '1.1.16' ],
269 silly audit   '@radix-ui/react-portal': [ '1.1.17' ],
269 silly audit   'aria-hidden': [ '1.2.6' ],
269 silly audit   'react-remove-scroll': [ '2.7.2' ],
269 silly audit   '@radix-ui/react-use-callback-ref': [ '1.1.4' ],
269 silly audit   '@radix-ui/react-use-effect-event': [ '0.0.5' ],
269 silly audit   '@radix-ui/react-use-previous': [ '1.1.4' ],
269 silly audit   '@radix-ui/react-visually-hidden': [ '1.2.11' ],
269 silly audit   'fast-uri': [ '3.1.5' ],
269 silly audit   'json-schema-traverse': [ '1.0.0', '0.4.1' ],
269 silly audit   'require-from-string': [ '2.0.2' ],
269 silly audit   'react-remove-scroll-bar': [ '2.3.8' ],
269 silly audit   'react-style-singleton': [ '2.2.3' ],
269 silly audit   'use-callback-ref': [ '1.3.3' ],
269 silly audit   'use-sidecar': [ '1.1.3' ],
269 silly audit   'get-nonce': [ '1.0.1' ],
269 silly audit   'detect-node-es': [ '1.1.0' ],
269 silly audit   'fast-json-stable-stringify': [ '2.1.0' ],
269 silly audit   'uri-js': [ '4.4.1' ],
269 silly audit   punycode: [ '2.3.1' ],
269 silly audit   '@tailwindcss/oxide-wasm32-wasi': [ '4.3.3' ]
269 silly audit }
270 verbose reify failed optional dependency C:\Users\Tega\Desktop\Apex\node_modules\lightningcss-win32-arm64-msvc
271 silly reify mark deleted [
271 silly reify   'C:\\Users\\Tega\\Desktop\\Apex\\node_modules\\lightningcss-win32-arm64-msvc'
271 silly reify ]
272 verbose reify failed optional dependency C:\Users\Tega\Desktop\Apex\node_modules\lightningcss-linux-x64-musl
273 silly reify mark deleted [
273 silly reify   'C:\\Users\\Tega\\Desktop\\Apex\\node_modules\\lightningcss-linux-x64-musl'
273 silly reify ]
274 verbose reify failed optional dependency C:\Users\Tega\Desktop\Apex\node_modules\lightningcss-linux-x64-gnu
275 silly reify mark deleted [
275 silly reify   'C:\\Users\\Tega\\Desktop\\Apex\\node_modules\\lightningcss-linux-x64-gnu'
275 silly reify ]
276 verbose reify failed optional dependency C:\Users\Tega\Desktop\Apex\node_modules\lightningcss-linux-arm64-musl
277 silly reify mark deleted [
277 silly reify   'C:\\Users\\Tega\\Desktop\\Apex\\node_modules\\lightningcss-linux-arm64-musl'
277 silly reify ]
278 verbose reify failed optional dependency C:\Users\Tega\Desktop\Apex\node_modules\lightningcss-linux-arm64-gnu
279 silly reify mark deleted [
279 silly reify   'C:\\Users\\Tega\\Desktop\\Apex\\node_modules\\lightningcss-linux-arm64-gnu'
279 silly reify ]
280 verbose reify failed optional dependency C:\Users\Tega\Desktop\Apex\node_modules\lightningcss-linux-arm-gnueabihf
281 silly reify mark deleted [
281 silly reify   'C:\\Users\\Tega\\Desktop\\Apex\\node_modules\\lightningcss-linux-arm-gnueabihf'
281 silly reify ]
282 verbose reify failed optional dependency C:\Users\Tega\Desktop\Apex\node_modules\lightningcss-freebsd-x64
283 silly reify mark deleted [
283 silly reify   'C:\\Users\\Tega\\Desktop\\Apex\\node_modules\\lightningcss-freebsd-x64'
283 silly reify ]
284 verbose reify failed optional dependency C:\Users\Tega\Desktop\Apex\node_modules\lightningcss-darwin-x64
285 silly reify mark deleted [
285 silly reify   'C:\\Users\\Tega\\Desktop\\Apex\\node_modules\\lightningcss-darwin-x64'
285 silly reify ]
286 verbose reify failed optional dependency C:\Users\Tega\Desktop\Apex\node_modules\lightningcss-darwin-arm64
287 silly reify mark deleted [
287 silly reify   'C:\\Users\\Tega\\Desktop\\Apex\\node_modules\\lightningcss-darwin-arm64'
287 silly reify ]
288 verbose reify failed optional dependency C:\Users\Tega\Desktop\Apex\node_modules\lightningcss-android-arm64
289 silly reify mark deleted [
289 silly reify   'C:\\Users\\Tega\\Desktop\\Apex\\node_modules\\lightningcss-android-arm64'
289 silly reify ]
290 verbose reify failed optional dependency C:\Users\Tega\Desktop\Apex\node_modules\@unrs\resolver-binding-win32-ia32-msvc
291 silly reify mark deleted [
291 silly reify   'C:\\Users\\Tega\\Desktop\\Apex\\node_modules\\@unrs\\resolver-binding-win32-ia32-msvc'
291 silly reify ]
292 verbose reify failed optional dependency C:\Users\Tega\Desktop\Apex\node_modules\@unrs\resolver-binding-win32-arm64-msvc
293 silly reify mark deleted [
293 silly reify   'C:\\Users\\Tega\\Desktop\\Apex\\node_modules\\@unrs\\resolver-binding-win32-arm64-msvc'
293 silly reify ]
294 verbose reify failed optional dependency C:\Users\Tega\Desktop\Apex\node_modules\@unrs\resolver-binding-wasm32-wasi
295 silly reify mark deleted [
295 silly reify   'C:\\Users\\Tega\\Desktop\\Apex\\node_modules\\@unrs\\resolver-binding-wasm32-wasi'
295 silly reify ]
296 verbose reify failed optional dependency C:\Users\Tega\Desktop\Apex\node_modules\@unrs\resolver-binding-wasm32-wasi\node_modules\@emnapi\runtime
297 silly reify mark deleted [
297 silly reify   'C:\\Users\\Tega\\Desktop\\Apex\\node_modules\\@unrs\\resolver-binding-wasm32-wasi\\node_modules\\@emnapi\\runtime'
297 silly reify ]
298 verbose reify failed optional dependency C:\Users\Tega\Desktop\Apex\node_modules\@unrs\resolver-binding-openharmony-arm64
299 silly reify mark deleted [
299 silly reify   'C:\\Users\\Tega\\Desktop\\Apex\\node_modules\\@unrs\\resolver-binding-openharmony-arm64'
299 silly reify ]
300 verbose reify failed optional dependency C:\Users\Tega\Desktop\Apex\node_modules\@unrs\resolver-binding-linux-x64-musl
301 silly reify mark deleted [
301 silly reify   'C:\\Users\\Tega\\Desktop\\Apex\\node_modules\\@unrs\\resolver-binding-linux-x64-musl'
301 silly reify ]
302 verbose reify failed optional dependency C:\Users\Tega\Desktop\Apex\node_modules\@unrs\resolver-binding-linux-x64-gnu
303 silly reify mark deleted [
303 silly reify   'C:\\Users\\Tega\\Desktop\\Apex\\node_modules\\@unrs\\resolver-binding-linux-x64-gnu'
303 silly reify ]
304 verbose reify failed optional dependency C:\Users\Tega\Desktop\Apex\node_modules\@unrs\resolver-binding-linux-s390x-gnu
305 silly reify mark deleted [
305 silly reify   'C:\\Users\\Tega\\Desktop\\Apex\\node_modules\\@unrs\\resolver-binding-linux-s390x-gnu'
305 silly reify ]
306 verbose reify failed optional dependency C:\Users\Tega\Desktop\Apex\node_modules\@unrs\resolver-binding-linux-riscv64-musl
307 silly reify mark deleted [
307 silly reify   'C:\\Users\\Tega\\Desktop\\Apex\\node_modules\\@unrs\\resolver-binding-linux-riscv64-musl'
307 silly reify ]
308 verbose reify failed optional dependency C:\Users\Tega\Desktop\Apex\node_modules\@unrs\resolver-binding-linux-riscv64-gnu
309 silly reify mark deleted [
309 silly reify   'C:\\Users\\Tega\\Desktop\\Apex\\node_modules\\@unrs\\resolver-binding-linux-riscv64-gnu'
309 silly reify ]
310 verbose reify failed optional dependency C:\Users\Tega\Desktop\Apex\node_modules\@unrs\resolver-binding-linux-ppc64-gnu
311 silly reify mark deleted [
311 silly reify   'C:\\Users\\Tega\\Desktop\\Apex\\node_modules\\@unrs\\resolver-binding-linux-ppc64-gnu'
311 silly reify ]
312 verbose reify failed optional dependency C:\Users\Tega\Desktop\Apex\node_modules\@unrs\resolver-binding-linux-loong64-musl
313 silly reify mark deleted [
313 silly reify   'C:\\Users\\Tega\\Desktop\\Apex\\node_modules\\@unrs\\resolver-binding-linux-loong64-musl'
313 silly reify ]
314 verbose reify failed optional dependency C:\Users\Tega\Desktop\Apex\node_modules\@unrs\resolver-binding-linux-loong64-gnu
315 silly reify mark deleted [
315 silly reify   'C:\\Users\\Tega\\Desktop\\Apex\\node_modules\\@unrs\\resolver-binding-linux-loong64-gnu'
315 silly reify ]
316 verbose reify failed optional dependency C:\Users\Tega\Desktop\Apex\node_modules\@unrs\resolver-binding-linux-arm64-musl
317 silly reify mark deleted [
317 silly reify   'C:\\Users\\Tega\\Desktop\\Apex\\node_modules\\@unrs\\resolver-binding-linux-arm64-musl'
317 silly reify ]
318 verbose reify failed optional dependency C:\Users\Tega\Desktop\Apex\node_modules\@unrs\resolver-binding-linux-arm64-gnu
319 silly reify mark deleted [
319 silly reify   'C:\\Users\\Tega\\Desktop\\Apex\\node_modules\\@unrs\\resolver-binding-linux-arm64-gnu'
319 silly reify ]
320 verbose reify failed optional dependency C:\Users\Tega\Desktop\Apex\node_modules\@unrs\resolver-binding-linux-arm-musleabihf
321 silly reify mark deleted [
321 silly reify   'C:\\Users\\Tega\\Desktop\\Apex\\node_modules\\@unrs\\resolver-binding-linux-arm-musleabihf'
321 silly reify ]
322 verbose reify failed optional dependency C:\Users\Tega\Desktop\Apex\node_modules\@unrs\resolver-binding-linux-arm-gnueabihf
323 silly reify mark deleted [
323 silly reify   'C:\\Users\\Tega\\Desktop\\Apex\\node_modules\\@unrs\\resolver-binding-linux-arm-gnueabihf'
323 silly reify ]
324 verbose reify failed optional dependency C:\Users\Tega\Desktop\Apex\node_modules\@unrs\resolver-binding-freebsd-x64
325 silly reify mark deleted [
325 silly reify   'C:\\Users\\Tega\\Desktop\\Apex\\node_modules\\@unrs\\resolver-binding-freebsd-x64'
325 silly reify ]
326 verbose reify failed optional dependency C:\Users\Tega\Desktop\Apex\node_modules\@unrs\resolver-binding-darwin-x64
327 silly reify mark deleted [
327 silly reify   'C:\\Users\\Tega\\Desktop\\Apex\\node_modules\\@unrs\\resolver-binding-darwin-x64'
327 silly reify ]
328 verbose reify failed optional dependency C:\Users\Tega\Desktop\Apex\node_modules\@unrs\resolver-binding-darwin-arm64
329 silly reify mark deleted [
329 silly reify   'C:\\Users\\Tega\\Desktop\\Apex\\node_modules\\@unrs\\resolver-binding-darwin-arm64'
329 silly reify ]
330 verbose reify failed optional dependency C:\Users\Tega\Desktop\Apex\node_modules\@unrs\resolver-binding-android-arm64
331 silly reify mark deleted [
331 silly reify   'C:\\Users\\Tega\\Desktop\\Apex\\node_modules\\@unrs\\resolver-binding-android-arm64'
331 silly reify ]
332 verbose reify failed optional dependency C:\Users\Tega\Desktop\Apex\node_modules\@unrs\resolver-binding-android-arm-eabi
333 silly reify mark deleted [
333 silly reify   'C:\\Users\\Tega\\Desktop\\Apex\\node_modules\\@unrs\\resolver-binding-android-arm-eabi'
333 silly reify ]
334 verbose reify failed optional dependency C:\Users\Tega\Desktop\Apex\node_modules\@tailwindcss\oxide-win32-arm64-msvc
335 silly reify mark deleted [
335 silly reify   'C:\\Users\\Tega\\Desktop\\Apex\\node_modules\\@tailwindcss\\oxide-win32-arm64-msvc'
335 silly reify ]
336 verbose reify failed optional dependency C:\Users\Tega\Desktop\Apex\node_modules\@tailwindcss\oxide-linux-x64-musl
337 silly reify mark deleted [
337 silly reify   'C:\\Users\\Tega\\Desktop\\Apex\\node_modules\\@tailwindcss\\oxide-linux-x64-musl'
337 silly reify ]
338 verbose reify failed optional dependency C:\Users\Tega\Desktop\Apex\node_modules\@tailwindcss\oxide-linux-x64-gnu
339 silly reify mark deleted [
339 silly reify   'C:\\Users\\Tega\\Desktop\\Apex\\node_modules\\@tailwindcss\\oxide-linux-x64-gnu'
339 silly reify ]
340 verbose reify failed optional dependency C:\Users\Tega\Desktop\Apex\node_modules\@tailwindcss\oxide-linux-arm64-musl
341 silly reify mark deleted [
341 silly reify   'C:\\Users\\Tega\\Desktop\\Apex\\node_modules\\@tailwindcss\\oxide-linux-arm64-musl'
341 silly reify ]
342 verbose reify failed optional dependency C:\Users\Tega\Desktop\Apex\node_modules\@tailwindcss\oxide-linux-arm64-gnu
343 silly reify mark deleted [
343 silly reify   'C:\\Users\\Tega\\Desktop\\Apex\\node_modules\\@tailwindcss\\oxide-linux-arm64-gnu'
343 silly reify ]
344 verbose reify failed optional dependency C:\Users\Tega\Desktop\Apex\node_modules\@tailwindcss\oxide-linux-arm-gnueabihf
345 silly reify mark deleted [
345 silly reify   'C:\\Users\\Tega\\Desktop\\Apex\\node_modules\\@tailwindcss\\oxide-linux-arm-gnueabihf'
345 silly reify ]
346 verbose reify failed optional dependency C:\Users\Tega\Desktop\Apex\node_modules\@tailwindcss\oxide-freebsd-x64
347 silly reify mark deleted [
347 silly reify   'C:\\Users\\Tega\\Desktop\\Apex\\node_modules\\@tailwindcss\\oxide-freebsd-x64'
347 silly reify ]
348 verbose reify failed optional dependency C:\Users\Tega\Desktop\Apex\node_modules\@tailwindcss\oxide-darwin-x64
349 silly reify mark deleted [
349 silly reify   'C:\\Users\\Tega\\Desktop\\Apex\\node_modules\\@tailwindcss\\oxide-darwin-x64'
349 silly reify ]
350 verbose reify failed optional dependency C:\Users\Tega\Desktop\Apex\node_modules\@tailwindcss\oxide-darwin-arm64
351 silly reify mark deleted [
351 silly reify   'C:\\Users\\Tega\\Desktop\\Apex\\node_modules\\@tailwindcss\\oxide-darwin-arm64'
351 silly reify ]
352 verbose reify failed optional dependency C:\Users\Tega\Desktop\Apex\node_modules\@tailwindcss\oxide-android-arm64
353 silly reify mark deleted [
353 silly reify   'C:\\Users\\Tega\\Desktop\\Apex\\node_modules\\@tailwindcss\\oxide-android-arm64'
353 silly reify ]
354 verbose reify failed optional dependency C:\Users\Tega\Desktop\Apex\node_modules\@next\swc-win32-arm64-msvc
355 silly reify mark deleted [
355 silly reify   'C:\\Users\\Tega\\Desktop\\Apex\\node_modules\\@next\\swc-win32-arm64-msvc'
355 silly reify ]
356 verbose reify failed optional dependency C:\Users\Tega\Desktop\Apex\node_modules\@next\swc-linux-x64-musl
357 silly reify mark deleted [
357 silly reify   'C:\\Users\\Tega\\Desktop\\Apex\\node_modules\\@next\\swc-linux-x64-musl'
357 silly reify ]
358 verbose reify failed optional dependency C:\Users\Tega\Desktop\Apex\node_modules\@next\swc-linux-x64-gnu
359 silly reify mark deleted [
359 silly reify   'C:\\Users\\Tega\\Desktop\\Apex\\node_modules\\@next\\swc-linux-x64-gnu'
359 silly reify ]
360 verbose reify failed optional dependency C:\Users\Tega\Desktop\Apex\node_modules\@next\swc-linux-arm64-musl
361 silly reify mark deleted [
361 silly reify   'C:\\Users\\Tega\\Desktop\\Apex\\node_modules\\@next\\swc-linux-arm64-musl'
361 silly reify ]
362 verbose reify failed optional dependency C:\Users\Tega\Desktop\Apex\node_modules\@next\swc-linux-arm64-gnu
363 silly reify mark deleted [
363 silly reify   'C:\\Users\\Tega\\Desktop\\Apex\\node_modules\\@next\\swc-linux-arm64-gnu'
363 silly reify ]
364 verbose reify failed optional dependency C:\Users\Tega\Desktop\Apex\node_modules\@next\swc-darwin-x64
365 silly reify mark deleted [
365 silly reify   'C:\\Users\\Tega\\Desktop\\Apex\\node_modules\\@next\\swc-darwin-x64'
365 silly reify ]
366 verbose reify failed optional dependency C:\Users\Tega\Desktop\Apex\node_modules\@next\swc-darwin-arm64
367 silly reify mark deleted [
367 silly reify   'C:\\Users\\Tega\\Desktop\\Apex\\node_modules\\@next\\swc-darwin-arm64'
367 silly reify ]
368 verbose reify failed optional dependency C:\Users\Tega\Desktop\Apex\node_modules\@img\sharp-win32-ia32
369 silly reify mark deleted [
369 silly reify   'C:\\Users\\Tega\\Desktop\\Apex\\node_modules\\@img\\sharp-win32-ia32'
369 silly reify ]
370 verbose reify failed optional dependency C:\Users\Tega\Desktop\Apex\node_modules\@img\sharp-win32-arm64
371 silly reify mark deleted [
371 silly reify   'C:\\Users\\Tega\\Desktop\\Apex\\node_modules\\@img\\sharp-win32-arm64'
371 silly reify ]
372 verbose reify failed optional dependency C:\Users\Tega\Desktop\Apex\node_modules\@img\sharp-webcontainers-wasm32
373 silly reify mark deleted [
373 silly reify   'C:\\Users\\Tega\\Desktop\\Apex\\node_modules\\@img\\sharp-webcontainers-wasm32'
373 silly reify ]
374 verbose reify failed optional dependency C:\Users\Tega\Desktop\Apex\node_modules\@img\sharp-linuxmusl-x64
375 silly reify mark deleted [
375 silly reify   'C:\\Users\\Tega\\Desktop\\Apex\\node_modules\\@img\\sharp-linuxmusl-x64'
375 silly reify ]
376 verbose reify failed optional dependency C:\Users\Tega\Desktop\Apex\node_modules\@img\sharp-linuxmusl-arm64
377 silly reify mark deleted [
377 silly reify   'C:\\Users\\Tega\\Desktop\\Apex\\node_modules\\@img\\sharp-linuxmusl-arm64'
377 silly reify ]
378 verbose reify failed optional dependency C:\Users\Tega\Desktop\Apex\node_modules\@img\sharp-linux-x64
379 silly reify mark deleted [
379 silly reify   'C:\\Users\\Tega\\Desktop\\Apex\\node_modules\\@img\\sharp-linux-x64'
379 silly reify ]
380 verbose reify failed optional dependency C:\Users\Tega\Desktop\Apex\node_modules\@img\sharp-linux-s390x
381 silly reify mark deleted [
381 silly reify   'C:\\Users\\Tega\\Desktop\\Apex\\node_modules\\@img\\sharp-linux-s390x'
381 silly reify ]
382 verbose reify failed optional dependency C:\Users\Tega\Desktop\Apex\node_modules\@img\sharp-linux-riscv64
383 silly reify mark deleted [
383 silly reify   'C:\\Users\\Tega\\Desktop\\Apex\\node_modules\\@img\\sharp-linux-riscv64'
383 silly reify ]
384 verbose reify failed optional dependency C:\Users\Tega\Desktop\Apex\node_modules\@img\sharp-linux-ppc64
385 silly reify mark deleted [
385 silly reify   'C:\\Users\\Tega\\Desktop\\Apex\\node_modules\\@img\\sharp-linux-ppc64'
385 silly reify ]
386 verbose reify failed optional dependency C:\Users\Tega\Desktop\Apex\node_modules\@img\sharp-linux-arm64
387 silly reify mark deleted [
387 silly reify   'C:\\Users\\Tega\\Desktop\\Apex\\node_modules\\@img\\sharp-linux-arm64'
387 silly reify ]
388 verbose reify failed optional dependency C:\Users\Tega\Desktop\Apex\node_modules\@img\sharp-linux-arm
389 silly reify mark deleted [
389 silly reify   'C:\\Users\\Tega\\Desktop\\Apex\\node_modules\\@img\\sharp-linux-arm'
389 silly reify ]
390 verbose reify failed optional dependency C:\Users\Tega\Desktop\Apex\node_modules\@img\sharp-libvips-linuxmusl-x64
391 silly reify mark deleted [
391 silly reify   'C:\\Users\\Tega\\Desktop\\Apex\\node_modules\\@img\\sharp-libvips-linuxmusl-x64'
391 silly reify ]
392 verbose reify failed optional dependency C:\Users\Tega\Desktop\Apex\node_modules\@img\sharp-libvips-linuxmusl-arm64
393 silly reify mark deleted [
393 silly reify   'C:\\Users\\Tega\\Desktop\\Apex\\node_modules\\@img\\sharp-libvips-linuxmusl-arm64'
393 silly reify ]
394 verbose reify failed optional dependency C:\Users\Tega\Desktop\Apex\node_modules\@img\sharp-libvips-linux-x64
395 silly reify mark deleted [
395 silly reify   'C:\\Users\\Tega\\Desktop\\Apex\\node_modules\\@img\\sharp-libvips-linux-x64'
395 silly reify ]
396 verbose reify failed optional dependency C:\Users\Tega\Desktop\Apex\node_modules\@img\sharp-libvips-linux-s390x
397 silly reify mark deleted [
397 silly reify   'C:\\Users\\Tega\\Desktop\\Apex\\node_modules\\@img\\sharp-libvips-linux-s390x'
397 silly reify ]
398 verbose reify failed optional dependency C:\Users\Tega\Desktop\Apex\node_modules\@img\sharp-libvips-linux-riscv64
399 silly reify mark deleted [
399 silly reify   'C:\\Users\\Tega\\Desktop\\Apex\\node_modules\\@img\\sharp-libvips-linux-riscv64'
399 silly reify ]
400 verbose reify failed optional dependency C:\Users\Tega\Desktop\Apex\node_modules\@img\sharp-libvips-linux-ppc64
401 silly reify mark deleted [
401 silly reify   'C:\\Users\\Tega\\Desktop\\Apex\\node_modules\\@img\\sharp-libvips-linux-ppc64'
401 silly reify ]
402 verbose reify failed optional dependency C:\Users\Tega\Desktop\Apex\node_modules\@img\sharp-libvips-linux-arm64
403 silly reify mark deleted [
403 silly reify   'C:\\Users\\Tega\\Desktop\\Apex\\node_modules\\@img\\sharp-libvips-linux-arm64'
403 silly reify ]
404 verbose reify failed optional dependency C:\Users\Tega\Desktop\Apex\node_modules\@img\sharp-libvips-linux-arm
405 silly reify mark deleted [
405 silly reify   'C:\\Users\\Tega\\Desktop\\Apex\\node_modules\\@img\\sharp-libvips-linux-arm'
405 silly reify ]
406 verbose reify failed optional dependency C:\Users\Tega\Desktop\Apex\node_modules\@img\sharp-libvips-darwin-x64
407 silly reify mark deleted [
407 silly reify   'C:\\Users\\Tega\\Desktop\\Apex\\node_modules\\@img\\sharp-libvips-darwin-x64'
407 silly reify ]
408 verbose reify failed optional dependency C:\Users\Tega\Desktop\Apex\node_modules\@img\sharp-libvips-darwin-arm64
409 silly reify mark deleted [
409 silly reify   'C:\\Users\\Tega\\Desktop\\Apex\\node_modules\\@img\\sharp-libvips-darwin-arm64'
409 silly reify ]
410 verbose reify failed optional dependency C:\Users\Tega\Desktop\Apex\node_modules\@img\sharp-freebsd-wasm32
411 silly reify mark deleted [
411 silly reify   'C:\\Users\\Tega\\Desktop\\Apex\\node_modules\\@img\\sharp-freebsd-wasm32'
411 silly reify ]
412 verbose reify failed optional dependency C:\Users\Tega\Desktop\Apex\node_modules\@img\sharp-darwin-x64
413 silly reify mark deleted [
413 silly reify   'C:\\Users\\Tega\\Desktop\\Apex\\node_modules\\@img\\sharp-darwin-x64'
413 silly reify ]
414 verbose reify failed optional dependency C:\Users\Tega\Desktop\Apex\node_modules\@img\sharp-darwin-arm64
415 silly reify mark deleted [
415 silly reify   'C:\\Users\\Tega\\Desktop\\Apex\\node_modules\\@img\\sharp-darwin-arm64'
415 silly reify ]
416 http cache punycode@https://registry.npmjs.org/punycode/-/punycode-2.3.1.tgz 0ms (cache hit)
417 http cache uri-js@https://registry.npmjs.org/uri-js/-/uri-js-4.4.1.tgz 0ms (cache hit)
418 http cache fast-json-stable-stringify@https://registry.npmjs.org/fast-json-stable-stringify/-/fast-json-stable-stringify-2.1.0.tgz 0ms (cache hit)
419 http cache detect-node-es@https://registry.npmjs.org/detect-node-es/-/detect-node-es-1.1.0.tgz 0ms (cache hit)
420 http cache get-nonce@https://registry.npmjs.org/get-nonce/-/get-nonce-1.0.1.tgz 0ms (cache hit)
421 http cache use-sidecar@https://registry.npmjs.org/use-sidecar/-/use-sidecar-1.1.3.tgz 0ms (cache hit)
422 http cache use-callback-ref@https://registry.npmjs.org/use-callback-ref/-/use-callback-ref-1.3.3.tgz 0ms (cache hit)
423 http cache react-style-singleton@https://registry.npmjs.org/react-style-singleton/-/react-style-singleton-2.2.3.tgz 0ms (cache hit)
424 http cache json-schema-traverse@https://registry.npmjs.org/json-schema-traverse/-/json-schema-traverse-1.0.0.tgz 0ms (cache hit)
425 http cache react-remove-scroll-bar@https://registry.npmjs.org/react-remove-scroll-bar/-/react-remove-scroll-bar-2.3.8.tgz 0ms (cache hit)
426 http cache require-from-string@https://registry.npmjs.org/require-from-string/-/require-from-string-2.0.2.tgz 0ms (cache hit)
427 http cache fast-uri@https://registry.npmjs.org/fast-uri/-/fast-uri-3.1.5.tgz 0ms (cache hit)
428 http cache @radix-ui/react-visually-hidden@https://registry.npmjs.org/@radix-ui/react-visually-hidden/-/react-visually-hidden-1.2.11.tgz 1ms (cache hit)
429 http cache @radix-ui/react-use-previous@https://registry.npmjs.org/@radix-ui/react-use-previous/-/react-use-previous-1.1.4.tgz 0ms (cache hit)
430 http cache @radix-ui/react-use-effect-event@https://registry.npmjs.org/@radix-ui/react-use-effect-event/-/react-use-effect-event-0.0.5.tgz 0ms (cache hit)
431 http cache @radix-ui/react-use-callback-ref@https://registry.npmjs.org/@radix-ui/react-use-callback-ref/-/react-use-callback-ref-1.1.4.tgz 0ms (cache hit)
432 http cache react-remove-scroll@https://registry.npmjs.org/react-remove-scroll/-/react-remove-scroll-2.7.2.tgz 0ms (cache hit)
433 http cache aria-hidden@https://registry.npmjs.org/aria-hidden/-/aria-hidden-1.2.6.tgz 0ms (cache hit)
434 http cache @radix-ui/react-portal@https://registry.npmjs.org/@radix-ui/react-portal/-/react-portal-1.1.17.tgz 0ms (cache hit)
435 http cache @radix-ui/react-focus-scope@https://registry.npmjs.org/@radix-ui/react-focus-scope/-/react-focus-scope-1.1.16.tgz 0ms (cache hit)
436 http cache @radix-ui/react-focus-guards@https://registry.npmjs.org/@radix-ui/react-focus-guards/-/react-focus-guards-1.1.6.tgz 0ms (cache hit)
437 http cache @radix-ui/react-dismissable-layer@https://registry.npmjs.org/@radix-ui/react-dismissable-layer/-/react-dismissable-layer-1.1.19.tgz 0ms (cache hit)
438 http cache @radix-ui/react-use-layout-effect@https://registry.npmjs.org/@radix-ui/react-use-layout-effect/-/react-use-layout-effect-1.1.4.tgz 0ms (cache hit)
439 http cache @radix-ui/react-presence@https://registry.npmjs.org/@radix-ui/react-presence/-/react-presence-1.1.10.tgz 0ms (cache hit)
440 http cache @radix-ui/react-use-controllable-state@https://registry.npmjs.org/@radix-ui/react-use-controllable-state/-/react-use-controllable-state-1.2.6.tgz 0ms (cache hit)
441 http cache @radix-ui/react-primitive@https://registry.npmjs.org/@radix-ui/react-primitive/-/react-primitive-2.1.10.tgz 0ms (cache hit)
442 http cache @radix-ui/react-id@https://registry.npmjs.org/@radix-ui/react-id/-/react-id-1.1.4.tgz 0ms (cache hit)
443 http cache @radix-ui/react-direction@https://registry.npmjs.org/@radix-ui/react-direction/-/react-direction-1.1.4.tgz 0ms (cache hit)
444 http cache @radix-ui/react-context@https://registry.npmjs.org/@radix-ui/react-context/-/react-context-1.2.2.tgz 0ms (cache hit)
445 http cache @radix-ui/react-compose-refs@https://registry.npmjs.org/@radix-ui/react-compose-refs/-/react-compose-refs-1.1.5.tgz 0ms (cache hit)
446 http cache @radix-ui/react-collection@https://registry.npmjs.org/@radix-ui/react-collection/-/react-collection-1.1.15.tgz 0ms (cache hit)
447 http cache @radix-ui/react-collapsible@https://registry.npmjs.org/@radix-ui/react-collapsible/-/react-collapsible-1.1.20.tgz 0ms (cache hit)
448 http cache @radix-ui/primitive@https://registry.npmjs.org/@radix-ui/primitive/-/primitive-1.1.7.tgz 0ms (cache hit)
449 http cache ajv@https://registry.npmjs.org/ajv/-/ajv-8.20.0.tgz 1ms (cache hit)
450 http cache @radix-ui/react-slot@https://registry.npmjs.org/@radix-ui/react-slot/-/react-slot-1.3.3.tgz 0ms (cache hit)
451 http cache @radix-ui/react-separator@https://registry.npmjs.org/@radix-ui/react-separator/-/react-separator-1.1.15.tgz 0ms (cache hit)
452 http cache @radix-ui/react-navigation-menu@https://registry.npmjs.org/@radix-ui/react-navigation-menu/-/react-navigation-menu-1.2.22.tgz 0ms (cache hit)
453 http cache @radix-ui/react-dialog@https://registry.npmjs.org/@radix-ui/react-dialog/-/react-dialog-1.1.23.tgz 0ms (cache hit)
454 http cache @radix-ui/react-accordion@https://registry.npmjs.org/@radix-ui/react-accordion/-/react-accordion-1.2.20.tgz 0ms (cache hit)
455 http cache zod-validation-error@https://registry.npmjs.org/zod-validation-error/-/zod-validation-error-4.0.2.tgz 0ms (cache hit)
456 http cache zod@https://registry.npmjs.org/zod/-/zod-4.4.3.tgz 0ms (cache hit)
457 http cache yocto-queue@https://registry.npmjs.org/yocto-queue/-/yocto-queue-0.1.0.tgz 0ms (cache hit)
458 http cache yallist@https://registry.npmjs.org/yallist/-/yallist-3.1.1.tgz 0ms (cache hit)
459 http cache word-wrap@https://registry.npmjs.org/word-wrap/-/word-wrap-1.2.5.tgz 0ms (cache hit)
460 http cache which-typed-array@https://registry.npmjs.org/which-typed-array/-/which-typed-array-1.1.22.tgz 0ms (cache hit)
461 http cache which-collection@https://registry.npmjs.org/which-collection/-/which-collection-1.0.2.tgz 0ms (cache hit)
462 http cache which-builtin-type@https://registry.npmjs.org/which-builtin-type/-/which-builtin-type-1.2.1.tgz 1ms (cache hit)
463 http cache which-boxed-primitive@https://registry.npmjs.org/which-boxed-primitive/-/which-boxed-primitive-1.1.1.tgz 0ms (cache hit)
464 http cache which@https://registry.npmjs.org/which/-/which-2.0.2.tgz 0ms (cache hit)
465 http cache update-browserslist-db@https://registry.npmjs.org/update-browserslist-db/-/update-browserslist-db-1.3.1.tgz 0ms (cache hit)
466 http cache unrs-resolver@https://registry.npmjs.org/unrs-resolver/-/unrs-resolver-1.12.2.tgz 0ms (cache hit)
467 http cache undici-types@https://registry.npmjs.org/undici-types/-/undici-types-6.21.0.tgz 0ms (cache hit)
468 http cache unbox-primitive@https://registry.npmjs.org/unbox-primitive/-/unbox-primitive-1.1.0.tgz 0ms (cache hit)
469 http cache typescript-eslint@https://registry.npmjs.org/typescript-eslint/-/typescript-eslint-8.66.0.tgz 0ms (cache hit)
470 http cache typescript@https://registry.npmjs.org/typescript/-/typescript-5.9.3.tgz 0ms (cache hit)
471 http cache typed-array-length@https://registry.npmjs.org/typed-array-length/-/typed-array-length-1.0.8.tgz 0ms (cache hit)
472 http cache typed-array-byte-offset@https://registry.npmjs.org/typed-array-byte-offset/-/typed-array-byte-offset-1.0.4.tgz 0ms (cache hit)
473 http cache typed-array-byte-length@https://registry.npmjs.org/typed-array-byte-length/-/typed-array-byte-length-1.0.3.tgz 0ms (cache hit)
474 http cache typed-array-buffer@https://registry.npmjs.org/typed-array-buffer/-/typed-array-buffer-1.0.3.tgz 0ms (cache hit)
475 http cache type-check@https://registry.npmjs.org/type-check/-/type-check-0.4.0.tgz 0ms (cache hit)
476 silly packumentCache corgi:https://registry.npmjs.org/tslib cache-miss
477 http cache tsconfig-paths@https://registry.npmjs.org/tsconfig-paths/-/tsconfig-paths-3.15.0.tgz 0ms (cache hit)
478 http cache ts-api-utils@https://registry.npmjs.org/ts-api-utils/-/ts-api-utils-2.5.0.tgz 0ms (cache hit)
479 http cache to-regex-range@https://registry.npmjs.org/to-regex-range/-/to-regex-range-5.0.1.tgz 0ms (cache hit)
480 http cache tinyglobby@https://registry.npmjs.org/tinyglobby/-/tinyglobby-0.2.17.tgz 0ms (cache hit)
481 http cache tapable@https://registry.npmjs.org/tapable/-/tapable-2.3.3.tgz 0ms (cache hit)
482 http cache tailwindcss@https://registry.npmjs.org/tailwindcss/-/tailwindcss-4.3.3.tgz 0ms (cache hit)
483 http cache tailwind-merge@https://registry.npmjs.org/tailwind-merge/-/tailwind-merge-3.6.0.tgz 0ms (cache hit)
484 http cache supports-preserve-symlinks-flag@https://registry.npmjs.org/supports-preserve-symlinks-flag/-/supports-preserve-symlinks-flag-1.0.0.tgz 0ms (cache hit)
485 http cache supports-color@https://registry.npmjs.org/supports-color/-/supports-color-7.2.0.tgz 0ms (cache hit)
486 http cache styled-jsx@https://registry.npmjs.org/styled-jsx/-/styled-jsx-5.1.6.tgz 0ms (cache hit)
487 http cache strip-json-comments@https://registry.npmjs.org/strip-json-comments/-/strip-json-comments-3.1.1.tgz 0ms (cache hit)
488 http cache strip-bom@https://registry.npmjs.org/strip-bom/-/strip-bom-3.0.0.tgz 0ms (cache hit)
489 http cache string.prototype.trimstart@https://registry.npmjs.org/string.prototype.trimstart/-/string.prototype.trimstart-1.0.8.tgz 0ms (cache hit)
490 http cache string.prototype.trimend@https://registry.npmjs.org/string.prototype.trimend/-/string.prototype.trimend-1.0.10.tgz 0ms (cache hit)
491 http cache string.prototype.trim@https://registry.npmjs.org/string.prototype.trim/-/string.prototype.trim-1.2.11.tgz 0ms (cache hit)
492 http cache string.prototype.repeat@https://registry.npmjs.org/string.prototype.repeat/-/string.prototype.repeat-1.0.0.tgz 0ms (cache hit)
493 http cache string.prototype.matchall@https://registry.npmjs.org/string.prototype.matchall/-/string.prototype.matchall-4.0.12.tgz 0ms (cache hit)
494 http cache string.prototype.includes@https://registry.npmjs.org/string.prototype.includes/-/string.prototype.includes-2.0.1.tgz 0ms (cache hit)
495 http cache stop-iteration-iterator@https://registry.npmjs.org/stop-iteration-iterator/-/stop-iteration-iterator-1.1.0.tgz 0ms (cache hit)
496 http cache stable-hash@https://registry.npmjs.org/stable-hash/-/stable-hash-0.0.5.tgz 0ms (cache hit)
497 http cache source-map-js@https://registry.npmjs.org/source-map-js/-/source-map-js-1.2.1.tgz 0ms (cache hit)
498 http cache side-channel-weakmap@https://registry.npmjs.org/side-channel-weakmap/-/side-channel-weakmap-1.0.2.tgz 0ms (cache hit)
499 http cache side-channel-map@https://registry.npmjs.org/side-channel-map/-/side-channel-map-1.0.1.tgz 0ms (cache hit)
500 http cache side-channel-list@https://registry.npmjs.org/side-channel-list/-/side-channel-list-1.0.1.tgz 0ms (cache hit)
501 http cache side-channel@https://registry.npmjs.org/side-channel/-/side-channel-1.1.1.tgz 0ms (cache hit)
502 http cache shebang-regex@https://registry.npmjs.org/shebang-regex/-/shebang-regex-3.0.0.tgz 0ms (cache hit)
503 http cache shebang-command@https://registry.npmjs.org/shebang-command/-/shebang-command-2.0.0.tgz 0ms (cache hit)
504 http cache sharp@https://registry.npmjs.org/sharp/-/sharp-0.35.3.tgz 0ms (cache hit)
505 http cache set-proto@https://registry.npmjs.org/set-proto/-/set-proto-1.0.0.tgz 0ms (cache hit)
506 http cache set-function-name@https://registry.npmjs.org/set-function-name/-/set-function-name-2.0.2.tgz 0ms (cache hit)
507 http cache set-function-length@https://registry.npmjs.org/set-function-length/-/set-function-length-1.2.2.tgz 0ms (cache hit)
508 http cache semver@https://registry.npmjs.org/semver/-/semver-6.3.1.tgz 0ms (cache hit)
509 http cache scheduler@https://registry.npmjs.org/scheduler/-/scheduler-0.27.0.tgz 1ms (cache hit)
510 http cache safe-regex-test@https://registry.npmjs.org/safe-regex-test/-/safe-regex-test-1.1.0.tgz 0ms (cache hit)
511 http cache safe-push-apply@https://registry.npmjs.org/safe-push-apply/-/safe-push-apply-1.0.0.tgz 0ms (cache hit)
512 http cache safe-array-concat@https://registry.npmjs.org/safe-array-concat/-/safe-array-concat-1.1.4.tgz 0ms (cache hit)
513 http cache run-parallel@https://registry.npmjs.org/run-parallel/-/run-parallel-1.2.0.tgz 0ms (cache hit)
514 http cache reusify@https://registry.npmjs.org/reusify/-/reusify-1.1.0.tgz 0ms (cache hit)
515 http cache resolve-pkg-maps@https://registry.npmjs.org/resolve-pkg-maps/-/resolve-pkg-maps-1.0.0.tgz 0ms (cache hit)
516 http cache resolve-from@https://registry.npmjs.org/resolve-from/-/resolve-from-4.0.0.tgz 0ms (cache hit)
517 http cache resolve@https://registry.npmjs.org/resolve/-/resolve-2.0.0-next.7.tgz 0ms (cache hit)
518 http cache regexp.prototype.flags@https://registry.npmjs.org/regexp.prototype.flags/-/regexp.prototype.flags-1.5.4.tgz 0ms (cache hit)
519 http cache reflect.getprototypeof@https://registry.npmjs.org/reflect.getprototypeof/-/reflect.getprototypeof-1.0.10.tgz 0ms (cache hit)
520 http cache react-is@https://registry.npmjs.org/react-is/-/react-is-16.13.1.tgz 0ms (cache hit)
521 http cache react-hook-form@https://registry.npmjs.org/react-hook-form/-/react-hook-form-7.85.0.tgz 0ms (cache hit)
522 http cache react-dom@https://registry.npmjs.org/react-dom/-/react-dom-19.2.8.tgz 0ms (cache hit)
523 silly packumentCache corgi:https://registry.npmjs.org/react cache-miss
524 http cache queue-microtask@https://registry.npmjs.org/queue-microtask/-/queue-microtask-1.2.3.tgz 0ms (cache hit)
525 http cache prop-types@https://registry.npmjs.org/prop-types/-/prop-types-15.8.1.tgz 0ms (cache hit)
526 http cache prelude-ls@https://registry.npmjs.org/prelude-ls/-/prelude-ls-1.2.1.tgz 0ms (cache hit)
527 http cache postcss@https://registry.npmjs.org/postcss/-/postcss-8.5.26.tgz 0ms (cache hit)
528 http cache possible-typed-array-names@https://registry.npmjs.org/possible-typed-array-names/-/possible-typed-array-names-1.1.0.tgz 0ms (cache hit)
529 http cache picomatch@https://registry.npmjs.org/picomatch/-/picomatch-2.3.2.tgz 0ms (cache hit)
530 http cache picocolors@https://registry.npmjs.org/picocolors/-/picocolors-1.1.1.tgz 0ms (cache hit)
531 http cache path-parse@https://registry.npmjs.org/path-parse/-/path-parse-1.0.7.tgz 0ms (cache hit)
532 http cache path-key@https://registry.npmjs.org/path-key/-/path-key-3.1.1.tgz 0ms (cache hit)
533 http cache path-exists@https://registry.npmjs.org/path-exists/-/path-exists-4.0.0.tgz 0ms (cache hit)
534 http cache parent-module@https://registry.npmjs.org/parent-module/-/parent-module-1.0.1.tgz 0ms (cache hit)
535 http cache p-locate@https://registry.npmjs.org/p-locate/-/p-locate-5.0.0.tgz 0ms (cache hit)
536 http cache p-limit@https://registry.npmjs.org/p-limit/-/p-limit-3.1.0.tgz 0ms (cache hit)
537 http cache own-keys@https://registry.npmjs.org/own-keys/-/own-keys-1.0.2.tgz 0ms (cache hit)
538 http cache optionator@https://registry.npmjs.org/optionator/-/optionator-0.9.4.tgz 0ms (cache hit)
539 http cache object.values@https://registry.npmjs.org/object.values/-/object.values-1.2.1.tgz 0ms (cache hit)
540 http cache object.groupby@https://registry.npmjs.org/object.groupby/-/object.groupby-1.0.3.tgz 0ms (cache hit)
541 http cache object.fromentries@https://registry.npmjs.org/object.fromentries/-/object.fromentries-2.0.8.tgz 0ms (cache hit)
542 http cache object.entries@https://registry.npmjs.org/object.entries/-/object.entries-1.1.9.tgz 0ms (cache hit)
543 http cache object.assign@https://registry.npmjs.org/object.assign/-/object.assign-4.1.7.tgz 1ms (cache hit)
544 http cache object-keys@https://registry.npmjs.org/object-keys/-/object-keys-1.1.1.tgz 0ms (cache hit)
545 http cache object-inspect@https://registry.npmjs.org/object-inspect/-/object-inspect-1.13.4.tgz 0ms (cache hit)
546 http cache object-assign@https://registry.npmjs.org/object-assign/-/object-assign-4.1.1.tgz 0ms (cache hit)
547 http cache node-releases@https://registry.npmjs.org/node-releases/-/node-releases-2.0.53.tgz 0ms (cache hit)
548 http cache node-exports-info@https://registry.npmjs.org/node-exports-info/-/node-exports-info-1.6.2.tgz 0ms (cache hit)
549 http cache next@https://registry.npmjs.org/next/-/next-16.3.0.tgz 0ms (cache hit)
550 http cache natural-compare@https://registry.npmjs.org/natural-compare/-/natural-compare-1.4.0.tgz 0ms (cache hit)
551 http cache napi-postinstall@https://registry.npmjs.org/napi-postinstall/-/napi-postinstall-0.3.4.tgz 0ms (cache hit)
552 http cache nanoid@https://registry.npmjs.org/nanoid/-/nanoid-3.3.18.tgz 0ms (cache hit)
553 http cache ms@https://registry.npmjs.org/ms/-/ms-2.1.3.tgz 0ms (cache hit)
554 silly packumentCache corgi:https://registry.npmjs.org/motion-utils cache-miss
555 silly packumentCache corgi:https://registry.npmjs.org/motion-dom cache-miss
556 http cache minimist@https://registry.npmjs.org/minimist/-/minimist-1.2.8.tgz 0ms (cache hit)
557 http cache minimatch@https://registry.npmjs.org/minimatch/-/minimatch-3.1.5.tgz 0ms (cache hit)
558 http cache micromatch@https://registry.npmjs.org/micromatch/-/micromatch-4.0.8.tgz 0ms (cache hit)
559 http cache merge2@https://registry.npmjs.org/merge2/-/merge2-1.4.1.tgz 0ms (cache hit)
560 http cache math-intrinsics@https://registry.npmjs.org/math-intrinsics/-/math-intrinsics-1.1.0.tgz 0ms (cache hit)
561 http cache magic-string@https://registry.npmjs.org/magic-string/-/magic-string-0.30.21.tgz 0ms (cache hit)
562 http cache lucide-react@https://registry.npmjs.org/lucide-react/-/lucide-react-1.31.0.tgz 0ms (cache hit)
563 http cache lru-cache@https://registry.npmjs.org/lru-cache/-/lru-cache-5.1.1.tgz 0ms (cache hit)
564 http cache loose-envify@https://registry.npmjs.org/loose-envify/-/loose-envify-1.4.0.tgz 0ms (cache hit)
565 http cache lodash.merge@https://registry.npmjs.org/lodash.merge/-/lodash.merge-4.6.2.tgz 0ms (cache hit)
566 http cache locate-path@https://registry.npmjs.org/locate-path/-/locate-path-6.0.0.tgz 0ms (cache hit)
567 http cache lightningcss-win32-x64-msvc@https://registry.npmjs.org/lightningcss-win32-x64-msvc/-/lightningcss-win32-x64-msvc-1.32.0.tgz 0ms (cache hit)
568 http cache lightningcss@https://registry.npmjs.org/lightningcss/-/lightningcss-1.32.0.tgz 0ms (cache hit)
569 http cache levn@https://registry.npmjs.org/levn/-/levn-0.4.1.tgz 0ms (cache hit)
570 http cache language-tags@https://registry.npmjs.org/language-tags/-/language-tags-1.0.9.tgz 0ms (cache hit)
571 http cache language-subtag-registry@https://registry.npmjs.org/language-subtag-registry/-/language-subtag-registry-0.3.23.tgz 0ms (cache hit)
572 http cache keyv@https://registry.npmjs.org/keyv/-/keyv-4.5.4.tgz 0ms (cache hit)
573 http cache jsx-ast-utils@https://registry.npmjs.org/jsx-ast-utils/-/jsx-ast-utils-3.3.5.tgz 0ms (cache hit)
574 http cache json5@https://registry.npmjs.org/json5/-/json5-2.2.3.tgz 1ms (cache hit)
575 http cache json-stable-stringify-without-jsonify@https://registry.npmjs.org/json-stable-stringify-without-jsonify/-/json-stable-stringify-without-jsonify-1.0.1.tgz 0ms (cache hit)
576 http cache json-buffer@https://registry.npmjs.org/json-buffer/-/json-buffer-3.0.1.tgz 0ms (cache hit)
577 http cache jsesc@https://registry.npmjs.org/jsesc/-/jsesc-3.1.0.tgz 0ms (cache hit)
578 http cache js-yaml@https://registry.npmjs.org/js-yaml/-/js-yaml-4.3.1.tgz 0ms (cache hit)
579 http cache js-tokens@https://registry.npmjs.org/js-tokens/-/js-tokens-4.0.0.tgz 0ms (cache hit)
580 http cache jiti@https://registry.npmjs.org/jiti/-/jiti-2.7.0.tgz 0ms (cache hit)
581 http cache iterator.prototype@https://registry.npmjs.org/iterator.prototype/-/iterator.prototype-1.1.5.tgz 0ms (cache hit)
582 http cache isexe@https://registry.npmjs.org/isexe/-/isexe-2.0.0.tgz 0ms (cache hit)
583 http cache isarray@https://registry.npmjs.org/isarray/-/isarray-2.0.5.tgz 0ms (cache hit)
584 http cache is-weakset@https://registry.npmjs.org/is-weakset/-/is-weakset-2.0.4.tgz 0ms (cache hit)
585 http cache is-weakref@https://registry.npmjs.org/is-weakref/-/is-weakref-1.1.1.tgz 0ms (cache hit)
586 http cache is-weakmap@https://registry.npmjs.org/is-weakmap/-/is-weakmap-2.0.2.tgz 0ms (cache hit)
587 http cache is-typed-array@https://registry.npmjs.org/is-typed-array/-/is-typed-array-1.1.15.tgz 0ms (cache hit)
588 http cache is-symbol@https://registry.npmjs.org/is-symbol/-/is-symbol-1.1.1.tgz 0ms (cache hit)
589 http cache is-string@https://registry.npmjs.org/is-string/-/is-string-1.1.1.tgz 0ms (cache hit)
590 http cache is-shared-array-buffer@https://registry.npmjs.org/is-shared-array-buffer/-/is-shared-array-buffer-1.0.4.tgz 0ms (cache hit)
591 http cache is-set@https://registry.npmjs.org/is-set/-/is-set-2.0.3.tgz 0ms (cache hit)
592 http cache is-regex@https://registry.npmjs.org/is-regex/-/is-regex-1.2.1.tgz 0ms (cache hit)
593 http cache is-number-object@https://registry.npmjs.org/is-number-object/-/is-number-object-1.1.1.tgz 0ms (cache hit)
594 http cache is-number@https://registry.npmjs.org/is-number/-/is-number-7.0.0.tgz 0ms (cache hit)
595 http cache is-negative-zero@https://registry.npmjs.org/is-negative-zero/-/is-negative-zero-2.0.3.tgz 0ms (cache hit)
596 http cache is-map@https://registry.npmjs.org/is-map/-/is-map-2.0.3.tgz 0ms (cache hit)
597 http cache is-glob@https://registry.npmjs.org/is-glob/-/is-glob-4.0.3.tgz 0ms (cache hit)
598 http cache is-generator-function@https://registry.npmjs.org/is-generator-function/-/is-generator-function-1.1.2.tgz 0ms (cache hit)
599 http cache is-finalizationregistry@https://registry.npmjs.org/is-finalizationregistry/-/is-finalizationregistry-1.1.1.tgz 0ms (cache hit)
600 http cache is-extglob@https://registry.npmjs.org/is-extglob/-/is-extglob-2.1.1.tgz 0ms (cache hit)
601 http cache is-document.all@https://registry.npmjs.org/is-document.all/-/is-document.all-1.0.0.tgz 0ms (cache hit)
602 http cache is-date-object@https://registry.npmjs.org/is-date-object/-/is-date-object-1.1.0.tgz 0ms (cache hit)
603 http cache is-data-view@https://registry.npmjs.org/is-data-view/-/is-data-view-1.0.2.tgz 0ms (cache hit)
604 http cache is-core-module@https://registry.npmjs.org/is-core-module/-/is-core-module-2.16.2.tgz 0ms (cache hit)
605 http cache is-callable@https://registry.npmjs.org/is-callable/-/is-callable-1.2.7.tgz 0ms (cache hit)
606 http cache is-bun-module@https://registry.npmjs.org/is-bun-module/-/is-bun-module-2.0.0.tgz 0ms (cache hit)
607 http cache is-boolean-object@https://registry.npmjs.org/is-boolean-object/-/is-boolean-object-1.2.2.tgz 0ms (cache hit)
608 http cache is-async-function@https://registry.npmjs.org/is-async-function/-/is-async-function-2.1.1.tgz 0ms (cache hit)
609 http cache is-bigint@https://registry.npmjs.org/is-bigint/-/is-bigint-1.1.0.tgz 0ms (cache hit)
610 http cache is-array-buffer@https://registry.npmjs.org/is-array-buffer/-/is-array-buffer-3.0.5.tgz 0ms (cache hit)
611 http cache internal-slot@https://registry.npmjs.org/internal-slot/-/internal-slot-1.1.0.tgz 0ms (cache hit)
612 http cache imurmurhash@https://registry.npmjs.org/imurmurhash/-/imurmurhash-0.1.4.tgz 0ms (cache hit)
613 http cache import-fresh@https://registry.npmjs.org/import-fresh/-/import-fresh-3.3.1.tgz 0ms (cache hit)
614 http cache ignore@https://registry.npmjs.org/ignore/-/ignore-5.3.2.tgz 0ms (cache hit)
615 http cache hermes-parser@https://registry.npmjs.org/hermes-parser/-/hermes-parser-0.25.1.tgz 0ms (cache hit)
616 http cache hermes-estree@https://registry.npmjs.org/hermes-estree/-/hermes-estree-0.25.1.tgz 0ms (cache hit)
617 http cache hasown@https://registry.npmjs.org/hasown/-/hasown-2.0.4.tgz 0ms (cache hit)
618 http cache has-tostringtag@https://registry.npmjs.org/has-tostringtag/-/has-tostringtag-1.0.2.tgz 0ms (cache hit)
619 http cache has-symbols@https://registry.npmjs.org/has-symbols/-/has-symbols-1.1.0.tgz 0ms (cache hit)
620 http cache has-proto@https://registry.npmjs.org/has-proto/-/has-proto-1.2.0.tgz 0ms (cache hit)
621 http cache has-property-descriptors@https://registry.npmjs.org/has-property-descriptors/-/has-property-descriptors-1.0.2.tgz 0ms (cache hit)
622 http cache has-flag@https://registry.npmjs.org/has-flag/-/has-flag-4.0.0.tgz 0ms (cache hit)
623 http cache has-bigints@https://registry.npmjs.org/has-bigints/-/has-bigints-1.1.0.tgz 0ms (cache hit)
624 http cache graceful-fs@https://registry.npmjs.org/graceful-fs/-/graceful-fs-4.2.11.tgz 0ms (cache hit)
625 http cache gopd@https://registry.npmjs.org/gopd/-/gopd-1.2.0.tgz 0ms (cache hit)
626 http cache globalthis@https://registry.npmjs.org/globalthis/-/globalthis-1.0.4.tgz 0ms (cache hit)
627 http cache globals@https://registry.npmjs.org/globals/-/globals-14.0.0.tgz 0ms (cache hit)
628 http cache glob-parent@https://registry.npmjs.org/glob-parent/-/glob-parent-6.0.2.tgz 0ms (cache hit)
629 http cache get-tsconfig@https://registry.npmjs.org/get-tsconfig/-/get-tsconfig-4.14.1.tgz 0ms (cache hit)
630 http cache get-symbol-description@https://registry.npmjs.org/get-symbol-description/-/get-symbol-description-1.1.0.tgz 0ms (cache hit)
631 http cache get-proto@https://registry.npmjs.org/get-proto/-/get-proto-1.0.1.tgz 0ms (cache hit)
632 http cache get-intrinsic@https://registry.npmjs.org/get-intrinsic/-/get-intrinsic-1.3.0.tgz 0ms (cache hit)
633 http cache gensync@https://registry.npmjs.org/gensync/-/gensync-1.0.0-beta.2.tgz 0ms (cache hit)
634 http cache generator-function@https://registry.npmjs.org/generator-function/-/generator-function-2.0.1.tgz 0ms (cache hit)
635 http cache functions-have-names@https://registry.npmjs.org/functions-have-names/-/functions-have-names-1.2.3.tgz 0ms (cache hit)
636 http cache function.prototype.name@https://registry.npmjs.org/function.prototype.name/-/function.prototype.name-1.2.0.tgz 0ms (cache hit)
637 http cache function-bind@https://registry.npmjs.org/function-bind/-/function-bind-1.1.2.tgz 0ms (cache hit)
638 http cache framer-motion@https://registry.npmjs.org/framer-motion/-/framer-motion-13.1.0.tgz 0ms (cache hit)
639 http cache for-each@https://registry.npmjs.org/for-each/-/for-each-0.3.5.tgz 0ms (cache hit)
640 http cache flatted@https://registry.npmjs.org/flatted/-/flatted-3.4.4.tgz 0ms (cache hit)
641 http cache flat-cache@https://registry.npmjs.org/flat-cache/-/flat-cache-4.0.1.tgz 0ms (cache hit)
642 http cache find-up@https://registry.npmjs.org/find-up/-/find-up-5.0.0.tgz 0ms (cache hit)
643 http cache fill-range@https://registry.npmjs.org/fill-range/-/fill-range-7.1.1.tgz 0ms (cache hit)
644 http cache file-entry-cache@https://registry.npmjs.org/file-entry-cache/-/file-entry-cache-8.0.0.tgz 0ms (cache hit)
645 http cache fastq@https://registry.npmjs.org/fastq/-/fastq-1.20.1.tgz 4ms (cache hit)
646 http cache fast-levenshtein@https://registry.npmjs.org/fast-levenshtein/-/fast-levenshtein-2.0.6.tgz 0ms (cache hit)
647 http cache fast-glob@https://registry.npmjs.org/fast-glob/-/fast-glob-3.3.1.tgz 0ms (cache hit)
648 http cache fast-deep-equal@https://registry.npmjs.org/fast-deep-equal/-/fast-deep-equal-3.1.3.tgz 0ms (cache hit)
649 http cache esutils@https://registry.npmjs.org/esutils/-/esutils-2.0.3.tgz 0ms (cache hit)
650 http cache estraverse@https://registry.npmjs.org/estraverse/-/estraverse-5.3.0.tgz 0ms (cache hit)
651 http cache esrecurse@https://registry.npmjs.org/esrecurse/-/esrecurse-4.3.0.tgz 0ms (cache hit)
652 http cache esquery@https://registry.npmjs.org/esquery/-/esquery-1.7.0.tgz 0ms (cache hit)
653 http cache espree@https://registry.npmjs.org/espree/-/espree-10.4.0.tgz 0ms (cache hit)
654 http cache eslint-scope@https://registry.npmjs.org/eslint-scope/-/eslint-scope-8.4.0.tgz 0ms (cache hit)
655 http cache eslint-visitor-keys@https://registry.npmjs.org/eslint-visitor-keys/-/eslint-visitor-keys-4.2.1.tgz 1ms (cache hit)
656 http cache eslint-plugin-react-hooks@https://registry.npmjs.org/eslint-plugin-react-hooks/-/eslint-plugin-react-hooks-7.1.1.tgz 0ms (cache hit)
657 http cache eslint-plugin-react@https://registry.npmjs.org/eslint-plugin-react/-/eslint-plugin-react-7.37.5.tgz 0ms (cache hit)
658 http cache eslint-plugin-jsx-a11y@https://registry.npmjs.org/eslint-plugin-jsx-a11y/-/eslint-plugin-jsx-a11y-6.10.2.tgz 0ms (cache hit)
659 http cache eslint-plugin-import@https://registry.npmjs.org/eslint-plugin-import/-/eslint-plugin-import-2.32.0.tgz 0ms (cache hit)
660 http cache eslint-module-utils@https://registry.npmjs.org/eslint-module-utils/-/eslint-module-utils-2.14.0.tgz 0ms (cache hit)
661 http cache eslint-import-resolver-typescript@https://registry.npmjs.org/eslint-import-resolver-typescript/-/eslint-import-resolver-typescript-3.10.1.tgz 0ms (cache hit)
662 http cache eslint-import-resolver-node@https://registry.npmjs.org/eslint-import-resolver-node/-/eslint-import-resolver-node-0.3.10.tgz 0ms (cache hit)
663 http cache eslint-config-next@https://registry.npmjs.org/eslint-config-next/-/eslint-config-next-16.3.0.tgz 0ms (cache hit)
664 http cache eslint@https://registry.npmjs.org/eslint/-/eslint-9.39.5.tgz 0ms (cache hit)
665 http cache escape-string-regexp@https://registry.npmjs.org/escape-string-regexp/-/escape-string-regexp-4.0.0.tgz 0ms (cache hit)
666 http cache escalade@https://registry.npmjs.org/escalade/-/escalade-3.2.0.tgz 0ms (cache hit)
667 http cache es-to-primitive@https://registry.npmjs.org/es-to-primitive/-/es-to-primitive-1.3.4.tgz 0ms (cache hit)
668 http cache es-shim-unscopables@https://registry.npmjs.org/es-shim-unscopables/-/es-shim-unscopables-1.1.0.tgz 0ms (cache hit)
669 http cache es-set-tostringtag@https://registry.npmjs.org/es-set-tostringtag/-/es-set-tostringtag-2.1.0.tgz 0ms (cache hit)
670 http cache es-object-atoms@https://registry.npmjs.org/es-object-atoms/-/es-object-atoms-1.1.2.tgz 0ms (cache hit)
671 http cache es-iterator-helpers@https://registry.npmjs.org/es-iterator-helpers/-/es-iterator-helpers-1.4.0.tgz 0ms (cache hit)
672 http cache es-errors@https://registry.npmjs.org/es-errors/-/es-errors-1.3.0.tgz 0ms (cache hit)
673 http cache es-define-property@https://registry.npmjs.org/es-define-property/-/es-define-property-1.0.1.tgz 0ms (cache hit)
674 http cache es-abstract-get@https://registry.npmjs.org/es-abstract-get/-/es-abstract-get-1.0.0.tgz 0ms (cache hit)
675 http cache es-abstract@https://registry.npmjs.org/es-abstract/-/es-abstract-1.24.2.tgz 0ms (cache hit)
676 http cache enhanced-resolve@https://registry.npmjs.org/enhanced-resolve/-/enhanced-resolve-5.24.5.tgz 0ms (cache hit)
677 http cache emoji-regex@https://registry.npmjs.org/emoji-regex/-/emoji-regex-9.2.2.tgz 1ms (cache hit)
678 http cache electron-to-chromium@https://registry.npmjs.org/electron-to-chromium/-/electron-to-chromium-1.5.403.tgz 0ms (cache hit)
679 http cache dunder-proto@https://registry.npmjs.org/dunder-proto/-/dunder-proto-1.0.1.tgz 0ms (cache hit)
680 http cache doctrine@https://registry.npmjs.org/doctrine/-/doctrine-2.1.0.tgz 0ms (cache hit)
681 http cache detect-libc@https://registry.npmjs.org/detect-libc/-/detect-libc-2.1.2.tgz 0ms (cache hit)
682 http cache define-properties@https://registry.npmjs.org/define-properties/-/define-properties-1.2.1.tgz 0ms (cache hit)
683 http cache define-data-property@https://registry.npmjs.org/define-data-property/-/define-data-property-1.1.4.tgz 0ms (cache hit)
684 http cache deep-is@https://registry.npmjs.org/deep-is/-/deep-is-0.1.4.tgz 0ms (cache hit)
685 http cache debug@https://registry.npmjs.org/debug/-/debug-4.4.3.tgz 0ms (cache hit)
686 http cache data-view-byte-offset@https://registry.npmjs.org/data-view-byte-offset/-/data-view-byte-offset-1.0.1.tgz 0ms (cache hit)
687 http cache data-view-byte-length@https://registry.npmjs.org/data-view-byte-length/-/data-view-byte-length-1.0.2.tgz 0ms (cache hit)
688 http cache data-view-buffer@https://registry.npmjs.org/data-view-buffer/-/data-view-buffer-1.0.2.tgz 0ms (cache hit)
689 http cache damerau-levenshtein@https://registry.npmjs.org/damerau-levenshtein/-/damerau-levenshtein-1.0.8.tgz 0ms (cache hit)
690 http cache csstype@https://registry.npmjs.org/csstype/-/csstype-3.2.3.tgz 0ms (cache hit)
691 http cache cross-spawn@https://registry.npmjs.org/cross-spawn/-/cross-spawn-7.0.6.tgz 0ms (cache hit)
692 http cache convert-source-map@https://registry.npmjs.org/convert-source-map/-/convert-source-map-2.0.0.tgz 0ms (cache hit)
693 http cache concat-map@https://registry.npmjs.org/concat-map/-/concat-map-0.0.1.tgz 0ms (cache hit)
694 http cache color-name@https://registry.npmjs.org/color-name/-/color-name-1.1.4.tgz 0ms (cache hit)
695 http cache color-convert@https://registry.npmjs.org/color-convert/-/color-convert-2.0.1.tgz 0ms (cache hit)
696 http cache clsx@https://registry.npmjs.org/clsx/-/clsx-2.1.1.tgz 0ms (cache hit)
697 http cache client-only@https://registry.npmjs.org/client-only/-/client-only-0.0.1.tgz 0ms (cache hit)
698 http cache class-variance-authority@https://registry.npmjs.org/class-variance-authority/-/class-variance-authority-0.7.1.tgz 0ms (cache hit)
699 http cache chalk@https://registry.npmjs.org/chalk/-/chalk-4.1.2.tgz 0ms (cache hit)
700 http cache caniuse-lite@https://registry.npmjs.org/caniuse-lite/-/caniuse-lite-1.0.30001809.tgz 0ms (cache hit)
701 http cache callsites@https://registry.npmjs.org/callsites/-/callsites-3.1.0.tgz 0ms (cache hit)
702 http cache call-bound@https://registry.npmjs.org/call-bound/-/call-bound-1.0.4.tgz 0ms (cache hit)
703 http cache call-bind-apply-helpers@https://registry.npmjs.org/call-bind-apply-helpers/-/call-bind-apply-helpers-1.0.2.tgz 0ms (cache hit)
704 http cache call-bind@https://registry.npmjs.org/call-bind/-/call-bind-1.0.9.tgz 0ms (cache hit)
705 http cache browserslist@https://registry.npmjs.org/browserslist/-/browserslist-4.28.8.tgz 0ms (cache hit)
706 http cache braces@https://registry.npmjs.org/braces/-/braces-3.0.3.tgz 1ms (cache hit)
707 http cache brace-expansion@https://registry.npmjs.org/brace-expansion/-/brace-expansion-1.1.18.tgz 0ms (cache hit)
708 http cache baseline-browser-mapping@https://registry.npmjs.org/baseline-browser-mapping/-/baseline-browser-mapping-2.11.13.tgz 0ms (cache hit)
709 http cache balanced-match@https://registry.npmjs.org/balanced-match/-/balanced-match-1.0.2.tgz 0ms (cache hit)
710 http cache axobject-query@https://registry.npmjs.org/axobject-query/-/axobject-query-4.1.0.tgz 0ms (cache hit)
711 http cache axe-core@https://registry.npmjs.org/axe-core/-/axe-core-4.13.0.tgz 0ms (cache hit)
712 http cache available-typed-arrays@https://registry.npmjs.org/available-typed-arrays/-/available-typed-arrays-1.0.7.tgz 0ms (cache hit)
713 http cache async-function@https://registry.npmjs.org/async-function/-/async-function-1.0.0.tgz 0ms (cache hit)
714 http cache ast-types-flow@https://registry.npmjs.org/ast-types-flow/-/ast-types-flow-0.0.8.tgz 0ms (cache hit)
715 http cache arraybuffer.prototype.slice@https://registry.npmjs.org/arraybuffer.prototype.slice/-/arraybuffer.prototype.slice-1.0.4.tgz 0ms (cache hit)
716 http cache array.prototype.tosorted@https://registry.npmjs.org/array.prototype.tosorted/-/array.prototype.tosorted-1.1.4.tgz 0ms (cache hit)
717 http cache array.prototype.flatmap@https://registry.npmjs.org/array.prototype.flatmap/-/array.prototype.flatmap-1.3.3.tgz 0ms (cache hit)
718 http cache array.prototype.flat@https://registry.npmjs.org/array.prototype.flat/-/array.prototype.flat-1.3.3.tgz 0ms (cache hit)
719 http cache array.prototype.findlastindex@https://registry.npmjs.org/array.prototype.findlastindex/-/array.prototype.findlastindex-1.2.6.tgz 0ms (cache hit)
720 http cache array.prototype.findlast@https://registry.npmjs.org/array.prototype.findlast/-/array.prototype.findlast-1.2.5.tgz 0ms (cache hit)
721 http cache array-includes@https://registry.npmjs.org/array-includes/-/array-includes-3.1.9.tgz 0ms (cache hit)
722 http cache array-buffer-byte-length@https://registry.npmjs.org/array-buffer-byte-length/-/array-buffer-byte-length-1.0.2.tgz 0ms (cache hit)
723 http cache aria-query@https://registry.npmjs.org/aria-query/-/aria-query-5.3.2.tgz 0ms (cache hit)
724 http cache ansi-styles@https://registry.npmjs.org/ansi-styles/-/ansi-styles-4.3.0.tgz 0ms (cache hit)
725 http cache argparse@https://registry.npmjs.org/argparse/-/argparse-2.0.1.tgz 0ms (cache hit)
726 http cache acorn-jsx@https://registry.npmjs.org/acorn-jsx/-/acorn-jsx-5.3.2.tgz 1ms (cache hit)
727 http cache @unrs/resolver-binding-win32-x64-msvc@https://registry.npmjs.org/@unrs/resolver-binding-win32-x64-msvc/-/resolver-binding-win32-x64-msvc-1.12.2.tgz 0ms (cache hit)
728 http cache acorn@https://registry.npmjs.org/acorn/-/acorn-8.18.0.tgz 0ms (cache hit)
729 http cache @typescript-eslint/visitor-keys@https://registry.npmjs.org/@typescript-eslint/visitor-keys/-/visitor-keys-8.66.0.tgz 0ms (cache hit)
730 http cache @typescript-eslint/utils@https://registry.npmjs.org/@typescript-eslint/utils/-/utils-8.66.0.tgz 0ms (cache hit)
731 http cache @typescript-eslint/types@https://registry.npmjs.org/@typescript-eslint/types/-/types-8.66.0.tgz 0ms (cache hit)
732 http cache @typescript-eslint/tsconfig-utils@https://registry.npmjs.org/@typescript-eslint/tsconfig-utils/-/tsconfig-utils-8.66.0.tgz 0ms (cache hit)
733 http cache @typescript-eslint/typescript-estree@https://registry.npmjs.org/@typescript-eslint/typescript-estree/-/typescript-estree-8.66.0.tgz 0ms (cache hit)
734 http cache @typescript-eslint/type-utils@https://registry.npmjs.org/@typescript-eslint/type-utils/-/type-utils-8.66.0.tgz 0ms (cache hit)
735 http cache @typescript-eslint/scope-manager@https://registry.npmjs.org/@typescript-eslint/scope-manager/-/scope-manager-8.66.0.tgz 0ms (cache hit)
736 http cache @typescript-eslint/project-service@https://registry.npmjs.org/@typescript-eslint/project-service/-/project-service-8.66.0.tgz 1ms (cache hit)
737 http cache @typescript-eslint/parser@https://registry.npmjs.org/@typescript-eslint/parser/-/parser-8.66.0.tgz 0ms (cache hit)
738 http cache @typescript-eslint/eslint-plugin@https://registry.npmjs.org/@typescript-eslint/eslint-plugin/-/eslint-plugin-8.66.0.tgz 0ms (cache hit)
739 http cache @types/react-dom@https://registry.npmjs.org/@types/react-dom/-/react-dom-19.2.4.tgz 0ms (cache hit)
740 http cache @types/react@https://registry.npmjs.org/@types/react/-/react-19.2.18.tgz 0ms (cache hit)
741 http cache @types/node@https://registry.npmjs.org/@types/node/-/node-20.19.43.tgz 0ms (cache hit)
742 http cache @types/json5@https://registry.npmjs.org/@types/json5/-/json5-0.0.29.tgz 0ms (cache hit)
743 http cache @types/json-schema@https://registry.npmjs.org/@types/json-schema/-/json-schema-7.0.15.tgz 0ms (cache hit)
744 http cache @types/estree@https://registry.npmjs.org/@types/estree/-/estree-1.0.9.tgz 0ms (cache hit)
745 http cache @tybys/wasm-util@https://registry.npmjs.org/@tybys/wasm-util/-/wasm-util-0.10.3.tgz 0ms (cache hit)
746 http cache @tailwindcss/postcss@https://registry.npmjs.org/@tailwindcss/postcss/-/postcss-4.3.3.tgz 0ms (cache hit)
747 http cache @tailwindcss/oxide-win32-x64-msvc@https://registry.npmjs.org/@tailwindcss/oxide-win32-x64-msvc/-/oxide-win32-x64-msvc-4.3.3.tgz 0ms (cache hit)
748 http cache @tailwindcss/node@https://registry.npmjs.org/@tailwindcss/node/-/node-4.3.3.tgz 0ms (cache hit)
749 http cache @tailwindcss/oxide@https://registry.npmjs.org/@tailwindcss/oxide/-/oxide-4.3.3.tgz 0ms (cache hit)
750 http cache @swc/helpers@https://registry.npmjs.org/@swc/helpers/-/helpers-0.5.15.tgz 0ms (cache hit)
751 silly packumentCache corgi:https://registry.npmjs.org/@standard-schema%2futils cache-miss
752 http cache @rtsao/scc@https://registry.npmjs.org/@rtsao/scc/-/scc-1.1.0.tgz 0ms (cache hit)
753 http cache @nolyfill/is-core-module@https://registry.npmjs.org/@nolyfill/is-core-module/-/is-core-module-1.0.39.tgz 0ms (cache hit)
754 http cache @nodelib/fs.walk@https://registry.npmjs.org/@nodelib/fs.walk/-/fs.walk-1.2.8.tgz 0ms (cache hit)
755 http cache @nodelib/fs.stat@https://registry.npmjs.org/@nodelib/fs.stat/-/fs.stat-2.0.5.tgz 1ms (cache hit)
756 http cache @nodelib/fs.scandir@https://registry.npmjs.org/@nodelib/fs.scandir/-/fs.scandir-2.1.5.tgz 0ms (cache hit)
757 http cache @next/swc-win32-x64-msvc@https://registry.npmjs.org/@next/swc-win32-x64-msvc/-/swc-win32-x64-msvc-16.3.0.tgz 0ms (cache hit)
758 http cache @next/eslint-plugin-next@https://registry.npmjs.org/@next/eslint-plugin-next/-/eslint-plugin-next-16.3.0.tgz 0ms (cache hit)
759 http cache @next/env@https://registry.npmjs.org/@next/env/-/env-16.3.0.tgz 0ms (cache hit)
760 http cache @napi-rs/wasm-runtime@https://registry.npmjs.org/@napi-rs/wasm-runtime/-/wasm-runtime-1.2.2.tgz 0ms (cache hit)
761 http cache @jridgewell/trace-mapping@https://registry.npmjs.org/@jridgewell/trace-mapping/-/trace-mapping-0.3.31.tgz 0ms (cache hit)
762 http cache @jridgewell/sourcemap-codec@https://registry.npmjs.org/@jridgewell/sourcemap-codec/-/sourcemap-codec-1.5.5.tgz 0ms (cache hit)
763 http cache @jridgewell/resolve-uri@https://registry.npmjs.org/@jridgewell/resolve-uri/-/resolve-uri-3.1.2.tgz 0ms (cache hit)
764 http cache @jridgewell/remapping@https://registry.npmjs.org/@jridgewell/remapping/-/remapping-2.3.5.tgz 0ms (cache hit)
765 http cache @jridgewell/gen-mapping@https://registry.npmjs.org/@jridgewell/gen-mapping/-/gen-mapping-0.3.13.tgz 0ms (cache hit)
766 http cache @img/sharp-win32-x64@https://registry.npmjs.org/@img/sharp-win32-x64/-/sharp-win32-x64-0.35.3.tgz 0ms (cache hit)
767 http cache @img/sharp-wasm32@https://registry.npmjs.org/@img/sharp-wasm32/-/sharp-wasm32-0.35.3.tgz 0ms (cache hit)
768 http cache @img/colour@https://registry.npmjs.org/@img/colour/-/colour-1.1.0.tgz 0ms (cache hit)
769 http cache @humanwhocodes/retry@https://registry.npmjs.org/@humanwhocodes/retry/-/retry-0.4.3.tgz 0ms (cache hit)
770 http cache @humanwhocodes/module-importer@https://registry.npmjs.org/@humanwhocodes/module-importer/-/module-importer-1.0.1.tgz 0ms (cache hit)
771 http cache @humanfs/types@https://registry.npmjs.org/@humanfs/types/-/types-0.15.0.tgz 0ms (cache hit)
772 http cache @humanfs/node@https://registry.npmjs.org/@humanfs/node/-/node-0.16.8.tgz 0ms (cache hit)
773 http cache @humanfs/core@https://registry.npmjs.org/@humanfs/core/-/core-0.19.2.tgz 0ms (cache hit)
774 http cache @hookform/resolvers@https://registry.npmjs.org/@hookform/resolvers/-/resolvers-5.7.1.tgz 0ms (cache hit)
775 http cache @eslint/plugin-kit@https://registry.npmjs.org/@eslint/plugin-kit/-/plugin-kit-0.4.1.tgz 0ms (cache hit)
776 http cache @eslint/object-schema@https://registry.npmjs.org/@eslint/object-schema/-/object-schema-2.1.7.tgz 0ms (cache hit)
777 http cache @eslint/js@https://registry.npmjs.org/@eslint/js/-/js-9.39.5.tgz 0ms (cache hit)
778 http cache @eslint/eslintrc@https://registry.npmjs.org/@eslint/eslintrc/-/eslintrc-3.3.6.tgz 0ms (cache hit)
779 http cache @eslint/core@https://registry.npmjs.org/@eslint/core/-/core-0.17.0.tgz 0ms (cache hit)
780 http cache @eslint/config-helpers@https://registry.npmjs.org/@eslint/config-helpers/-/config-helpers-0.4.2.tgz 0ms (cache hit)
781 http cache @eslint/config-array@https://registry.npmjs.org/@eslint/config-array/-/config-array-0.21.2.tgz 0ms (cache hit)
782 http cache @eslint-community/regexpp@https://registry.npmjs.org/@eslint-community/regexpp/-/regexpp-4.12.2.tgz 0ms (cache hit)
783 http cache @eslint-community/eslint-utils@https://registry.npmjs.org/@eslint-community/eslint-utils/-/eslint-utils-4.10.1.tgz 0ms (cache hit)
784 http cache @emnapi/wasi-threads@https://registry.npmjs.org/@emnapi/wasi-threads/-/wasi-threads-1.2.1.tgz 0ms (cache hit)
785 http cache @emnapi/runtime@https://registry.npmjs.org/@emnapi/runtime/-/runtime-1.11.3.tgz 0ms (cache hit)
786 http cache @emnapi/core@https://registry.npmjs.org/@emnapi/core/-/core-1.10.0.tgz 0ms (cache hit)
787 http cache @babel/types@https://registry.npmjs.org/@babel/types/-/types-7.29.8.tgz 0ms (cache hit)
788 http cache @babel/traverse@https://registry.npmjs.org/@babel/traverse/-/traverse-7.29.8.tgz 0ms (cache hit)
789 http cache @babel/template@https://registry.npmjs.org/@babel/template/-/template-7.29.7.tgz 1ms (cache hit)
790 http cache @babel/parser@https://registry.npmjs.org/@babel/parser/-/parser-7.29.8.tgz 0ms (cache hit)
791 http cache @babel/helpers@https://registry.npmjs.org/@babel/helpers/-/helpers-7.29.7.tgz 0ms (cache hit)
792 http cache @babel/helper-validator-option@https://registry.npmjs.org/@babel/helper-validator-option/-/helper-validator-option-7.29.7.tgz 0ms (cache hit)
793 http cache @babel/helper-validator-identifier@https://registry.npmjs.org/@babel/helper-validator-identifier/-/helper-validator-identifier-7.29.7.tgz 0ms (cache hit)
794 http cache @babel/helper-string-parser@https://registry.npmjs.org/@babel/helper-string-parser/-/helper-string-parser-7.29.7.tgz 0ms (cache hit)
795 http cache @babel/helper-module-transforms@https://registry.npmjs.org/@babel/helper-module-transforms/-/helper-module-transforms-7.29.7.tgz 0ms (cache hit)
796 http cache @babel/helper-module-imports@https://registry.npmjs.org/@babel/helper-module-imports/-/helper-module-imports-7.29.7.tgz 1ms (cache hit)
797 http cache @babel/helper-globals@https://registry.npmjs.org/@babel/helper-globals/-/helper-globals-7.29.7.tgz 0ms (cache hit)
798 http cache @babel/helper-compilation-targets@https://registry.npmjs.org/@babel/helper-compilation-targets/-/helper-compilation-targets-7.29.7.tgz 0ms (cache hit)
799 http cache @babel/generator@https://registry.npmjs.org/@babel/generator/-/generator-7.29.8.tgz 0ms (cache hit)
800 http cache @babel/core@https://registry.npmjs.org/@babel/core/-/core-7.29.7.tgz 0ms (cache hit)
801 http cache @babel/compat-data@https://registry.npmjs.org/@babel/compat-data/-/compat-data-7.29.7.tgz 0ms (cache hit)
802 http cache @babel/code-frame@https://registry.npmjs.org/@babel/code-frame/-/code-frame-7.29.7.tgz 0ms (cache hit)
803 http cache @alloc/quick-lru@https://registry.npmjs.org/@alloc/quick-lru/-/quick-lru-5.2.0.tgz 0ms (cache hit)
804 http cache json5@https://registry.npmjs.org/json5/-/json5-1.0.2.tgz 0ms (cache hit)
805 http cache picomatch@https://registry.npmjs.org/picomatch/-/picomatch-4.0.5.tgz 0ms (cache hit)
806 http cache fdir@https://registry.npmjs.org/fdir/-/fdir-6.5.0.tgz 0ms (cache hit)
807 http cache semver@https://registry.npmjs.org/semver/-/semver-7.8.5.tgz 0ms (cache hit)
808 http cache postcss@https://registry.npmjs.org/postcss/-/postcss-8.5.23.tgz 0ms (cache hit)
809 http cache semver@https://registry.npmjs.org/semver/-/semver-7.8.5.tgz 0ms (cache hit)
810 http cache glob-parent@https://registry.npmjs.org/glob-parent/-/glob-parent-5.1.2.tgz 0ms (cache hit)
811 http cache debug@https://registry.npmjs.org/debug/-/debug-3.2.7.tgz 0ms (cache hit)
812 http cache debug@https://registry.npmjs.org/debug/-/debug-3.2.7.tgz 0ms (cache hit)
813 http cache debug@https://registry.npmjs.org/debug/-/debug-3.2.7.tgz 0ms (cache hit)
814 http cache globals@https://registry.npmjs.org/globals/-/globals-16.4.0.tgz 0ms (cache hit)
815 http cache json-schema-traverse@https://registry.npmjs.org/json-schema-traverse/-/json-schema-traverse-0.4.1.tgz 0ms (cache hit)
816 http cache ajv@https://registry.npmjs.org/ajv/-/ajv-6.15.0.tgz 0ms (cache hit)
817 http cache @emnapi/runtime@https://registry.npmjs.org/@emnapi/runtime/-/runtime-1.10.0.tgz 0ms (cache hit)
818 http cache eslint-visitor-keys@https://registry.npmjs.org/eslint-visitor-keys/-/eslint-visitor-keys-5.0.1.tgz 0ms (cache hit)
819 http cache semver@https://registry.npmjs.org/semver/-/semver-7.8.5.tgz 0ms (cache hit)
820 http cache minimatch@https://registry.npmjs.org/minimatch/-/minimatch-10.2.6.tgz 0ms (cache hit)
821 http cache brace-expansion@https://registry.npmjs.org/brace-expansion/-/brace-expansion-5.0.9.tgz 0ms (cache hit)
822 http cache balanced-match@https://registry.npmjs.org/balanced-match/-/balanced-match-4.0.4.tgz 0ms (cache hit)
823 http cache ignore@https://registry.npmjs.org/ignore/-/ignore-7.0.6.tgz 0ms (cache hit)
824 http cache eslint-visitor-keys@https://registry.npmjs.org/eslint-visitor-keys/-/eslint-visitor-keys-3.4.3.tgz 0ms (cache hit)
825 http cache @eslint-community/eslint-utils@https://registry.npmjs.org/@eslint-community/eslint-utils/-/eslint-utils-4.9.1.tgz 0ms (cache hit)
826 http cache ajv@https://registry.npmjs.org/ajv/-/ajv-6.15.0.tgz 0ms (cache hit)
827 http cache json-schema-traverse@https://registry.npmjs.org/json-schema-traverse/-/json-schema-traverse-0.4.1.tgz 0ms (cache hit)
828 http cache eslint-visitor-keys@https://registry.npmjs.org/eslint-visitor-keys/-/eslint-visitor-keys-3.4.3.tgz 0ms (cache hit)
829 silly tarball no local data for punycode@https://registry.npmjs.org/punycode/-/punycode-2.3.1.tgz. Extracting by manifest.
830 silly tarball no local data for uri-js@https://registry.npmjs.org/uri-js/-/uri-js-4.4.1.tgz. Extracting by manifest.
831 silly tarball no local data for fast-json-stable-stringify@https://registry.npmjs.org/fast-json-stable-stringify/-/fast-json-stable-stringify-2.1.0.tgz. Extracting by manifest.
832 silly tarball no local data for detect-node-es@https://registry.npmjs.org/detect-node-es/-/detect-node-es-1.1.0.tgz. Extracting by manifest.
833 silly tarball no local data for get-nonce@https://registry.npmjs.org/get-nonce/-/get-nonce-1.0.1.tgz. Extracting by manifest.
834 silly tarball no local data for use-sidecar@https://registry.npmjs.org/use-sidecar/-/use-sidecar-1.1.3.tgz. Extracting by manifest.
835 silly tarball no local data for use-callback-ref@https://registry.npmjs.org/use-callback-ref/-/use-callback-ref-1.3.3.tgz. Extracting by manifest.
836 silly tarball no local data for react-style-singleton@https://registry.npmjs.org/react-style-singleton/-/react-style-singleton-2.2.3.tgz. Extracting by manifest.
837 silly tarball no local data for json-schema-traverse@https://registry.npmjs.org/json-schema-traverse/-/json-schema-traverse-1.0.0.tgz. Extracting by manifest.
838 silly tarball no local data for react-remove-scroll-bar@https://registry.npmjs.org/react-remove-scroll-bar/-/react-remove-scroll-bar-2.3.8.tgz. Extracting by manifest.
839 silly tarball no local data for require-from-string@https://registry.npmjs.org/require-from-string/-/require-from-string-2.0.2.tgz. Extracting by manifest.
840 silly tarball no local data for fast-uri@https://registry.npmjs.org/fast-uri/-/fast-uri-3.1.5.tgz. Extracting by manifest.
841 silly tarball no local data for @radix-ui/react-visually-hidden@https://registry.npmjs.org/@radix-ui/react-visually-hidden/-/react-visually-hidden-1.2.11.tgz. Extracting by manifest.
842 silly tarball no local data for @radix-ui/react-use-previous@https://registry.npmjs.org/@radix-ui/react-use-previous/-/react-use-previous-1.1.4.tgz. Extracting by manifest.
843 silly tarball no local data for @radix-ui/react-use-effect-event@https://registry.npmjs.org/@radix-ui/react-use-effect-event/-/react-use-effect-event-0.0.5.tgz. Extracting by manifest.
844 silly tarball no local data for @radix-ui/react-use-callback-ref@https://registry.npmjs.org/@radix-ui/react-use-callback-ref/-/react-use-callback-ref-1.1.4.tgz. Extracting by manifest.
845 silly tarball no local data for react-remove-scroll@https://registry.npmjs.org/react-remove-scroll/-/react-remove-scroll-2.7.2.tgz. Extracting by manifest.
846 silly tarball no local data for aria-hidden@https://registry.npmjs.org/aria-hidden/-/aria-hidden-1.2.6.tgz. Extracting by manifest.
847 silly tarball no local data for @radix-ui/react-portal@https://registry.npmjs.org/@radix-ui/react-portal/-/react-portal-1.1.17.tgz. Extracting by manifest.
848 silly tarball no local data for @radix-ui/react-focus-scope@https://registry.npmjs.org/@radix-ui/react-focus-scope/-/react-focus-scope-1.1.16.tgz. Extracting by manifest.
849 silly tarball no local data for @radix-ui/react-focus-guards@https://registry.npmjs.org/@radix-ui/react-focus-guards/-/react-focus-guards-1.1.6.tgz. Extracting by manifest.
850 silly tarball no local data for @radix-ui/react-dismissable-layer@https://registry.npmjs.org/@radix-ui/react-dismissable-layer/-/react-dismissable-layer-1.1.19.tgz. Extracting by manifest.
851 silly tarball no local data for @radix-ui/react-use-layout-effect@https://registry.npmjs.org/@radix-ui/react-use-layout-effect/-/react-use-layout-effect-1.1.4.tgz. Extracting by manifest.
852 silly tarball no local data for @radix-ui/react-presence@https://registry.npmjs.org/@radix-ui/react-presence/-/react-presence-1.1.10.tgz. Extracting by manifest.
853 silly tarball no local data for @radix-ui/react-use-controllable-state@https://registry.npmjs.org/@radix-ui/react-use-controllable-state/-/react-use-controllable-state-1.2.6.tgz. Extracting by manifest.
854 silly tarball no local data for @radix-ui/react-primitive@https://registry.npmjs.org/@radix-ui/react-primitive/-/react-primitive-2.1.10.tgz. Extracting by manifest.
855 silly tarball no local data for @radix-ui/react-id@https://registry.npmjs.org/@radix-ui/react-id/-/react-id-1.1.4.tgz. Extracting by manifest.
856 silly tarball no local data for @radix-ui/react-direction@https://registry.npmjs.org/@radix-ui/react-direction/-/react-direction-1.1.4.tgz. Extracting by manifest.
857 silly tarball no local data for @radix-ui/react-context@https://registry.npmjs.org/@radix-ui/react-context/-/react-context-1.2.2.tgz. Extracting by manifest.
858 silly tarball no local data for @radix-ui/react-compose-refs@https://registry.npmjs.org/@radix-ui/react-compose-refs/-/react-compose-refs-1.1.5.tgz. Extracting by manifest.
859 silly tarball no local data for @radix-ui/react-collection@https://registry.npmjs.org/@radix-ui/react-collection/-/react-collection-1.1.15.tgz. Extracting by manifest.
860 silly tarball no local data for @radix-ui/react-collapsible@https://registry.npmjs.org/@radix-ui/react-collapsible/-/react-collapsible-1.1.20.tgz. Extracting by manifest.
861 silly tarball no local data for @radix-ui/primitive@https://registry.npmjs.org/@radix-ui/primitive/-/primitive-1.1.7.tgz. Extracting by manifest.
862 silly tarball no local data for ajv@https://registry.npmjs.org/ajv/-/ajv-8.20.0.tgz. Extracting by manifest.
863 silly tarball no local data for @radix-ui/react-slot@https://registry.npmjs.org/@radix-ui/react-slot/-/react-slot-1.3.3.tgz. Extracting by manifest.
864 silly tarball no local data for @radix-ui/react-separator@https://registry.npmjs.org/@radix-ui/react-separator/-/react-separator-1.1.15.tgz. Extracting by manifest.
865 silly tarball no local data for @radix-ui/react-navigation-menu@https://registry.npmjs.org/@radix-ui/react-navigation-menu/-/react-navigation-menu-1.2.22.tgz. Extracting by manifest.
866 silly tarball no local data for @radix-ui/react-dialog@https://registry.npmjs.org/@radix-ui/react-dialog/-/react-dialog-1.1.23.tgz. Extracting by manifest.
867 silly tarball no local data for @radix-ui/react-accordion@https://registry.npmjs.org/@radix-ui/react-accordion/-/react-accordion-1.2.20.tgz. Extracting by manifest.
868 silly tarball no local data for zod-validation-error@https://registry.npmjs.org/zod-validation-error/-/zod-validation-error-4.0.2.tgz. Extracting by manifest.
869 silly tarball no local data for zod@https://registry.npmjs.org/zod/-/zod-4.4.3.tgz. Extracting by manifest.
870 silly tarball no local data for yocto-queue@https://registry.npmjs.org/yocto-queue/-/yocto-queue-0.1.0.tgz. Extracting by manifest.
871 silly tarball no local data for yallist@https://registry.npmjs.org/yallist/-/yallist-3.1.1.tgz. Extracting by manifest.
872 silly tarball no local data for word-wrap@https://registry.npmjs.org/word-wrap/-/word-wrap-1.2.5.tgz. Extracting by manifest.
873 silly tarball no local data for which-typed-array@https://registry.npmjs.org/which-typed-array/-/which-typed-array-1.1.22.tgz. Extracting by manifest.
874 silly tarball no local data for which-collection@https://registry.npmjs.org/which-collection/-/which-collection-1.0.2.tgz. Extracting by manifest.
875 silly tarball no local data for which-builtin-type@https://registry.npmjs.org/which-builtin-type/-/which-builtin-type-1.2.1.tgz. Extracting by manifest.
876 silly tarball no local data for which-boxed-primitive@https://registry.npmjs.org/which-boxed-primitive/-/which-boxed-primitive-1.1.1.tgz. Extracting by manifest.
877 silly tarball no local data for which@https://registry.npmjs.org/which/-/which-2.0.2.tgz. Extracting by manifest.
878 silly tarball no local data for update-browserslist-db@https://registry.npmjs.org/update-browserslist-db/-/update-browserslist-db-1.3.1.tgz. Extracting by manifest.
879 silly tarball no local data for unrs-resolver@https://registry.npmjs.org/unrs-resolver/-/unrs-resolver-1.12.2.tgz. Extracting by manifest.
880 silly tarball no local data for undici-types@https://registry.npmjs.org/undici-types/-/undici-types-6.21.0.tgz. Extracting by manifest.
881 silly tarball no local data for unbox-primitive@https://registry.npmjs.org/unbox-primitive/-/unbox-primitive-1.1.0.tgz. Extracting by manifest.
882 silly tarball no local data for typescript-eslint@https://registry.npmjs.org/typescript-eslint/-/typescript-eslint-8.66.0.tgz. Extracting by manifest.
883 silly tarball no local data for typescript@https://registry.npmjs.org/typescript/-/typescript-5.9.3.tgz. Extracting by manifest.
884 silly tarball no local data for typed-array-length@https://registry.npmjs.org/typed-array-length/-/typed-array-length-1.0.8.tgz. Extracting by manifest.
885 silly tarball no local data for typed-array-byte-offset@https://registry.npmjs.org/typed-array-byte-offset/-/typed-array-byte-offset-1.0.4.tgz. Extracting by manifest.
886 silly tarball no local data for typed-array-byte-length@https://registry.npmjs.org/typed-array-byte-length/-/typed-array-byte-length-1.0.3.tgz. Extracting by manifest.
887 silly tarball no local data for typed-array-buffer@https://registry.npmjs.org/typed-array-buffer/-/typed-array-buffer-1.0.3.tgz. Extracting by manifest.
888 silly tarball no local data for type-check@https://registry.npmjs.org/type-check/-/type-check-0.4.0.tgz. Extracting by manifest.
889 silly tarball no local data for tsconfig-paths@https://registry.npmjs.org/tsconfig-paths/-/tsconfig-paths-3.15.0.tgz. Extracting by manifest.
890 silly tarball no local data for ts-api-utils@https://registry.npmjs.org/ts-api-utils/-/ts-api-utils-2.5.0.tgz. Extracting by manifest.
891 silly tarball no local data for to-regex-range@https://registry.npmjs.org/to-regex-range/-/to-regex-range-5.0.1.tgz. Extracting by manifest.
892 silly tarball no local data for tinyglobby@https://registry.npmjs.org/tinyglobby/-/tinyglobby-0.2.17.tgz. Extracting by manifest.
893 silly tarball no local data for tapable@https://registry.npmjs.org/tapable/-/tapable-2.3.3.tgz. Extracting by manifest.
894 silly tarball no local data for tailwindcss@https://registry.npmjs.org/tailwindcss/-/tailwindcss-4.3.3.tgz. Extracting by manifest.
895 silly tarball no local data for tailwind-merge@https://registry.npmjs.org/tailwind-merge/-/tailwind-merge-3.6.0.tgz. Extracting by manifest.
896 silly tarball no local data for supports-preserve-symlinks-flag@https://registry.npmjs.org/supports-preserve-symlinks-flag/-/supports-preserve-symlinks-flag-1.0.0.tgz. Extracting by manifest.
897 silly tarball no local data for supports-color@https://registry.npmjs.org/supports-color/-/supports-color-7.2.0.tgz. Extracting by manifest.
898 silly tarball no local data for styled-jsx@https://registry.npmjs.org/styled-jsx/-/styled-jsx-5.1.6.tgz. Extracting by manifest.
899 silly tarball no local data for strip-json-comments@https://registry.npmjs.org/strip-json-comments/-/strip-json-comments-3.1.1.tgz. Extracting by manifest.
900 silly tarball no local data for strip-bom@https://registry.npmjs.org/strip-bom/-/strip-bom-3.0.0.tgz. Extracting by manifest.
901 silly tarball no local data for string.prototype.trimstart@https://registry.npmjs.org/string.prototype.trimstart/-/string.prototype.trimstart-1.0.8.tgz. Extracting by manifest.
902 silly tarball no local data for string.prototype.trimend@https://registry.npmjs.org/string.prototype.trimend/-/string.prototype.trimend-1.0.10.tgz. Extracting by manifest.
903 silly tarball no local data for string.prototype.trim@https://registry.npmjs.org/string.prototype.trim/-/string.prototype.trim-1.2.11.tgz. Extracting by manifest.
904 silly tarball no local data for string.prototype.repeat@https://registry.npmjs.org/string.prototype.repeat/-/string.prototype.repeat-1.0.0.tgz. Extracting by manifest.
905 silly tarball no local data for string.prototype.matchall@https://registry.npmjs.org/string.prototype.matchall/-/string.prototype.matchall-4.0.12.tgz. Extracting by manifest.
906 silly tarball no local data for string.prototype.includes@https://registry.npmjs.org/string.prototype.includes/-/string.prototype.includes-2.0.1.tgz. Extracting by manifest.
907 silly tarball no local data for stop-iteration-iterator@https://registry.npmjs.org/stop-iteration-iterator/-/stop-iteration-iterator-1.1.0.tgz. Extracting by manifest.
908 silly tarball no local data for stable-hash@https://registry.npmjs.org/stable-hash/-/stable-hash-0.0.5.tgz. Extracting by manifest.
909 silly tarball no local data for source-map-js@https://registry.npmjs.org/source-map-js/-/source-map-js-1.2.1.tgz. Extracting by manifest.
910 silly tarball no local data for side-channel-weakmap@https://registry.npmjs.org/side-channel-weakmap/-/side-channel-weakmap-1.0.2.tgz. Extracting by manifest.
911 silly tarball no local data for side-channel-map@https://registry.npmjs.org/side-channel-map/-/side-channel-map-1.0.1.tgz. Extracting by manifest.
912 silly tarball no local data for side-channel-list@https://registry.npmjs.org/side-channel-list/-/side-channel-list-1.0.1.tgz. Extracting by manifest.
913 silly tarball no local data for side-channel@https://registry.npmjs.org/side-channel/-/side-channel-1.1.1.tgz. Extracting by manifest.
914 silly tarball no local data for shebang-regex@https://registry.npmjs.org/shebang-regex/-/shebang-regex-3.0.0.tgz. Extracting by manifest.
915 silly tarball no local data for shebang-command@https://registry.npmjs.org/shebang-command/-/shebang-command-2.0.0.tgz. Extracting by manifest.
916 silly tarball no local data for sharp@https://registry.npmjs.org/sharp/-/sharp-0.35.3.tgz. Extracting by manifest.
917 silly tarball no local data for set-proto@https://registry.npmjs.org/set-proto/-/set-proto-1.0.0.tgz. Extracting by manifest.
918 silly tarball no local data for set-function-name@https://registry.npmjs.org/set-function-name/-/set-function-name-2.0.2.tgz. Extracting by manifest.
919 silly tarball no local data for set-function-length@https://registry.npmjs.org/set-function-length/-/set-function-length-1.2.2.tgz. Extracting by manifest.
920 silly tarball no local data for semver@https://registry.npmjs.org/semver/-/semver-6.3.1.tgz. Extracting by manifest.
921 silly tarball no local data for scheduler@https://registry.npmjs.org/scheduler/-/scheduler-0.27.0.tgz. Extracting by manifest.
922 silly tarball no local data for safe-regex-test@https://registry.npmjs.org/safe-regex-test/-/safe-regex-test-1.1.0.tgz. Extracting by manifest.
923 silly tarball no local data for safe-push-apply@https://registry.npmjs.org/safe-push-apply/-/safe-push-apply-1.0.0.tgz. Extracting by manifest.
924 silly tarball no local data for safe-array-concat@https://registry.npmjs.org/safe-array-concat/-/safe-array-concat-1.1.4.tgz. Extracting by manifest.
925 silly tarball no local data for run-parallel@https://registry.npmjs.org/run-parallel/-/run-parallel-1.2.0.tgz. Extracting by manifest.
926 silly tarball no local data for reusify@https://registry.npmjs.org/reusify/-/reusify-1.1.0.tgz. Extracting by manifest.
927 silly tarball no local data for resolve-pkg-maps@https://registry.npmjs.org/resolve-pkg-maps/-/resolve-pkg-maps-1.0.0.tgz. Extracting by manifest.
928 silly tarball no local data for resolve-from@https://registry.npmjs.org/resolve-from/-/resolve-from-4.0.0.tgz. Extracting by manifest.
929 silly tarball no local data for resolve@https://registry.npmjs.org/resolve/-/resolve-2.0.0-next.7.tgz. Extracting by manifest.
930 silly tarball no local data for regexp.prototype.flags@https://registry.npmjs.org/regexp.prototype.flags/-/regexp.prototype.flags-1.5.4.tgz. Extracting by manifest.
931 silly tarball no local data for reflect.getprototypeof@https://registry.npmjs.org/reflect.getprototypeof/-/reflect.getprototypeof-1.0.10.tgz. Extracting by manifest.
932 silly tarball no local data for react-is@https://registry.npmjs.org/react-is/-/react-is-16.13.1.tgz. Extracting by manifest.
933 silly tarball no local data for react-hook-form@https://registry.npmjs.org/react-hook-form/-/react-hook-form-7.85.0.tgz. Extracting by manifest.
934 silly tarball no local data for react-dom@https://registry.npmjs.org/react-dom/-/react-dom-19.2.8.tgz. Extracting by manifest.
935 silly tarball no local data for queue-microtask@https://registry.npmjs.org/queue-microtask/-/queue-microtask-1.2.3.tgz. Extracting by manifest.
936 silly tarball no local data for prop-types@https://registry.npmjs.org/prop-types/-/prop-types-15.8.1.tgz. Extracting by manifest.
937 silly tarball no local data for prelude-ls@https://registry.npmjs.org/prelude-ls/-/prelude-ls-1.2.1.tgz. Extracting by manifest.
938 silly tarball no local data for postcss@https://registry.npmjs.org/postcss/-/postcss-8.5.26.tgz. Extracting by manifest.
939 silly tarball no local data for possible-typed-array-names@https://registry.npmjs.org/possible-typed-array-names/-/possible-typed-array-names-1.1.0.tgz. Extracting by manifest.
940 silly tarball no local data for picomatch@https://registry.npmjs.org/picomatch/-/picomatch-2.3.2.tgz. Extracting by manifest.
941 silly tarball no local data for picocolors@https://registry.npmjs.org/picocolors/-/picocolors-1.1.1.tgz. Extracting by manifest.
942 silly tarball no local data for path-parse@https://registry.npmjs.org/path-parse/-/path-parse-1.0.7.tgz. Extracting by manifest.
943 silly tarball no local data for path-key@https://registry.npmjs.org/path-key/-/path-key-3.1.1.tgz. Extracting by manifest.
944 silly tarball no local data for path-exists@https://registry.npmjs.org/path-exists/-/path-exists-4.0.0.tgz. Extracting by manifest.
945 silly tarball no local data for parent-module@https://registry.npmjs.org/parent-module/-/parent-module-1.0.1.tgz. Extracting by manifest.
946 silly tarball no local data for p-locate@https://registry.npmjs.org/p-locate/-/p-locate-5.0.0.tgz. Extracting by manifest.
947 silly tarball no local data for p-limit@https://registry.npmjs.org/p-limit/-/p-limit-3.1.0.tgz. Extracting by manifest.
948 silly tarball no local data for own-keys@https://registry.npmjs.org/own-keys/-/own-keys-1.0.2.tgz. Extracting by manifest.
949 silly tarball no local data for optionator@https://registry.npmjs.org/optionator/-/optionator-0.9.4.tgz. Extracting by manifest.
950 silly tarball no local data for object.values@https://registry.npmjs.org/object.values/-/object.values-1.2.1.tgz. Extracting by manifest.
951 silly tarball no local data for object.groupby@https://registry.npmjs.org/object.groupby/-/object.groupby-1.0.3.tgz. Extracting by manifest.
952 silly tarball no local data for object.fromentries@https://registry.npmjs.org/object.fromentries/-/object.fromentries-2.0.8.tgz. Extracting by manifest.
953 silly tarball no local data for object.entries@https://registry.npmjs.org/object.entries/-/object.entries-1.1.9.tgz. Extracting by manifest.
954 silly tarball no local data for object.assign@https://registry.npmjs.org/object.assign/-/object.assign-4.1.7.tgz. Extracting by manifest.
955 silly tarball no local data for object-keys@https://registry.npmjs.org/object-keys/-/object-keys-1.1.1.tgz. Extracting by manifest.
956 silly tarball no local data for object-inspect@https://registry.npmjs.org/object-inspect/-/object-inspect-1.13.4.tgz. Extracting by manifest.
957 silly tarball no local data for object-assign@https://registry.npmjs.org/object-assign/-/object-assign-4.1.1.tgz. Extracting by manifest.
958 silly tarball no local data for node-releases@https://registry.npmjs.org/node-releases/-/node-releases-2.0.53.tgz. Extracting by manifest.
959 silly tarball no local data for node-exports-info@https://registry.npmjs.org/node-exports-info/-/node-exports-info-1.6.2.tgz. Extracting by manifest.
960 silly tarball no local data for next@https://registry.npmjs.org/next/-/next-16.3.0.tgz. Extracting by manifest.
961 silly tarball no local data for natural-compare@https://registry.npmjs.org/natural-compare/-/natural-compare-1.4.0.tgz. Extracting by manifest.
962 silly tarball no local data for napi-postinstall@https://registry.npmjs.org/napi-postinstall/-/napi-postinstall-0.3.4.tgz. Extracting by manifest.
963 silly tarball no local data for nanoid@https://registry.npmjs.org/nanoid/-/nanoid-3.3.18.tgz. Extracting by manifest.
964 silly tarball no local data for ms@https://registry.npmjs.org/ms/-/ms-2.1.3.tgz. Extracting by manifest.
965 silly tarball no local data for minimist@https://registry.npmjs.org/minimist/-/minimist-1.2.8.tgz. Extracting by manifest.
966 silly tarball no local data for minimatch@https://registry.npmjs.org/minimatch/-/minimatch-3.1.5.tgz. Extracting by manifest.
967 silly tarball no local data for micromatch@https://registry.npmjs.org/micromatch/-/micromatch-4.0.8.tgz. Extracting by manifest.
968 silly tarball no local data for merge2@https://registry.npmjs.org/merge2/-/merge2-1.4.1.tgz. Extracting by manifest.
969 silly tarball no local data for math-intrinsics@https://registry.npmjs.org/math-intrinsics/-/math-intrinsics-1.1.0.tgz. Extracting by manifest.
970 silly tarball no local data for magic-string@https://registry.npmjs.org/magic-string/-/magic-string-0.30.21.tgz. Extracting by manifest.
971 silly tarball no local data for lucide-react@https://registry.npmjs.org/lucide-react/-/lucide-react-1.31.0.tgz. Extracting by manifest.
972 silly tarball no local data for lru-cache@https://registry.npmjs.org/lru-cache/-/lru-cache-5.1.1.tgz. Extracting by manifest.
973 silly tarball no local data for loose-envify@https://registry.npmjs.org/loose-envify/-/loose-envify-1.4.0.tgz. Extracting by manifest.
974 silly tarball no local data for lodash.merge@https://registry.npmjs.org/lodash.merge/-/lodash.merge-4.6.2.tgz. Extracting by manifest.
975 silly tarball no local data for locate-path@https://registry.npmjs.org/locate-path/-/locate-path-6.0.0.tgz. Extracting by manifest.
976 silly tarball no local data for lightningcss-win32-x64-msvc@https://registry.npmjs.org/lightningcss-win32-x64-msvc/-/lightningcss-win32-x64-msvc-1.32.0.tgz. Extracting by manifest.
977 silly tarball no local data for lightningcss@https://registry.npmjs.org/lightningcss/-/lightningcss-1.32.0.tgz. Extracting by manifest.
978 silly tarball no local data for levn@https://registry.npmjs.org/levn/-/levn-0.4.1.tgz. Extracting by manifest.
979 silly tarball no local data for language-tags@https://registry.npmjs.org/language-tags/-/language-tags-1.0.9.tgz. Extracting by manifest.
980 silly tarball no local data for language-subtag-registry@https://registry.npmjs.org/language-subtag-registry/-/language-subtag-registry-0.3.23.tgz. Extracting by manifest.
981 silly tarball no local data for keyv@https://registry.npmjs.org/keyv/-/keyv-4.5.4.tgz. Extracting by manifest.
982 silly tarball no local data for jsx-ast-utils@https://registry.npmjs.org/jsx-ast-utils/-/jsx-ast-utils-3.3.5.tgz. Extracting by manifest.
983 silly tarball no local data for json5@https://registry.npmjs.org/json5/-/json5-2.2.3.tgz. Extracting by manifest.
984 silly tarball no local data for json-stable-stringify-without-jsonify@https://registry.npmjs.org/json-stable-stringify-without-jsonify/-/json-stable-stringify-without-jsonify-1.0.1.tgz. Extracting by manifest.
985 silly tarball no local data for json-buffer@https://registry.npmjs.org/json-buffer/-/json-buffer-3.0.1.tgz. Extracting by manifest.
986 silly tarball no local data for jsesc@https://registry.npmjs.org/jsesc/-/jsesc-3.1.0.tgz. Extracting by manifest.
987 silly tarball no local data for js-yaml@https://registry.npmjs.org/js-yaml/-/js-yaml-4.3.1.tgz. Extracting by manifest.
988 silly tarball no local data for js-tokens@https://registry.npmjs.org/js-tokens/-/js-tokens-4.0.0.tgz. Extracting by manifest.
989 silly tarball no local data for jiti@https://registry.npmjs.org/jiti/-/jiti-2.7.0.tgz. Extracting by manifest.
990 silly tarball no local data for iterator.prototype@https://registry.npmjs.org/iterator.prototype/-/iterator.prototype-1.1.5.tgz. Extracting by manifest.
991 silly tarball no local data for isexe@https://registry.npmjs.org/isexe/-/isexe-2.0.0.tgz. Extracting by manifest.
992 silly tarball no local data for isarray@https://registry.npmjs.org/isarray/-/isarray-2.0.5.tgz. Extracting by manifest.
993 silly tarball no local data for is-weakset@https://registry.npmjs.org/is-weakset/-/is-weakset-2.0.4.tgz. Extracting by manifest.
994 silly tarball no local data for is-weakref@https://registry.npmjs.org/is-weakref/-/is-weakref-1.1.1.tgz. Extracting by manifest.
995 silly tarball no local data for is-weakmap@https://registry.npmjs.org/is-weakmap/-/is-weakmap-2.0.2.tgz. Extracting by manifest.
996 silly tarball no local data for is-typed-array@https://registry.npmjs.org/is-typed-array/-/is-typed-array-1.1.15.tgz. Extracting by manifest.
997 silly tarball no local data for is-symbol@https://registry.npmjs.org/is-symbol/-/is-symbol-1.1.1.tgz. Extracting by manifest.
998 silly tarball no local data for is-string@https://registry.npmjs.org/is-string/-/is-string-1.1.1.tgz. Extracting by manifest.
999 silly tarball no local data for is-shared-array-buffer@https://registry.npmjs.org/is-shared-array-buffer/-/is-shared-array-buffer-1.0.4.tgz. Extracting by manifest.
1000 silly tarball no local data for is-set@https://registry.npmjs.org/is-set/-/is-set-2.0.3.tgz. Extracting by manifest.
1001 silly tarball no local data for is-regex@https://registry.npmjs.org/is-regex/-/is-regex-1.2.1.tgz. Extracting by manifest.
1002 silly tarball no local data for is-number-object@https://registry.npmjs.org/is-number-object/-/is-number-object-1.1.1.tgz. Extracting by manifest.
1003 silly tarball no local data for is-number@https://registry.npmjs.org/is-number/-/is-number-7.0.0.tgz. Extracting by manifest.
1004 silly tarball no local data for is-negative-zero@https://registry.npmjs.org/is-negative-zero/-/is-negative-zero-2.0.3.tgz. Extracting by manifest.
1005 silly tarball no local data for is-map@https://registry.npmjs.org/is-map/-/is-map-2.0.3.tgz. Extracting by manifest.
1006 silly tarball no local data for is-glob@https://registry.npmjs.org/is-glob/-/is-glob-4.0.3.tgz. Extracting by manifest.
1007 silly tarball no local data for is-generator-function@https://registry.npmjs.org/is-generator-function/-/is-generator-function-1.1.2.tgz. Extracting by manifest.
1008 silly tarball no local data for is-finalizationregistry@https://registry.npmjs.org/is-finalizationregistry/-/is-finalizationregistry-1.1.1.tgz. Extracting by manifest.
1009 silly tarball no local data for is-extglob@https://registry.npmjs.org/is-extglob/-/is-extglob-2.1.1.tgz. Extracting by manifest.
1010 silly tarball no local data for is-document.all@https://registry.npmjs.org/is-document.all/-/is-document.all-1.0.0.tgz. Extracting by manifest.
1011 silly tarball no local data for is-date-object@https://registry.npmjs.org/is-date-object/-/is-date-object-1.1.0.tgz. Extracting by manifest.
1012 silly tarball no local data for is-data-view@https://registry.npmjs.org/is-data-view/-/is-data-view-1.0.2.tgz. Extracting by manifest.
1013 silly tarball no local data for is-core-module@https://registry.npmjs.org/is-core-module/-/is-core-module-2.16.2.tgz. Extracting by manifest.
1014 silly tarball no local data for is-callable@https://registry.npmjs.org/is-callable/-/is-callable-1.2.7.tgz. Extracting by manifest.
1015 silly tarball no local data for is-bun-module@https://registry.npmjs.org/is-bun-module/-/is-bun-module-2.0.0.tgz. Extracting by manifest.
1016 silly tarball no local data for is-boolean-object@https://registry.npmjs.org/is-boolean-object/-/is-boolean-object-1.2.2.tgz. Extracting by manifest.
1017 silly tarball no local data for is-async-function@https://registry.npmjs.org/is-async-function/-/is-async-function-2.1.1.tgz. Extracting by manifest.
1018 silly tarball no local data for is-bigint@https://registry.npmjs.org/is-bigint/-/is-bigint-1.1.0.tgz. Extracting by manifest.
1019 silly tarball no local data for is-array-buffer@https://registry.npmjs.org/is-array-buffer/-/is-array-buffer-3.0.5.tgz. Extracting by manifest.
1020 silly tarball no local data for internal-slot@https://registry.npmjs.org/internal-slot/-/internal-slot-1.1.0.tgz. Extracting by manifest.
1021 silly tarball no local data for imurmurhash@https://registry.npmjs.org/imurmurhash/-/imurmurhash-0.1.4.tgz. Extracting by manifest.
1022 silly tarball no local data for import-fresh@https://registry.npmjs.org/import-fresh/-/import-fresh-3.3.1.tgz. Extracting by manifest.
1023 silly tarball no local data for ignore@https://registry.npmjs.org/ignore/-/ignore-5.3.2.tgz. Extracting by manifest.
1024 silly tarball no local data for hermes-parser@https://registry.npmjs.org/hermes-parser/-/hermes-parser-0.25.1.tgz. Extracting by manifest.
1025 silly tarball no local data for hermes-estree@https://registry.npmjs.org/hermes-estree/-/hermes-estree-0.25.1.tgz. Extracting by manifest.
1026 silly tarball no local data for hasown@https://registry.npmjs.org/hasown/-/hasown-2.0.4.tgz. Extracting by manifest.
1027 silly tarball no local data for has-tostringtag@https://registry.npmjs.org/has-tostringtag/-/has-tostringtag-1.0.2.tgz. Extracting by manifest.
1028 silly tarball no local data for has-symbols@https://registry.npmjs.org/has-symbols/-/has-symbols-1.1.0.tgz. Extracting by manifest.
1029 silly tarball no local data for has-proto@https://registry.npmjs.org/has-proto/-/has-proto-1.2.0.tgz. Extracting by manifest.
1030 silly tarball no local data for has-property-descriptors@https://registry.npmjs.org/has-property-descriptors/-/has-property-descriptors-1.0.2.tgz. Extracting by manifest.
1031 silly tarball no local data for has-flag@https://registry.npmjs.org/has-flag/-/has-flag-4.0.0.tgz. Extracting by manifest.
1032 silly tarball no local data for has-bigints@https://registry.npmjs.org/has-bigints/-/has-bigints-1.1.0.tgz. Extracting by manifest.
1033 silly tarball no local data for graceful-fs@https://registry.npmjs.org/graceful-fs/-/graceful-fs-4.2.11.tgz. Extracting by manifest.
1034 silly tarball no local data for gopd@https://registry.npmjs.org/gopd/-/gopd-1.2.0.tgz. Extracting by manifest.
1035 silly tarball no local data for globalthis@https://registry.npmjs.org/globalthis/-/globalthis-1.0.4.tgz. Extracting by manifest.
1036 silly tarball no local data for globals@https://registry.npmjs.org/globals/-/globals-14.0.0.tgz. Extracting by manifest.
1037 silly tarball no local data for glob-parent@https://registry.npmjs.org/glob-parent/-/glob-parent-6.0.2.tgz. Extracting by manifest.
1038 silly tarball no local data for get-tsconfig@https://registry.npmjs.org/get-tsconfig/-/get-tsconfig-4.14.1.tgz. Extracting by manifest.
1039 silly tarball no local data for get-symbol-description@https://registry.npmjs.org/get-symbol-description/-/get-symbol-description-1.1.0.tgz. Extracting by manifest.
1040 silly tarball no local data for get-proto@https://registry.npmjs.org/get-proto/-/get-proto-1.0.1.tgz. Extracting by manifest.
1041 silly tarball no local data for get-intrinsic@https://registry.npmjs.org/get-intrinsic/-/get-intrinsic-1.3.0.tgz. Extracting by manifest.
1042 silly tarball no local data for gensync@https://registry.npmjs.org/gensync/-/gensync-1.0.0-beta.2.tgz. Extracting by manifest.
1043 silly tarball no local data for generator-function@https://registry.npmjs.org/generator-function/-/generator-function-2.0.1.tgz. Extracting by manifest.
1044 silly tarball no local data for functions-have-names@https://registry.npmjs.org/functions-have-names/-/functions-have-names-1.2.3.tgz. Extracting by manifest.
1045 silly tarball no local data for function.prototype.name@https://registry.npmjs.org/function.prototype.name/-/function.prototype.name-1.2.0.tgz. Extracting by manifest.
1046 silly tarball no local data for function-bind@https://registry.npmjs.org/function-bind/-/function-bind-1.1.2.tgz. Extracting by manifest.
1047 silly tarball no local data for framer-motion@https://registry.npmjs.org/framer-motion/-/framer-motion-13.1.0.tgz. Extracting by manifest.
1048 silly tarball no local data for for-each@https://registry.npmjs.org/for-each/-/for-each-0.3.5.tgz. Extracting by manifest.
1049 silly tarball no local data for flatted@https://registry.npmjs.org/flatted/-/flatted-3.4.4.tgz. Extracting by manifest.
1050 silly tarball no local data for flat-cache@https://registry.npmjs.org/flat-cache/-/flat-cache-4.0.1.tgz. Extracting by manifest.
1051 silly tarball no local data for find-up@https://registry.npmjs.org/find-up/-/find-up-5.0.0.tgz. Extracting by manifest.
1052 silly tarball no local data for fill-range@https://registry.npmjs.org/fill-range/-/fill-range-7.1.1.tgz. Extracting by manifest.
1053 silly tarball no local data for file-entry-cache@https://registry.npmjs.org/file-entry-cache/-/file-entry-cache-8.0.0.tgz. Extracting by manifest.
1054 silly tarball no local data for fastq@https://registry.npmjs.org/fastq/-/fastq-1.20.1.tgz. Extracting by manifest.
1055 silly tarball no local data for fast-levenshtein@https://registry.npmjs.org/fast-levenshtein/-/fast-levenshtein-2.0.6.tgz. Extracting by manifest.
1056 silly tarball no local data for fast-glob@https://registry.npmjs.org/fast-glob/-/fast-glob-3.3.1.tgz. Extracting by manifest.
1057 silly tarball no local data for fast-deep-equal@https://registry.npmjs.org/fast-deep-equal/-/fast-deep-equal-3.1.3.tgz. Extracting by manifest.
1058 silly tarball no local data for esutils@https://registry.npmjs.org/esutils/-/esutils-2.0.3.tgz. Extracting by manifest.
1059 silly tarball no local data for estraverse@https://registry.npmjs.org/estraverse/-/estraverse-5.3.0.tgz. Extracting by manifest.
1060 silly tarball no local data for esrecurse@https://registry.npmjs.org/esrecurse/-/esrecurse-4.3.0.tgz. Extracting by manifest.
1061 silly tarball no local data for esquery@https://registry.npmjs.org/esquery/-/esquery-1.7.0.tgz. Extracting by manifest.
1062 silly tarball no local data for espree@https://registry.npmjs.org/espree/-/espree-10.4.0.tgz. Extracting by manifest.
1063 silly tarball no local data for eslint-scope@https://registry.npmjs.org/eslint-scope/-/eslint-scope-8.4.0.tgz. Extracting by manifest.
1064 silly tarball no local data for eslint-visitor-keys@https://registry.npmjs.org/eslint-visitor-keys/-/eslint-visitor-keys-4.2.1.tgz. Extracting by manifest.
1065 silly tarball no local data for eslint-plugin-react-hooks@https://registry.npmjs.org/eslint-plugin-react-hooks/-/eslint-plugin-react-hooks-7.1.1.tgz. Extracting by manifest.
1066 silly tarball no local data for eslint-plugin-react@https://registry.npmjs.org/eslint-plugin-react/-/eslint-plugin-react-7.37.5.tgz. Extracting by manifest.
1067 silly tarball no local data for eslint-plugin-jsx-a11y@https://registry.npmjs.org/eslint-plugin-jsx-a11y/-/eslint-plugin-jsx-a11y-6.10.2.tgz. Extracting by manifest.
1068 silly tarball no local data for eslint-plugin-import@https://registry.npmjs.org/eslint-plugin-import/-/eslint-plugin-import-2.32.0.tgz. Extracting by manifest.
1069 silly tarball no local data for eslint-module-utils@https://registry.npmjs.org/eslint-module-utils/-/eslint-module-utils-2.14.0.tgz. Extracting by manifest.
1070 silly tarball no local data for eslint-import-resolver-typescript@https://registry.npmjs.org/eslint-import-resolver-typescript/-/eslint-import-resolver-typescript-3.10.1.tgz. Extracting by manifest.
1071 silly tarball no local data for eslint-import-resolver-node@https://registry.npmjs.org/eslint-import-resolver-node/-/eslint-import-resolver-node-0.3.10.tgz. Extracting by manifest.
1072 silly tarball no local data for eslint-config-next@https://registry.npmjs.org/eslint-config-next/-/eslint-config-next-16.3.0.tgz. Extracting by manifest.
1073 silly tarball no local data for eslint@https://registry.npmjs.org/eslint/-/eslint-9.39.5.tgz. Extracting by manifest.
1074 silly tarball no local data for escape-string-regexp@https://registry.npmjs.org/escape-string-regexp/-/escape-string-regexp-4.0.0.tgz. Extracting by manifest.
1075 silly tarball no local data for escalade@https://registry.npmjs.org/escalade/-/escalade-3.2.0.tgz. Extracting by manifest.
1076 silly tarball no local data for es-to-primitive@https://registry.npmjs.org/es-to-primitive/-/es-to-primitive-1.3.4.tgz. Extracting by manifest.
1077 silly tarball no local data for es-shim-unscopables@https://registry.npmjs.org/es-shim-unscopables/-/es-shim-unscopables-1.1.0.tgz. Extracting by manifest.
1078 silly tarball no local data for es-set-tostringtag@https://registry.npmjs.org/es-set-tostringtag/-/es-set-tostringtag-2.1.0.tgz. Extracting by manifest.
1079 silly tarball no local data for es-object-atoms@https://registry.npmjs.org/es-object-atoms/-/es-object-atoms-1.1.2.tgz. Extracting by manifest.
1080 silly tarball no local data for es-iterator-helpers@https://registry.npmjs.org/es-iterator-helpers/-/es-iterator-helpers-1.4.0.tgz. Extracting by manifest.
1081 silly tarball no local data for es-errors@https://registry.npmjs.org/es-errors/-/es-errors-1.3.0.tgz. Extracting by manifest.
1082 silly tarball no local data for es-define-property@https://registry.npmjs.org/es-define-property/-/es-define-property-1.0.1.tgz. Extracting by manifest.
1083 silly tarball no local data for es-abstract-get@https://registry.npmjs.org/es-abstract-get/-/es-abstract-get-1.0.0.tgz. Extracting by manifest.
1084 silly tarball no local data for es-abstract@https://registry.npmjs.org/es-abstract/-/es-abstract-1.24.2.tgz. Extracting by manifest.
1085 silly tarball no local data for enhanced-resolve@https://registry.npmjs.org/enhanced-resolve/-/enhanced-resolve-5.24.5.tgz. Extracting by manifest.
1086 silly tarball no local data for emoji-regex@https://registry.npmjs.org/emoji-regex/-/emoji-regex-9.2.2.tgz. Extracting by manifest.
1087 silly tarball no local data for electron-to-chromium@https://registry.npmjs.org/electron-to-chromium/-/electron-to-chromium-1.5.403.tgz. Extracting by manifest.
1088 silly tarball no local data for dunder-proto@https://registry.npmjs.org/dunder-proto/-/dunder-proto-1.0.1.tgz. Extracting by manifest.
1089 silly tarball no local data for doctrine@https://registry.npmjs.org/doctrine/-/doctrine-2.1.0.tgz. Extracting by manifest.
1090 silly tarball no local data for detect-libc@https://registry.npmjs.org/detect-libc/-/detect-libc-2.1.2.tgz. Extracting by manifest.
1091 silly tarball no local data for define-properties@https://registry.npmjs.org/define-properties/-/define-properties-1.2.1.tgz. Extracting by manifest.
1092 silly tarball no local data for define-data-property@https://registry.npmjs.org/define-data-property/-/define-data-property-1.1.4.tgz. Extracting by manifest.
1093 silly tarball no local data for deep-is@https://registry.npmjs.org/deep-is/-/deep-is-0.1.4.tgz. Extracting by manifest.
1094 silly tarball no local data for debug@https://registry.npmjs.org/debug/-/debug-4.4.3.tgz. Extracting by manifest.
1095 silly tarball no local data for data-view-byte-offset@https://registry.npmjs.org/data-view-byte-offset/-/data-view-byte-offset-1.0.1.tgz. Extracting by manifest.
1096 silly tarball no local data for data-view-byte-length@https://registry.npmjs.org/data-view-byte-length/-/data-view-byte-length-1.0.2.tgz. Extracting by manifest.
1097 silly tarball no local data for data-view-buffer@https://registry.npmjs.org/data-view-buffer/-/data-view-buffer-1.0.2.tgz. Extracting by manifest.
1098 silly tarball no local data for damerau-levenshtein@https://registry.npmjs.org/damerau-levenshtein/-/damerau-levenshtein-1.0.8.tgz. Extracting by manifest.
1099 silly tarball no local data for csstype@https://registry.npmjs.org/csstype/-/csstype-3.2.3.tgz. Extracting by manifest.
1100 silly tarball no local data for cross-spawn@https://registry.npmjs.org/cross-spawn/-/cross-spawn-7.0.6.tgz. Extracting by manifest.
1101 silly tarball no local data for convert-source-map@https://registry.npmjs.org/convert-source-map/-/convert-source-map-2.0.0.tgz. Extracting by manifest.
1102 silly tarball no local data for concat-map@https://registry.npmjs.org/concat-map/-/concat-map-0.0.1.tgz. Extracting by manifest.
1103 silly tarball no local data for color-name@https://registry.npmjs.org/color-name/-/color-name-1.1.4.tgz. Extracting by manifest.
1104 silly tarball no local data for color-convert@https://registry.npmjs.org/color-convert/-/color-convert-2.0.1.tgz. Extracting by manifest.
1105 silly tarball no local data for clsx@https://registry.npmjs.org/clsx/-/clsx-2.1.1.tgz. Extracting by manifest.
1106 silly tarball no local data for client-only@https://registry.npmjs.org/client-only/-/client-only-0.0.1.tgz. Extracting by manifest.
1107 silly tarball no local data for class-variance-authority@https://registry.npmjs.org/class-variance-authority/-/class-variance-authority-0.7.1.tgz. Extracting by manifest.
1108 silly tarball no local data for chalk@https://registry.npmjs.org/chalk/-/chalk-4.1.2.tgz. Extracting by manifest.
1109 silly tarball no local data for caniuse-lite@https://registry.npmjs.org/caniuse-lite/-/caniuse-lite-1.0.30001809.tgz. Extracting by manifest.
1110 silly tarball no local data for callsites@https://registry.npmjs.org/callsites/-/callsites-3.1.0.tgz. Extracting by manifest.
1111 silly tarball no local data for call-bound@https://registry.npmjs.org/call-bound/-/call-bound-1.0.4.tgz. Extracting by manifest.
1112 silly tarball no local data for call-bind-apply-helpers@https://registry.npmjs.org/call-bind-apply-helpers/-/call-bind-apply-helpers-1.0.2.tgz. Extracting by manifest.
1113 silly tarball no local data for call-bind@https://registry.npmjs.org/call-bind/-/call-bind-1.0.9.tgz. Extracting by manifest.
1114 silly tarball no local data for browserslist@https://registry.npmjs.org/browserslist/-/browserslist-4.28.8.tgz. Extracting by manifest.
1115 silly tarball no local data for braces@https://registry.npmjs.org/braces/-/braces-3.0.3.tgz. Extracting by manifest.
1116 silly tarball no local data for brace-expansion@https://registry.npmjs.org/brace-expansion/-/brace-expansion-1.1.18.tgz. Extracting by manifest.
1117 silly tarball no local data for baseline-browser-mapping@https://registry.npmjs.org/baseline-browser-mapping/-/baseline-browser-mapping-2.11.13.tgz. Extracting by manifest.
1118 silly tarball no local data for balanced-match@https://registry.npmjs.org/balanced-match/-/balanced-match-1.0.2.tgz. Extracting by manifest.
1119 silly tarball no local data for axobject-query@https://registry.npmjs.org/axobject-query/-/axobject-query-4.1.0.tgz. Extracting by manifest.
1120 silly tarball no local data for axe-core@https://registry.npmjs.org/axe-core/-/axe-core-4.13.0.tgz. Extracting by manifest.
1121 silly tarball no local data for available-typed-arrays@https://registry.npmjs.org/available-typed-arrays/-/available-typed-arrays-1.0.7.tgz. Extracting by manifest.
1122 silly tarball no local data for async-function@https://registry.npmjs.org/async-function/-/async-function-1.0.0.tgz. Extracting by manifest.
1123 silly tarball no local data for ast-types-flow@https://registry.npmjs.org/ast-types-flow/-/ast-types-flow-0.0.8.tgz. Extracting by manifest.
1124 silly tarball no local data for arraybuffer.prototype.slice@https://registry.npmjs.org/arraybuffer.prototype.slice/-/arraybuffer.prototype.slice-1.0.4.tgz. Extracting by manifest.
1125 silly tarball no local data for array.prototype.tosorted@https://registry.npmjs.org/array.prototype.tosorted/-/array.prototype.tosorted-1.1.4.tgz. Extracting by manifest.
1126 silly tarball no local data for array.prototype.flatmap@https://registry.npmjs.org/array.prototype.flatmap/-/array.prototype.flatmap-1.3.3.tgz. Extracting by manifest.
1127 silly tarball no local data for array.prototype.flat@https://registry.npmjs.org/array.prototype.flat/-/array.prototype.flat-1.3.3.tgz. Extracting by manifest.
1128 silly tarball no local data for array.prototype.findlastindex@https://registry.npmjs.org/array.prototype.findlastindex/-/array.prototype.findlastindex-1.2.6.tgz. Extracting by manifest.
1129 silly tarball no local data for array.prototype.findlast@https://registry.npmjs.org/array.prototype.findlast/-/array.prototype.findlast-1.2.5.tgz. Extracting by manifest.
1130 silly tarball no local data for array-includes@https://registry.npmjs.org/array-includes/-/array-includes-3.1.9.tgz. Extracting by manifest.
1131 silly tarball no local data for array-buffer-byte-length@https://registry.npmjs.org/array-buffer-byte-length/-/array-buffer-byte-length-1.0.2.tgz. Extracting by manifest.
1132 silly tarball no local data for aria-query@https://registry.npmjs.org/aria-query/-/aria-query-5.3.2.tgz. Extracting by manifest.
1133 silly tarball no local data for ansi-styles@https://registry.npmjs.org/ansi-styles/-/ansi-styles-4.3.0.tgz. Extracting by manifest.
1134 silly tarball no local data for argparse@https://registry.npmjs.org/argparse/-/argparse-2.0.1.tgz. Extracting by manifest.
1135 silly tarball no local data for acorn-jsx@https://registry.npmjs.org/acorn-jsx/-/acorn-jsx-5.3.2.tgz. Extracting by manifest.
1136 silly tarball no local data for @unrs/resolver-binding-win32-x64-msvc@https://registry.npmjs.org/@unrs/resolver-binding-win32-x64-msvc/-/resolver-binding-win32-x64-msvc-1.12.2.tgz. Extracting by manifest.
1137 silly tarball no local data for acorn@https://registry.npmjs.org/acorn/-/acorn-8.18.0.tgz. Extracting by manifest.
1138 silly tarball no local data for @typescript-eslint/visitor-keys@https://registry.npmjs.org/@typescript-eslint/visitor-keys/-/visitor-keys-8.66.0.tgz. Extracting by manifest.
1139 silly tarball no local data for @typescript-eslint/utils@https://registry.npmjs.org/@typescript-eslint/utils/-/utils-8.66.0.tgz. Extracting by manifest.
1140 silly tarball no local data for @typescript-eslint/types@https://registry.npmjs.org/@typescript-eslint/types/-/types-8.66.0.tgz. Extracting by manifest.
1141 silly tarball no local data for @typescript-eslint/tsconfig-utils@https://registry.npmjs.org/@typescript-eslint/tsconfig-utils/-/tsconfig-utils-8.66.0.tgz. Extracting by manifest.
1142 silly tarball no local data for @typescript-eslint/typescript-estree@https://registry.npmjs.org/@typescript-eslint/typescript-estree/-/typescript-estree-8.66.0.tgz. Extracting by manifest.
1143 silly tarball no local data for @typescript-eslint/type-utils@https://registry.npmjs.org/@typescript-eslint/type-utils/-/type-utils-8.66.0.tgz. Extracting by manifest.
1144 silly tarball no local data for @typescript-eslint/scope-manager@https://registry.npmjs.org/@typescript-eslint/scope-manager/-/scope-manager-8.66.0.tgz. Extracting by manifest.
1145 silly tarball no local data for @typescript-eslint/project-service@https://registry.npmjs.org/@typescript-eslint/project-service/-/project-service-8.66.0.tgz. Extracting by manifest.
1146 silly tarball no local data for @typescript-eslint/parser@https://registry.npmjs.org/@typescript-eslint/parser/-/parser-8.66.0.tgz. Extracting by manifest.
1147 silly tarball no local data for @typescript-eslint/eslint-plugin@https://registry.npmjs.org/@typescript-eslint/eslint-plugin/-/eslint-plugin-8.66.0.tgz. Extracting by manifest.
1148 silly tarball no local data for @types/react-dom@https://registry.npmjs.org/@types/react-dom/-/react-dom-19.2.4.tgz. Extracting by manifest.
1149 silly tarball no local data for @types/react@https://registry.npmjs.org/@types/react/-/react-19.2.18.tgz. Extracting by manifest.
1150 silly tarball no local data for @types/node@https://registry.npmjs.org/@types/node/-/node-20.19.43.tgz. Extracting by manifest.
1151 silly tarball no local data for @types/json5@https://registry.npmjs.org/@types/json5/-/json5-0.0.29.tgz. Extracting by manifest.
1152 silly tarball no local data for @types/json-schema@https://registry.npmjs.org/@types/json-schema/-/json-schema-7.0.15.tgz. Extracting by manifest.
1153 silly tarball no local data for @types/estree@https://registry.npmjs.org/@types/estree/-/estree-1.0.9.tgz. Extracting by manifest.
1154 silly tarball no local data for @tybys/wasm-util@https://registry.npmjs.org/@tybys/wasm-util/-/wasm-util-0.10.3.tgz. Extracting by manifest.
1155 silly tarball no local data for @tailwindcss/postcss@https://registry.npmjs.org/@tailwindcss/postcss/-/postcss-4.3.3.tgz. Extracting by manifest.
1156 silly tarball no local data for @tailwindcss/oxide-win32-x64-msvc@https://registry.npmjs.org/@tailwindcss/oxide-win32-x64-msvc/-/oxide-win32-x64-msvc-4.3.3.tgz. Extracting by manifest.
1157 silly tarball no local data for @tailwindcss/node@https://registry.npmjs.org/@tailwindcss/node/-/node-4.3.3.tgz. Extracting by manifest.
1158 silly tarball no local data for @tailwindcss/oxide@https://registry.npmjs.org/@tailwindcss/oxide/-/oxide-4.3.3.tgz. Extracting by manifest.
1159 silly tarball no local data for @swc/helpers@https://registry.npmjs.org/@swc/helpers/-/helpers-0.5.15.tgz. Extracting by manifest.
1160 silly tarball no local data for @rtsao/scc@https://registry.npmjs.org/@rtsao/scc/-/scc-1.1.0.tgz. Extracting by manifest.
1161 silly tarball no local data for @nolyfill/is-core-module@https://registry.npmjs.org/@nolyfill/is-core-module/-/is-core-module-1.0.39.tgz. Extracting by manifest.
1162 silly tarball no local data for @nodelib/fs.walk@https://registry.npmjs.org/@nodelib/fs.walk/-/fs.walk-1.2.8.tgz. Extracting by manifest.
1163 silly tarball no local data for @nodelib/fs.stat@https://registry.npmjs.org/@nodelib/fs.stat/-/fs.stat-2.0.5.tgz. Extracting by manifest.
1164 silly tarball no local data for @nodelib/fs.scandir@https://registry.npmjs.org/@nodelib/fs.scandir/-/fs.scandir-2.1.5.tgz. Extracting by manifest.
1165 silly tarball no local data for @next/swc-win32-x64-msvc@https://registry.npmjs.org/@next/swc-win32-x64-msvc/-/swc-win32-x64-msvc-16.3.0.tgz. Extracting by manifest.
1166 silly tarball no local data for @next/eslint-plugin-next@https://registry.npmjs.org/@next/eslint-plugin-next/-/eslint-plugin-next-16.3.0.tgz. Extracting by manifest.
1167 silly tarball no local data for @next/env@https://registry.npmjs.org/@next/env/-/env-16.3.0.tgz. Extracting by manifest.
1168 silly tarball no local data for @napi-rs/wasm-runtime@https://registry.npmjs.org/@napi-rs/wasm-runtime/-/wasm-runtime-1.2.2.tgz. Extracting by manifest.
1169 silly tarball no local data for @jridgewell/trace-mapping@https://registry.npmjs.org/@jridgewell/trace-mapping/-/trace-mapping-0.3.31.tgz. Extracting by manifest.
1170 silly tarball no local data for @jridgewell/sourcemap-codec@https://registry.npmjs.org/@jridgewell/sourcemap-codec/-/sourcemap-codec-1.5.5.tgz. Extracting by manifest.
1171 silly tarball no local data for @jridgewell/resolve-uri@https://registry.npmjs.org/@jridgewell/resolve-uri/-/resolve-uri-3.1.2.tgz. Extracting by manifest.
1172 silly tarball no local data for @jridgewell/remapping@https://registry.npmjs.org/@jridgewell/remapping/-/remapping-2.3.5.tgz. Extracting by manifest.
1173 silly tarball no local data for @jridgewell/gen-mapping@https://registry.npmjs.org/@jridgewell/gen-mapping/-/gen-mapping-0.3.13.tgz. Extracting by manifest.
1174 silly tarball no local data for @img/sharp-win32-x64@https://registry.npmjs.org/@img/sharp-win32-x64/-/sharp-win32-x64-0.35.3.tgz. Extracting by manifest.
1175 silly tarball no local data for @img/sharp-wasm32@https://registry.npmjs.org/@img/sharp-wasm32/-/sharp-wasm32-0.35.3.tgz. Extracting by manifest.
1176 silly tarball no local data for @img/colour@https://registry.npmjs.org/@img/colour/-/colour-1.1.0.tgz. Extracting by manifest.
1177 silly tarball no local data for @humanwhocodes/retry@https://registry.npmjs.org/@humanwhocodes/retry/-/retry-0.4.3.tgz. Extracting by manifest.
1178 silly tarball no local data for @humanwhocodes/module-importer@https://registry.npmjs.org/@humanwhocodes/module-importer/-/module-importer-1.0.1.tgz. Extracting by manifest.
1179 silly tarball no local data for @humanfs/types@https://registry.npmjs.org/@humanfs/types/-/types-0.15.0.tgz. Extracting by manifest.
1180 silly tarball no local data for @humanfs/node@https://registry.npmjs.org/@humanfs/node/-/node-0.16.8.tgz. Extracting by manifest.
1181 silly tarball no local data for @humanfs/core@https://registry.npmjs.org/@humanfs/core/-/core-0.19.2.tgz. Extracting by manifest.
1182 silly tarball no local data for @hookform/resolvers@https://registry.npmjs.org/@hookform/resolvers/-/resolvers-5.7.1.tgz. Extracting by manifest.
1183 silly tarball no local data for @eslint/plugin-kit@https://registry.npmjs.org/@eslint/plugin-kit/-/plugin-kit-0.4.1.tgz. Extracting by manifest.
1184 silly tarball no local data for @eslint/object-schema@https://registry.npmjs.org/@eslint/object-schema/-/object-schema-2.1.7.tgz. Extracting by manifest.
1185 silly tarball no local data for @eslint/js@https://registry.npmjs.org/@eslint/js/-/js-9.39.5.tgz. Extracting by manifest.
1186 silly tarball no local data for @eslint/eslintrc@https://registry.npmjs.org/@eslint/eslintrc/-/eslintrc-3.3.6.tgz. Extracting by manifest.
1187 silly tarball no local data for @eslint/core@https://registry.npmjs.org/@eslint/core/-/core-0.17.0.tgz. Extracting by manifest.
1188 silly tarball no local data for @eslint/config-helpers@https://registry.npmjs.org/@eslint/config-helpers/-/config-helpers-0.4.2.tgz. Extracting by manifest.
1189 silly tarball no local data for @eslint/config-array@https://registry.npmjs.org/@eslint/config-array/-/config-array-0.21.2.tgz. Extracting by manifest.
1190 silly tarball no local data for @eslint-community/regexpp@https://registry.npmjs.org/@eslint-community/regexpp/-/regexpp-4.12.2.tgz. Extracting by manifest.
1191 silly tarball no local data for @eslint-community/eslint-utils@https://registry.npmjs.org/@eslint-community/eslint-utils/-/eslint-utils-4.10.1.tgz. Extracting by manifest.
1192 silly tarball no local data for @emnapi/wasi-threads@https://registry.npmjs.org/@emnapi/wasi-threads/-/wasi-threads-1.2.1.tgz. Extracting by manifest.
1193 silly tarball no local data for @emnapi/runtime@https://registry.npmjs.org/@emnapi/runtime/-/runtime-1.11.3.tgz. Extracting by manifest.
1194 silly tarball no local data for @emnapi/core@https://registry.npmjs.org/@emnapi/core/-/core-1.10.0.tgz. Extracting by manifest.
1195 silly tarball no local data for @babel/types@https://registry.npmjs.org/@babel/types/-/types-7.29.8.tgz. Extracting by manifest.
1196 silly tarball no local data for @babel/traverse@https://registry.npmjs.org/@babel/traverse/-/traverse-7.29.8.tgz. Extracting by manifest.
1197 silly tarball no local data for @babel/template@https://registry.npmjs.org/@babel/template/-/template-7.29.7.tgz. Extracting by manifest.
1198 silly tarball no local data for @babel/parser@https://registry.npmjs.org/@babel/parser/-/parser-7.29.8.tgz. Extracting by manifest.
1199 silly tarball no local data for @babel/helpers@https://registry.npmjs.org/@babel/helpers/-/helpers-7.29.7.tgz. Extracting by manifest.
1200 silly tarball no local data for @babel/helper-validator-option@https://registry.npmjs.org/@babel/helper-validator-option/-/helper-validator-option-7.29.7.tgz. Extracting by manifest.
1201 silly tarball no local data for @babel/helper-validator-identifier@https://registry.npmjs.org/@babel/helper-validator-identifier/-/helper-validator-identifier-7.29.7.tgz. Extracting by manifest.
1202 silly tarball no local data for @babel/helper-string-parser@https://registry.npmjs.org/@babel/helper-string-parser/-/helper-string-parser-7.29.7.tgz. Extracting by manifest.
1203 silly tarball no local data for @babel/helper-module-transforms@https://registry.npmjs.org/@babel/helper-module-transforms/-/helper-module-transforms-7.29.7.tgz. Extracting by manifest.
1204 silly tarball no local data for @babel/helper-module-imports@https://registry.npmjs.org/@babel/helper-module-imports/-/helper-module-imports-7.29.7.tgz. Extracting by manifest.
1205 silly tarball no local data for @babel/helper-globals@https://registry.npmjs.org/@babel/helper-globals/-/helper-globals-7.29.7.tgz. Extracting by manifest.
1206 silly tarball no local data for @babel/helper-compilation-targets@https://registry.npmjs.org/@babel/helper-compilation-targets/-/helper-compilation-targets-7.29.7.tgz. Extracting by manifest.
1207 silly tarball no local data for @babel/generator@https://registry.npmjs.org/@babel/generator/-/generator-7.29.8.tgz. Extracting by manifest.
1208 silly tarball no local data for @babel/core@https://registry.npmjs.org/@babel/core/-/core-7.29.7.tgz. Extracting by manifest.
1209 http fetch POST 200 https://registry.npmjs.org/-/npm/v1/security/advisories/bulk 2290ms
1210 silly audit report {}
1211 silly tarball no local data for @babel/compat-data@https://registry.npmjs.org/@babel/compat-data/-/compat-data-7.29.7.tgz. Extracting by manifest.
1212 silly tarball no local data for @babel/code-frame@https://registry.npmjs.org/@babel/code-frame/-/code-frame-7.29.7.tgz. Extracting by manifest.
1213 silly tarball no local data for @alloc/quick-lru@https://registry.npmjs.org/@alloc/quick-lru/-/quick-lru-5.2.0.tgz. Extracting by manifest.
1214 silly tarball no local data for json5@https://registry.npmjs.org/json5/-/json5-1.0.2.tgz. Extracting by manifest.
1215 silly tarball no local data for picomatch@https://registry.npmjs.org/picomatch/-/picomatch-4.0.5.tgz. Extracting by manifest.
1216 silly tarball no local data for fdir@https://registry.npmjs.org/fdir/-/fdir-6.5.0.tgz. Extracting by manifest.
1217 silly tarball no local data for semver@https://registry.npmjs.org/semver/-/semver-7.8.5.tgz. Extracting by manifest.
1218 silly tarball no local data for postcss@https://registry.npmjs.org/postcss/-/postcss-8.5.23.tgz. Extracting by manifest.
1219 silly tarball no local data for semver@https://registry.npmjs.org/semver/-/semver-7.8.5.tgz. Extracting by manifest.
1220 silly tarball no local data for glob-parent@https://registry.npmjs.org/glob-parent/-/glob-parent-5.1.2.tgz. Extracting by manifest.
1221 silly tarball no local data for debug@https://registry.npmjs.org/debug/-/debug-3.2.7.tgz. Extracting by manifest.
1222 silly tarball no local data for debug@https://registry.npmjs.org/debug/-/debug-3.2.7.tgz. Extracting by manifest.
1223 silly tarball no local data for debug@https://registry.npmjs.org/debug/-/debug-3.2.7.tgz. Extracting by manifest.
1224 silly tarball no local data for globals@https://registry.npmjs.org/globals/-/globals-16.4.0.tgz. Extracting by manifest.
1225 silly tarball no local data for json-schema-traverse@https://registry.npmjs.org/json-schema-traverse/-/json-schema-traverse-0.4.1.tgz. Extracting by manifest.
1226 silly tarball no local data for ajv@https://registry.npmjs.org/ajv/-/ajv-6.15.0.tgz. Extracting by manifest.
1227 silly tarball no local data for @emnapi/runtime@https://registry.npmjs.org/@emnapi/runtime/-/runtime-1.10.0.tgz. Extracting by manifest.
1228 silly tarball no local data for eslint-visitor-keys@https://registry.npmjs.org/eslint-visitor-keys/-/eslint-visitor-keys-5.0.1.tgz. Extracting by manifest.
1229 silly tarball no local data for semver@https://registry.npmjs.org/semver/-/semver-7.8.5.tgz. Extracting by manifest.
1230 silly tarball no local data for minimatch@https://registry.npmjs.org/minimatch/-/minimatch-10.2.6.tgz. Extracting by manifest.
1231 silly tarball no local data for brace-expansion@https://registry.npmjs.org/brace-expansion/-/brace-expansion-5.0.9.tgz. Extracting by manifest.
1232 silly tarball no local data for balanced-match@https://registry.npmjs.org/balanced-match/-/balanced-match-4.0.4.tgz. Extracting by manifest.
1233 silly tarball no local data for ignore@https://registry.npmjs.org/ignore/-/ignore-7.0.6.tgz. Extracting by manifest.
1234 silly tarball no local data for eslint-visitor-keys@https://registry.npmjs.org/eslint-visitor-keys/-/eslint-visitor-keys-3.4.3.tgz. Extracting by manifest.
1235 silly tarball no local data for @eslint-community/eslint-utils@https://registry.npmjs.org/@eslint-community/eslint-utils/-/eslint-utils-4.9.1.tgz. Extracting by manifest.
1236 silly tarball no local data for ajv@https://registry.npmjs.org/ajv/-/ajv-6.15.0.tgz. Extracting by manifest.
1237 silly tarball no local data for json-schema-traverse@https://registry.npmjs.org/json-schema-traverse/-/json-schema-traverse-0.4.1.tgz. Extracting by manifest.
1238 silly tarball no local data for eslint-visitor-keys@https://registry.npmjs.org/eslint-visitor-keys/-/eslint-visitor-keys-3.4.3.tgz. Extracting by manifest.
1239 http fetch GET 200 https://registry.npmjs.org/motion-dom 1962ms (cache miss)
1240 silly packumentCache corgi:https://registry.npmjs.org/motion-dom set size:undefined disposed:false
1241 http fetch GET 200 https://registry.npmjs.org/tslib 2009ms (cache miss)
1242 silly packumentCache corgi:https://registry.npmjs.org/tslib set size:undefined disposed:false
1243 http fetch GET 200 https://registry.npmjs.org/motion-utils 1974ms (cache miss)
1244 silly packumentCache corgi:https://registry.npmjs.org/motion-utils set size:undefined disposed:false
1245 http fetch GET 200 https://registry.npmjs.org/@radix-ui/react-use-effect-event/-/react-use-effect-event-0.0.5.tgz 3159ms (cache miss)
1246 http fetch GET 200 https://registry.npmjs.org/@radix-ui/react-visually-hidden/-/react-visually-hidden-1.2.11.tgz 3162ms (cache miss)
1247 http fetch GET 200 https://registry.npmjs.org/@radix-ui/react-use-previous/-/react-use-previous-1.1.4.tgz 3195ms (cache miss)
1248 http fetch GET 200 https://registry.npmjs.org/@radix-ui/react-use-callback-ref/-/react-use-callback-ref-1.1.4.tgz 3248ms (cache miss)
1249 http fetch GET 200 https://registry.npmjs.org/aria-hidden/-/aria-hidden-1.2.6.tgz 3439ms (cache miss)
1250 http fetch GET 200 https://registry.npmjs.org/require-from-string/-/require-from-string-2.0.2.tgz 3499ms (cache miss)
1251 http fetch GET 200 https://registry.npmjs.org/@standard-schema%2futils 3853ms (cache miss)
1252 silly packumentCache corgi:https://registry.npmjs.org/@standard-schema%2futils set size:undefined disposed:false
1253 http fetch GET 200 https://registry.npmjs.org/@radix-ui/react-portal/-/react-portal-1.1.17.tgz 3803ms (cache miss)
1254 http fetch GET 200 https://registry.npmjs.org/@radix-ui/react-focus-scope/-/react-focus-scope-1.1.16.tgz 3839ms (cache miss)
1255 http fetch GET 200 https://registry.npmjs.org/fast-uri/-/fast-uri-3.1.5.tgz 4166ms (cache miss)
1256 http fetch GET 200 https://registry.npmjs.org/@radix-ui/react-primitive/-/react-primitive-2.1.10.tgz 4544ms (cache miss)
1257 http fetch GET 200 https://registry.npmjs.org/detect-node-es/-/detect-node-es-1.1.0.tgz 4775ms (cache miss)
1258 http fetch GET 200 https://registry.npmjs.org/get-nonce/-/get-nonce-1.0.1.tgz 4818ms (cache miss)
1259 http fetch GET 200 https://registry.npmjs.org/@radix-ui/react-focus-guards/-/react-focus-guards-1.1.6.tgz 4835ms (cache miss)
1260 http fetch GET 200 https://registry.npmjs.org/@radix-ui/react-use-layout-effect/-/react-use-layout-effect-1.1.4.tgz 4813ms (cache miss)
1261 http fetch GET 200 https://registry.npmjs.org/json-schema-traverse/-/json-schema-traverse-1.0.0.tgz 4854ms (cache miss)
1262 http fetch GET 200 https://registry.npmjs.org/@radix-ui/react-use-controllable-state/-/react-use-controllable-state-1.2.6.tgz 4818ms (cache miss)
1263 http fetch GET 200 https://registry.npmjs.org/@radix-ui/react-dismissable-layer/-/react-dismissable-layer-1.1.19.tgz 5370ms (cache miss)
1264 http fetch GET 200 https://registry.npmjs.org/@radix-ui/react-presence/-/react-presence-1.1.10.tgz 6253ms (cache miss)
1265 http fetch GET 200 https://registry.npmjs.org/@radix-ui/primitive/-/primitive-1.1.7.tgz 7252ms (cache miss)
1266 http fetch GET 200 https://registry.npmjs.org/which-collection/-/which-collection-1.0.2.tgz 7292ms (cache miss)
1267 http fetch GET 200 https://registry.npmjs.org/which-boxed-primitive/-/which-boxed-primitive-1.1.1.tgz 7599ms (cache miss)
1268 http fetch GET 200 https://registry.npmjs.org/yocto-queue/-/yocto-queue-0.1.0.tgz 7622ms (cache miss)
1269 http fetch GET 200 https://registry.npmjs.org/update-browserslist-db/-/update-browserslist-db-1.3.1.tgz 7718ms (cache miss)
1270 http fetch GET 200 https://registry.npmjs.org/punycode/-/punycode-2.3.1.tgz 7837ms (cache miss)
1271 http fetch GET 200 https://registry.npmjs.org/word-wrap/-/word-wrap-1.2.5.tgz 7814ms (cache miss)
1272 http fetch GET 200 https://registry.npmjs.org/yallist/-/yallist-3.1.1.tgz 7863ms (cache miss)
1273 http fetch GET 200 https://registry.npmjs.org/which/-/which-2.0.2.tgz 8064ms (cache miss)
1274 http fetch GET 200 https://registry.npmjs.org/@radix-ui/react-separator/-/react-separator-1.1.15.tgz 8300ms (cache miss)
1275 http fetch GET 200 https://registry.npmjs.org/@radix-ui/react-id/-/react-id-1.1.4.tgz 8341ms (cache miss)
1276 http fetch GET 200 https://registry.npmjs.org/type-check/-/type-check-0.4.0.tgz 8303ms (cache miss)
1277 http fetch GET 200 https://registry.npmjs.org/@radix-ui/react-compose-refs/-/react-compose-refs-1.1.5.tgz 8374ms (cache miss)
1278 http fetch GET 200 https://registry.npmjs.org/typed-array-byte-length/-/typed-array-byte-length-1.0.3.tgz 8442ms (cache miss)
1279 http fetch GET 200 https://registry.npmjs.org/@radix-ui/react-direction/-/react-direction-1.1.4.tgz 8606ms (cache miss)
1280 http fetch GET 200 https://registry.npmjs.org/fast-json-stable-stringify/-/fast-json-stable-stringify-2.1.0.tgz 8669ms (cache miss)
1281 http fetch GET 200 https://registry.npmjs.org/@radix-ui/react-collapsible/-/react-collapsible-1.1.20.tgz 8911ms (cache miss)
1282 http fetch GET 200 https://registry.npmjs.org/@radix-ui/react-context/-/react-context-1.2.2.tgz 9191ms (cache miss)
1283 http fetch GET 200 https://registry.npmjs.org/@radix-ui/react-slot/-/react-slot-1.3.3.tgz 9736ms (cache miss)
1284 http fetch GET 200 https://registry.npmjs.org/@radix-ui/react-accordion/-/react-accordion-1.2.20.tgz 10125ms (cache miss)
1285 http fetch GET 200 https://registry.npmjs.org/supports-color/-/supports-color-7.2.0.tgz 10540ms (cache miss)
1286 http fetch GET 200 https://registry.npmjs.org/strip-bom/-/strip-bom-3.0.0.tgz 10552ms (cache miss)
1287 http fetch GET 200 https://registry.npmjs.org/@radix-ui/react-dialog/-/react-dialog-1.1.23.tgz 10812ms (cache miss)
1288 http fetch GET 200 https://registry.npmjs.org/unrs-resolver/-/unrs-resolver-1.12.2.tgz 10801ms (cache miss)
1289 http fetch GET 200 https://registry.npmjs.org/strip-json-comments/-/strip-json-comments-3.1.1.tgz 10834ms (cache miss)
1290 http fetch GET 200 https://registry.npmjs.org/@radix-ui/react-navigation-menu/-/react-navigation-menu-1.2.22.tgz 11034ms (cache miss)
1291 http fetch GET 200 https://registry.npmjs.org/to-regex-range/-/to-regex-range-5.0.1.tgz 10997ms (cache miss)
1292 http fetch GET 200 https://registry.npmjs.org/tinyglobby/-/tinyglobby-0.2.17.tgz 12541ms (cache miss)
1293 http fetch GET 200 https://registry.npmjs.org/@radix-ui/react-collection/-/react-collection-1.1.15.tgz 13484ms (cache miss)
1294 http fetch GET 200 https://registry.npmjs.org/typescript-eslint/-/typescript-eslint-8.66.0.tgz 13979ms (cache miss)
1295 http fetch GET 200 https://registry.npmjs.org/string.prototype.matchall/-/string.prototype.matchall-4.0.12.tgz 13988ms (cache miss)
1296 http fetch GET 200 https://registry.npmjs.org/which-builtin-type/-/which-builtin-type-1.2.1.tgz 14445ms (cache miss)
1297 http fetch GET 200 https://registry.npmjs.org/typed-array-length/-/typed-array-length-1.0.8.tgz 14719ms (cache miss)
1298 http fetch GET 200 https://registry.npmjs.org/unbox-primitive/-/unbox-primitive-1.1.0.tgz 14950ms (cache miss)
1299 http fetch GET 200 https://registry.npmjs.org/side-channel-map/-/side-channel-map-1.0.1.tgz 14929ms (cache miss)
1300 http fetch GET 200 https://registry.npmjs.org/stable-hash/-/stable-hash-0.0.5.tgz 14965ms (cache miss)
1301 http fetch GET 200 https://registry.npmjs.org/shebang-command/-/shebang-command-2.0.0.tgz 14960ms (cache miss)
1302 http fetch GET 200 https://registry.npmjs.org/shebang-regex/-/shebang-regex-3.0.0.tgz 15267ms (cache miss)
1303 http fetch GET 200 https://registry.npmjs.org/typed-array-byte-offset/-/typed-array-byte-offset-1.0.4.tgz 16140ms (cache miss)
1304 http fetch GET 200 https://registry.npmjs.org/stop-iteration-iterator/-/stop-iteration-iterator-1.1.0.tgz 16669ms (cache miss)
1305 http fetch GET 200 https://registry.npmjs.org/set-function-name/-/set-function-name-2.0.2.tgz 16632ms (cache miss)
1306 http fetch GET 200 https://registry.npmjs.org/run-parallel/-/run-parallel-1.2.0.tgz 16773ms (cache miss)
1307 http fetch GET 200 https://registry.npmjs.org/safe-push-apply/-/safe-push-apply-1.0.0.tgz 17078ms (cache miss)
1308 http fetch GET 200 https://registry.npmjs.org/scheduler/-/scheduler-0.27.0.tgz 17417ms (cache miss)
1309 http fetch GET 200 https://registry.npmjs.org/react-is/-/react-is-16.13.1.tgz 17505ms (cache miss)
1310 http fetch GET 200 https://registry.npmjs.org/p-limit/-/p-limit-3.1.0.tgz 17815ms (cache miss)
1311 http fetch GET 200 https://registry.npmjs.org/path-exists/-/path-exists-4.0.0.tgz 17849ms (cache miss)
1312 http fetch GET 200 https://registry.npmjs.org/object.entries/-/object.entries-1.1.9.tgz 17858ms (cache miss)
1313 http fetch GET 200 https://registry.npmjs.org/typed-array-buffer/-/typed-array-buffer-1.0.3.tgz 18088ms (cache miss)
1314 http fetch GET 200 https://registry.npmjs.org/merge2/-/merge2-1.4.1.tgz 18063ms (cache miss)
1315 http fetch GET 200 https://registry.npmjs.org/ms/-/ms-2.1.3.tgz 18100ms (cache miss)
1316 http fetch GET 200 https://registry.npmjs.org/resolve-from/-/resolve-from-4.0.0.tgz 18277ms (cache miss)
1317 http fetch GET 200 https://registry.npmjs.org/path-key/-/path-key-3.1.1.tgz 18242ms (cache miss)
1318 http fetch GET 200 https://registry.npmjs.org/path-parse/-/path-parse-1.0.7.tgz 18246ms (cache miss)
1319 http fetch GET 200 https://registry.npmjs.org/queue-microtask/-/queue-microtask-1.2.3.tgz 18316ms (cache miss)
1320 http fetch GET 200 https://registry.npmjs.org/picocolors/-/picocolors-1.1.1.tgz 18338ms (cache miss)
1321 http fetch GET 200 https://registry.npmjs.org/object.groupby/-/object.groupby-1.0.3.tgz 18377ms (cache miss)
1322 http fetch GET 200 https://registry.npmjs.org/object-assign/-/object-assign-4.1.1.tgz 18514ms (cache miss)
1323 http fetch GET 200 https://registry.npmjs.org/minimatch/-/minimatch-3.1.5.tgz 18934ms (cache miss)
1324 http fetch GET 200 https://registry.npmjs.org/p-locate/-/p-locate-5.0.0.tgz 19015ms (cache miss)
1325 http fetch GET 200 https://registry.npmjs.org/own-keys/-/own-keys-1.0.2.tgz 19032ms (cache miss)
1326 http fetch GET 200 https://registry.npmjs.org/parent-module/-/parent-module-1.0.1.tgz 19067ms (cache miss)
1327 http fetch GET 200 https://registry.npmjs.org/reflect.getprototypeof/-/reflect.getprototypeof-1.0.10.tgz 19170ms (cache miss)
1328 http fetch GET 200 https://registry.npmjs.org/which-typed-array/-/which-typed-array-1.1.22.tgz 19549ms (cache miss)
1329 http fetch GET 200 https://registry.npmjs.org/natural-compare/-/natural-compare-1.4.0.tgz 19510ms (cache miss)
1330 http fetch GET 200 https://registry.npmjs.org/supports-preserve-symlinks-flag/-/supports-preserve-symlinks-flag-1.0.0.tgz 19788ms (cache miss)
1331 http fetch GET 200 https://registry.npmjs.org/react-remove-scroll-bar/-/react-remove-scroll-bar-2.3.8.tgz 20543ms (cache miss)
1332 http fetch GET 200 https://registry.npmjs.org/micromatch/-/micromatch-4.0.8.tgz 20432ms (cache miss)
1333 http fetch GET 200 https://registry.npmjs.org/loose-envify/-/loose-envify-1.4.0.tgz 20555ms (cache miss)
1334 http fetch GET 200 https://registry.npmjs.org/lru-cache/-/lru-cache-5.1.1.tgz 20599ms (cache miss)
1335 http fetch GET 200 https://registry.npmjs.org/locate-path/-/locate-path-6.0.0.tgz 21043ms (cache miss)
1336 http fetch GET 200 https://registry.npmjs.org/levn/-/levn-0.4.1.tgz 21392ms (cache miss)
1337 http fetch GET 200 https://registry.npmjs.org/resolve-pkg-maps/-/resolve-pkg-maps-1.0.0.tgz 21552ms (cache miss)
1338 http fetch GET 200 https://registry.npmjs.org/lodash.merge/-/lodash.merge-4.6.2.tgz 21453ms (cache miss)
1339 http fetch GET 200 https://registry.npmjs.org/keyv/-/keyv-4.5.4.tgz 21445ms (cache miss)
1340 http fetch GET 200 https://registry.npmjs.org/json-stable-stringify-without-jsonify/-/json-stable-stringify-without-jsonify-1.0.1.tgz 22128ms (cache miss)
1341 http fetch GET 200 https://registry.npmjs.org/semver/-/semver-6.3.1.tgz 22558ms (cache miss)
1342 http fetch GET 200 https://registry.npmjs.org/json-buffer/-/json-buffer-3.0.1.tgz 22587ms (cache miss)
1343 http fetch GET 200 https://registry.npmjs.org/node-releases/-/node-releases-2.0.53.tgz 22734ms (cache miss)
1344 http fetch GET 200 https://registry.npmjs.org/is-weakset/-/is-weakset-2.0.4.tgz 22741ms (cache miss)
1345 http fetch GET 200 https://registry.npmjs.org/language-tags/-/language-tags-1.0.9.tgz 23111ms (cache miss)
1346 http fetch GET 200 https://registry.npmjs.org/is-weakref/-/is-weakref-1.1.1.tgz 23183ms (cache miss)
1347 http fetch GET 200 https://registry.npmjs.org/isexe/-/isexe-2.0.0.tgz 23557ms (cache miss)
1348 http fetch GET 200 https://registry.npmjs.org/is-string/-/is-string-1.1.1.tgz 23939ms (cache miss)
1349 http fetch GET 200 https://registry.npmjs.org/jsesc/-/jsesc-3.1.0.tgz 24049ms (cache miss)
1350 http fetch GET 200 https://registry.npmjs.org/is-weakmap/-/is-weakmap-2.0.2.tgz 24473ms (cache miss)
1351 http fetch GET 200 https://registry.npmjs.org/optionator/-/optionator-0.9.4.tgz 24552ms (cache miss)
1352 http fetch GET 200 https://registry.npmjs.org/js-tokens/-/js-tokens-4.0.0.tgz 24629ms (cache miss)
1353 http fetch GET 200 https://registry.npmjs.org/iterator.prototype/-/iterator.prototype-1.1.5.tgz 24754ms (cache miss)
1354 http fetch GET 200 https://registry.npmjs.org/is-set/-/is-set-2.0.3.tgz 24743ms (cache miss)
1355 http fetch GET 200 https://registry.npmjs.org/isarray/-/isarray-2.0.5.tgz 24836ms (cache miss)
1356 http fetch GET 200 https://registry.npmjs.org/is-symbol/-/is-symbol-1.1.1.tgz 24866ms (cache miss)
1357 http fetch GET 200 https://registry.npmjs.org/is-shared-array-buffer/-/is-shared-array-buffer-1.0.4.tgz 25207ms (cache miss)
1358 http fetch GET 200 https://registry.npmjs.org/is-extglob/-/is-extglob-2.1.1.tgz 25378ms (cache miss)
1359 http fetch GET 200 https://registry.npmjs.org/is-regex/-/is-regex-1.2.1.tgz 25395ms (cache miss)
1360 http fetch GET 200 https://registry.npmjs.org/is-data-view/-/is-data-view-1.0.2.tgz 25394ms (cache miss)
1361 http fetch GET 200 https://registry.npmjs.org/is-date-object/-/is-date-object-1.1.0.tgz 25397ms (cache miss)
1362 http fetch GET 200 https://registry.npmjs.org/is-glob/-/is-glob-4.0.3.tgz 25417ms (cache miss)
1363 http fetch GET 200 https://registry.npmjs.org/is-document.all/-/is-document.all-1.0.0.tgz 25412ms (cache miss)
1364 http fetch GET 200 https://registry.npmjs.org/object.values/-/object.values-1.2.1.tgz 25624ms (cache miss)
1365 http fetch GET 200 https://registry.npmjs.org/is-number-object/-/is-number-object-1.1.1.tgz 25590ms (cache miss)
1366 http fetch GET 200 https://registry.npmjs.org/is-async-function/-/is-async-function-2.1.1.tgz 25668ms (cache miss)
1367 http fetch GET 200 https://registry.npmjs.org/import-fresh/-/import-fresh-3.3.1.tgz 25743ms (cache miss)
1368 http fetch GET 200 https://registry.npmjs.org/is-boolean-object/-/is-boolean-object-1.2.2.tgz 25759ms (cache miss)
1369 http fetch GET 200 https://registry.npmjs.org/is-finalizationregistry/-/is-finalizationregistry-1.1.1.tgz 26046ms (cache miss)
1370 http fetch GET 200 https://registry.npmjs.org/is-generator-function/-/is-generator-function-1.1.2.tgz 26060ms (cache miss)
1371 http fetch GET 200 https://registry.npmjs.org/side-channel-weakmap/-/side-channel-weakmap-1.0.2.tgz 26364ms (cache miss)
1372 http fetch GET 200 https://registry.npmjs.org/side-channel/-/side-channel-1.1.1.tgz 26888ms (cache miss)
1373 http fetch GET 200 https://registry.npmjs.org/is-number/-/is-number-7.0.0.tgz 27138ms (cache miss)
1374 http fetch GET 200 https://registry.npmjs.org/safe-regex-test/-/safe-regex-test-1.1.0.tgz 27339ms (cache miss)
1375 http fetch GET 200 https://registry.npmjs.org/imurmurhash/-/imurmurhash-0.1.4.tgz 27226ms (cache miss)
1376 http fetch GET 200 https://registry.npmjs.org/is-bigint/-/is-bigint-1.1.0.tgz 27296ms (cache miss)
1377 http fetch GET 200 https://registry.npmjs.org/is-array-buffer/-/is-array-buffer-3.0.5.tgz 27302ms (cache miss)
1378 http fetch GET 200 https://registry.npmjs.org/possible-typed-array-names/-/possible-typed-array-names-1.1.0.tgz 27512ms (cache miss)
1379 http fetch GET 200 https://registry.npmjs.org/internal-slot/-/internal-slot-1.1.0.tgz 27359ms (cache miss)
1380 http fetch GET 200 https://registry.npmjs.org/side-channel-list/-/side-channel-list-1.0.1.tgz 27748ms (cache miss)
1381 http fetch GET 200 https://registry.npmjs.org/safe-array-concat/-/safe-array-concat-1.1.4.tgz 27742ms (cache miss)
1382 http fetch GET 200 https://registry.npmjs.org/prelude-ls/-/prelude-ls-1.2.1.tgz 28106ms (cache miss)
1383 http fetch GET 200 https://registry.npmjs.org/set-function-length/-/set-function-length-1.2.2.tgz 28312ms (cache miss)
1384 http fetch GET 200 https://registry.npmjs.org/zod-validation-error/-/zod-validation-error-4.0.2.tgz 28414ms (cache miss)
1385 http fetch GET 200 https://registry.npmjs.org/picomatch/-/picomatch-2.3.2.tgz 28307ms (cache miss)
1386 http fetch GET 200 https://registry.npmjs.org/string.prototype.trim/-/string.prototype.trim-1.2.11.tgz 28689ms (cache miss)
1387 http fetch GET 200 https://registry.npmjs.org/has-proto/-/has-proto-1.2.0.tgz 28571ms (cache miss)
1388 http fetch GET 200 https://registry.npmjs.org/string.prototype.repeat/-/string.prototype.repeat-1.0.0.tgz 28813ms (cache miss)
1389 http fetch GET 200 https://registry.npmjs.org/string.prototype.trimend/-/string.prototype.trimend-1.0.10.tgz 29807ms (cache miss)
1390 http fetch GET 200 https://registry.npmjs.org/has-property-descriptors/-/has-property-descriptors-1.0.2.tgz 29600ms (cache miss)
1391 http fetch GET 200 https://registry.npmjs.org/has-tostringtag/-/has-tostringtag-1.0.2.tgz 31431ms (cache miss)
1392 http fetch GET 200 https://registry.npmjs.org/ts-api-utils/-/ts-api-utils-2.5.0.tgz 32080ms (cache miss)
1393 http fetch GET 200 https://registry.npmjs.org/object-keys/-/object-keys-1.1.1.tgz 31991ms (cache miss)
1394 http fetch GET 200 https://registry.npmjs.org/has-bigints/-/has-bigints-1.1.0.tgz 32338ms (cache miss)
1395 http fetch GET 200 https://registry.npmjs.org/has-flag/-/has-flag-4.0.0.tgz 32380ms (cache miss)
1396 http fetch GET 200 https://registry.npmjs.org/gopd/-/gopd-1.2.0.tgz 32389ms (cache miss)
1397 http fetch GET 200 https://registry.npmjs.org/globalthis/-/globalthis-1.0.4.tgz 32843ms (cache miss)
1398 http fetch GET 200 https://registry.npmjs.org/prop-types/-/prop-types-15.8.1.tgz 33204ms (cache miss)
1399 http fetch GET 200 https://registry.npmjs.org/get-proto/-/get-proto-1.0.1.tgz 33265ms (cache miss)
1400 http fetch GET 200 https://registry.npmjs.org/get-symbol-description/-/get-symbol-description-1.1.0.tgz 33380ms (cache miss)
1401 http fetch GET 200 https://registry.npmjs.org/glob-parent/-/glob-parent-6.0.2.tgz 33472ms (cache miss)
1402 http fetch GET 200 https://registry.npmjs.org/functions-have-names/-/functions-have-names-1.2.3.tgz 33546ms (cache miss)
1403 http fetch GET 200 https://registry.npmjs.org/get-intrinsic/-/get-intrinsic-1.3.0.tgz 33552ms (cache miss)
1404 http fetch GET 200 https://registry.npmjs.org/gensync/-/gensync-1.0.0-beta.2.tgz 33565ms (cache miss)
1405 http fetch GET 200 https://registry.npmjs.org/has-symbols/-/has-symbols-1.1.0.tgz 33645ms (cache miss)
1406 http fetch GET 200 https://registry.npmjs.org/set-proto/-/set-proto-1.0.0.tgz 33905ms (cache miss)
1407 http fetch GET 200 https://registry.npmjs.org/function-bind/-/function-bind-1.1.2.tgz 33746ms (cache miss)
1408 http fetch GET 200 https://registry.npmjs.org/string.prototype.trimstart/-/string.prototype.trimstart-1.0.8.tgz 34674ms (cache miss)
1409 http fetch GET 200 https://registry.npmjs.org/find-up/-/find-up-5.0.0.tgz 35230ms (cache miss)
1410 http fetch GET 200 https://registry.npmjs.org/file-entry-cache/-/file-entry-cache-8.0.0.tgz 35229ms (cache miss)
1411 http fetch GET 200 https://registry.npmjs.org/fast-levenshtein/-/fast-levenshtein-2.0.6.tgz 35263ms (cache miss)
1412 http fetch GET 200 https://registry.npmjs.org/reusify/-/reusify-1.1.0.tgz 35636ms (cache miss)
1413 http fetch GET 200 https://registry.npmjs.org/fast-deep-equal/-/fast-deep-equal-3.1.3.tgz 35453ms (cache miss)
1414 http fetch GET 200 https://registry.npmjs.org/esutils/-/esutils-2.0.3.tgz 35453ms (cache miss)
1415 http fetch GET 200 https://registry.npmjs.org/estraverse/-/estraverse-5.3.0.tgz 35453ms (cache miss)
1416 http fetch GET 200 https://registry.npmjs.org/uri-js/-/uri-js-4.4.1.tgz 36093ms (cache miss)
1417 http fetch GET 200 https://registry.npmjs.org/for-each/-/for-each-0.3.5.tgz 36196ms (cache miss)
1418 http fetch GET 200 https://registry.npmjs.org/fill-range/-/fill-range-7.1.1.tgz 36437ms (cache miss)
1419 http fetch GET 200 https://registry.npmjs.org/hasown/-/hasown-2.0.4.tgz 36589ms (cache miss)
1420 http fetch GET 200 https://registry.npmjs.org/is-core-module/-/is-core-module-2.16.2.tgz 36607ms (cache miss)
1421 http fetch GET 200 https://registry.npmjs.org/esrecurse/-/esrecurse-4.3.0.tgz 36580ms (cache miss)
1422 http fetch GET 200 https://registry.npmjs.org/graceful-fs/-/graceful-fs-4.2.11.tgz 36618ms (cache miss)
1423 http fetch GET 200 https://registry.npmjs.org/escalade/-/escalade-3.2.0.tgz 36802ms (cache miss)
1424 http fetch GET 200 https://registry.npmjs.org/is-bun-module/-/is-bun-module-2.0.0.tgz 37145ms (cache miss)
1425 http fetch GET 200 https://registry.npmjs.org/eslint-visitor-keys/-/eslint-visitor-keys-4.2.1.tgz 39020ms (cache miss)
1426 http fetch GET 200 https://registry.npmjs.org/dunder-proto/-/dunder-proto-1.0.1.tgz 39441ms (cache miss)
1427 http fetch GET 200 https://registry.npmjs.org/detect-libc/-/detect-libc-2.1.2.tgz 39622ms (cache miss)
1428 http fetch GET 200 https://registry.npmjs.org/eslint-import-resolver-node/-/eslint-import-resolver-node-0.3.10.tgz 39699ms (cache miss)
1429 http fetch GET 200 https://registry.npmjs.org/define-data-property/-/define-data-property-1.1.4.tgz 39849ms (cache miss)
1430 http fetch GET 200 https://registry.npmjs.org/eslint-config-next/-/eslint-config-next-16.3.0.tgz 39894ms (cache miss)
1431 http fetch GET 200 https://registry.npmjs.org/escape-string-regexp/-/escape-string-regexp-4.0.0.tgz 40051ms (cache miss)
1432 http fetch GET 200 https://registry.npmjs.org/es-shim-unscopables/-/es-shim-unscopables-1.1.0.tgz 40046ms (cache miss)
1433 http fetch GET 200 https://registry.npmjs.org/es-object-atoms/-/es-object-atoms-1.1.2.tgz 40069ms (cache miss)
1434 http fetch GET 200 https://registry.npmjs.org/es-define-property/-/es-define-property-1.0.1.tgz 40138ms (cache miss)
1435 http fetch GET 200 https://registry.npmjs.org/es-abstract-get/-/es-abstract-get-1.0.0.tgz 40138ms (cache miss)
1436 http fetch GET 200 https://registry.npmjs.org/es-errors/-/es-errors-1.3.0.tgz 40144ms (cache miss)
1437 http fetch GET 200 https://registry.npmjs.org/data-view-byte-offset/-/data-view-byte-offset-1.0.1.tgz 40160ms (cache miss)
1438 http fetch GET 200 https://registry.npmjs.org/data-view-byte-length/-/data-view-byte-length-1.0.2.tgz 40184ms (cache miss)
1439 http fetch GET 200 https://registry.npmjs.org/eslint-import-resolver-typescript/-/eslint-import-resolver-typescript-3.10.1.tgz 40245ms (cache miss)
1440 http fetch GET 200 https://registry.npmjs.org/damerau-levenshtein/-/damerau-levenshtein-1.0.8.tgz 40287ms (cache miss)
1441 http fetch GET 200 https://registry.npmjs.org/globals/-/globals-14.0.0.tgz 40472ms (cache miss)
1442 http fetch GET 200 https://registry.npmjs.org/emoji-regex/-/emoji-regex-9.2.2.tgz 40389ms (cache miss)
1443 http fetch GET 200 https://registry.npmjs.org/is-callable/-/is-callable-1.2.7.tgz 40603ms (cache miss)
1444 http fetch GET 200 https://registry.npmjs.org/color-name/-/color-name-1.1.4.tgz 40477ms (cache miss)
1445 http fetch GET 200 https://registry.npmjs.org/deep-is/-/deep-is-0.1.4.tgz 40909ms (cache miss)
1446 http fetch GET 200 https://registry.npmjs.org/define-properties/-/define-properties-1.2.1.tgz 40914ms (cache miss)
1447 http fetch GET 200 https://registry.npmjs.org/ignore/-/ignore-5.3.2.tgz 41041ms (cache miss)
1448 http fetch GET 200 https://registry.npmjs.org/object.fromentries/-/object.fromentries-2.0.8.tgz 41766ms (cache miss)
1449 http fetch GET 200 https://registry.npmjs.org/data-view-buffer/-/data-view-buffer-1.0.2.tgz 41524ms (cache miss)
1450 http fetch GET 200 https://registry.npmjs.org/is-typed-array/-/is-typed-array-1.1.15.tgz 41858ms (cache miss)
1451 http fetch GET 200 https://registry.npmjs.org/convert-source-map/-/convert-source-map-2.0.0.tgz 41722ms (cache miss)
1452 http fetch GET 200 https://registry.npmjs.org/class-variance-authority/-/class-variance-authority-0.7.1.tgz 41714ms (cache miss)
1453 http fetch GET 200 https://registry.npmjs.org/callsites/-/callsites-3.1.0.tgz 41747ms (cache miss)
1454 http fetch GET 200 https://registry.npmjs.org/es-to-primitive/-/es-to-primitive-1.3.4.tgz 41853ms (cache miss)
1455 http fetch GET 200 https://registry.npmjs.org/concat-map/-/concat-map-0.0.1.tgz 41858ms (cache miss)
1456 http fetch GET 200 https://registry.npmjs.org/client-only/-/client-only-0.0.1.tgz 41899ms (cache miss)
1457 http fetch GET 200 https://registry.npmjs.org/cross-spawn/-/cross-spawn-7.0.6.tgz 42567ms (cache miss)
1458 http fetch GET 200 https://registry.npmjs.org/regexp.prototype.flags/-/regexp.prototype.flags-1.5.4.tgz 43404ms (cache miss)
1459 http fetch GET 200 https://registry.npmjs.org/tapable/-/tapable-2.3.3.tgz 43595ms (cache miss)
1460 http fetch GET 200 https://registry.npmjs.org/is-negative-zero/-/is-negative-zero-2.0.3.tgz 43424ms (cache miss)
1461 http fetch GET 200 https://registry.npmjs.org/react-style-singleton/-/react-style-singleton-2.2.3.tgz 43765ms (cache miss)
1462 http fetch GET 200 https://registry.npmjs.org/call-bound/-/call-bound-1.0.4.tgz 43407ms (cache miss)
1463 http fetch GET 200 https://registry.npmjs.org/flat-cache/-/flat-cache-4.0.1.tgz 43556ms (cache miss)
1464 http fetch GET 200 https://registry.npmjs.org/source-map-js/-/source-map-js-1.2.1.tgz 45502ms (cache miss)
1465 http fetch GET 200 https://registry.npmjs.org/call-bind-apply-helpers/-/call-bind-apply-helpers-1.0.2.tgz 45102ms (cache miss)
1466 http fetch GET 200 https://registry.npmjs.org/balanced-match/-/balanced-match-1.0.2.tgz 45325ms (cache miss)
1467 http fetch GET 200 https://registry.npmjs.org/available-typed-arrays/-/available-typed-arrays-1.0.7.tgz 45349ms (cache miss)
1468 http fetch GET 200 https://registry.npmjs.org/is-map/-/is-map-2.0.3.tgz 45568ms (cache miss)
1469 http fetch GET 200 https://registry.npmjs.org/brace-expansion/-/brace-expansion-1.1.18.tgz 45745ms (cache miss)
1470 http fetch GET 200 https://registry.npmjs.org/string.prototype.includes/-/string.prototype.includes-2.0.1.tgz 46510ms (cache miss)
1471 http fetch GET 200 https://registry.npmjs.org/async-function/-/async-function-1.0.0.tgz 48421ms (cache miss)
1472 http fetch GET 200 https://registry.npmjs.org/array.prototype.flatmap/-/array.prototype.flatmap-1.3.3.tgz 48475ms (cache miss)
1473 http fetch GET 200 https://registry.npmjs.org/get-tsconfig/-/get-tsconfig-4.14.1.tgz 48717ms (cache miss)
1474 http fetch GET 200 https://registry.npmjs.org/color-convert/-/color-convert-2.0.1.tgz 49091ms (cache miss)
1475 http fetch GET 200 https://registry.npmjs.org/acorn-jsx/-/acorn-jsx-5.3.2.tgz 49041ms (cache miss)
1476 http fetch GET 200 https://registry.npmjs.org/array.prototype.findlastindex/-/array.prototype.findlastindex-1.2.6.tgz 49805ms (cache miss)
1477 http fetch GET 200 https://registry.npmjs.org/array.prototype.findlast/-/array.prototype.findlast-1.2.5.tgz 49854ms (cache miss)
1478 http fetch GET 200 https://registry.npmjs.org/@typescript-eslint/visitor-keys/-/visitor-keys-8.66.0.tgz 50021ms (cache miss)
1479 http fetch GET 200 https://registry.npmjs.org/array-buffer-byte-length/-/array-buffer-byte-length-1.0.2.tgz 50480ms (cache miss)
1480 http fetch GET 200 https://registry.npmjs.org/ansi-styles/-/ansi-styles-4.3.0.tgz 50478ms (cache miss)
1481 http fetch GET 200 https://registry.npmjs.org/array-includes/-/array-includes-3.1.9.tgz 50558ms (cache miss)
1482 http fetch GET 200 https://registry.npmjs.org/magic-string/-/magic-string-0.30.21.tgz 51797ms (cache miss)
1483 http fetch GET 200 https://registry.npmjs.org/use-callback-ref/-/use-callback-ref-1.3.3.tgz 53265ms (cache miss)
1484 http fetch GET 200 https://registry.npmjs.org/es-set-tostringtag/-/es-set-tostringtag-2.1.0.tgz 53893ms (cache miss)
1485 http fetch GET 200 https://registry.npmjs.org/react-remove-scroll/-/react-remove-scroll-2.7.2.tgz 54910ms (cache miss)
1486 http fetch GET 200 https://registry.npmjs.org/espree/-/espree-10.4.0.tgz 55433ms (cache miss)
1487 http fetch GET 200 https://registry.npmjs.org/@typescript-eslint/project-service/-/project-service-8.66.0.tgz 55636ms (cache miss)
1488 http fetch GET 200 https://registry.npmjs.org/@typescript-eslint/tsconfig-utils/-/tsconfig-utils-8.66.0.tgz 55738ms (cache miss)
1489 http fetch GET 200 https://registry.npmjs.org/@types/react-dom/-/react-dom-19.2.4.tgz 56608ms (cache miss)
1490 http fetch GET 200 https://registry.npmjs.org/clsx/-/clsx-2.1.1.tgz 56691ms (cache miss)
1491 http fetch GET 200 https://registry.npmjs.org/chalk/-/chalk-4.1.2.tgz 56879ms (cache miss)
1492 http fetch GET 200 https://registry.npmjs.org/@types/json-schema/-/json-schema-7.0.15.tgz 57285ms (cache miss)
1493 http fetch GET 200 https://registry.npmjs.org/@types/json5/-/json5-0.0.29.tgz 58060ms (cache miss)
1494 http fetch GET 200 https://registry.npmjs.org/@typescript-eslint/parser/-/parser-8.66.0.tgz 58239ms (cache miss)
1495 http fetch GET 200 https://registry.npmjs.org/object.assign/-/object.assign-4.1.7.tgz 59104ms (cache miss)
1496 http fetch GET 200 https://registry.npmjs.org/@types/estree/-/estree-1.0.9.tgz 58786ms (cache miss)
1497 http fetch GET 200 https://registry.npmjs.org/@tailwindcss/oxide/-/oxide-4.3.3.tgz 59029ms (cache miss)
1498 http fetch GET 200 https://registry.npmjs.org/array.prototype.flat/-/array.prototype.flat-1.3.3.tgz 59076ms (cache miss)
1499 http fetch GET 200 https://registry.npmjs.org/debug/-/debug-4.4.3.tgz 59220ms (cache miss)
1500 http fetch GET 200 https://registry.npmjs.org/@rtsao/scc/-/scc-1.1.0.tgz 59154ms (cache miss)
1501 http fetch GET 200 https://registry.npmjs.org/@nodelib/fs.walk/-/fs.walk-1.2.8.tgz 59159ms (cache miss)
1502 http fetch GET 200 https://registry.npmjs.org/ast-types-flow/-/ast-types-flow-0.0.8.tgz 59422ms (cache miss)
1503 http fetch GET 200 https://registry.npmjs.org/braces/-/braces-3.0.3.tgz 59453ms (cache miss)
1504 http fetch GET 200 https://registry.npmjs.org/@next/env/-/env-16.3.0.tgz 59386ms (cache miss)
1505 http fetch GET 200 https://registry.npmjs.org/@nolyfill/is-core-module/-/is-core-module-1.0.39.tgz 59518ms (cache miss)
1506 http fetch GET 200 https://registry.npmjs.org/fastq/-/fastq-1.20.1.tgz 59865ms (cache miss)
1507 http fetch GET 200 https://registry.npmjs.org/generator-function/-/generator-function-2.0.1.tgz 60088ms (cache miss)
1508 http fetch GET 200 https://registry.npmjs.org/@nodelib/fs.stat/-/fs.stat-2.0.5.tgz 60003ms (cache miss)
1509 http fetch GET 200 https://registry.npmjs.org/napi-postinstall/-/napi-postinstall-0.3.4.tgz 60465ms (cache miss)
1510 http fetch GET 200 https://registry.npmjs.org/lightningcss/-/lightningcss-1.32.0.tgz 60466ms (cache miss)
1511 http fetch GET 200 https://registry.npmjs.org/browserslist/-/browserslist-4.28.8.tgz 61564ms (cache miss)
1512 http fetch GET 200 https://registry.npmjs.org/@nodelib/fs.scandir/-/fs.scandir-2.1.5.tgz 61571ms (cache miss)
1513 http fetch GET 200 https://registry.npmjs.org/minimist/-/minimist-1.2.8.tgz 61924ms (cache miss)
1514 http fetch GET 200 https://registry.npmjs.org/doctrine/-/doctrine-2.1.0.tgz 61717ms (cache miss)
1515 http fetch GET 200 https://registry.npmjs.org/argparse/-/argparse-2.0.1.tgz 61789ms (cache miss)
1516 http fetch GET 200 https://registry.npmjs.org/hermes-estree/-/hermes-estree-0.25.1.tgz 62511ms (cache miss)
1517 http fetch GET 200 https://registry.npmjs.org/electron-to-chromium/-/electron-to-chromium-1.5.403.tgz 63192ms (cache miss)
1518 http fetch GET 200 https://registry.npmjs.org/json5/-/json5-2.2.3.tgz 63598ms (cache miss)
1519 http fetch GET 200 https://registry.npmjs.org/eslint-scope/-/eslint-scope-8.4.0.tgz 63516ms (cache miss)
1520 http fetch GET 200 https://registry.npmjs.org/nanoid/-/nanoid-3.3.18.tgz 63915ms (cache miss)
1521 http fetch GET 200 https://registry.npmjs.org/flatted/-/flatted-3.4.4.tgz 63957ms (cache miss)
1522 http fetch GET 200 https://registry.npmjs.org/baseline-browser-mapping/-/baseline-browser-mapping-2.11.13.tgz 63908ms (cache miss)
1523 http fetch GET 200 https://registry.npmjs.org/call-bind/-/call-bind-1.0.9.tgz 63914ms (cache miss)
1524 http fetch GET 200 https://registry.npmjs.org/@humanwhocodes/module-importer/-/module-importer-1.0.1.tgz 63974ms (cache miss)
1525 http fetch GET 200 https://registry.npmjs.org/@tailwindcss/postcss/-/postcss-4.3.3.tgz 64142ms (cache miss)
1526 http fetch GET 200 https://registry.npmjs.org/@humanfs/node/-/node-0.16.8.tgz 64714ms (cache miss)
1527 http fetch GET 200 https://registry.npmjs.org/@jridgewell/resolve-uri/-/resolve-uri-3.1.2.tgz 66296ms (cache miss)
1528 http fetch GET 200 https://registry.npmjs.org/arraybuffer.prototype.slice/-/arraybuffer.prototype.slice-1.0.4.tgz 69430ms (cache miss)
1529 http fetch GET 200 https://registry.npmjs.org/array.prototype.tosorted/-/array.prototype.tosorted-1.1.4.tgz 70612ms (cache miss)
1530 http fetch GET 200 https://registry.npmjs.org/@humanfs/types/-/types-0.15.0.tgz 71082ms (cache miss)
1531 http fetch GET 200 https://registry.npmjs.org/@eslint/config-helpers/-/config-helpers-0.4.2.tgz 71228ms (cache miss)
1532 http fetch GET 200 https://registry.npmjs.org/@img/colour/-/colour-1.1.0.tgz 72876ms (cache miss)
1533 http fetch GET 200 https://registry.npmjs.org/undici-types/-/undici-types-6.21.0.tgz 73507ms (cache miss)
1534 http fetch GET 200 https://registry.npmjs.org/@typescript-eslint/types/-/types-8.66.0.tgz 74400ms (cache miss)
1535 http fetch GET 200 https://registry.npmjs.org/@tailwindcss/node/-/node-4.3.3.tgz 74482ms (cache miss)
1536 http fetch GET 200 https://registry.npmjs.org/@eslint/js/-/js-9.39.5.tgz 75856ms (cache miss)
1537 http fetch GET 200 https://registry.npmjs.org/@eslint/core/-/core-0.17.0.tgz 75932ms (cache miss)
1538 http fetch GET 200 https://registry.npmjs.org/acorn/-/acorn-8.18.0.tgz 76368ms (cache miss)
1539 http fetch GET 200 https://registry.npmjs.org/function.prototype.name/-/function.prototype.name-1.2.0.tgz 78065ms (cache miss)
1540 http fetch GET 200 https://registry.npmjs.org/@babel/helper-validator-option/-/helper-validator-option-7.29.7.tgz 78222ms (cache miss)
1541 http fetch GET 200 https://registry.npmjs.org/csstype/-/csstype-3.2.3.tgz 78422ms (cache miss)
1542 http fetch GET 200 https://registry.npmjs.org/use-sidecar/-/use-sidecar-1.1.3.tgz 78958ms (cache miss)
1543 http fetch GET 200 https://registry.npmjs.org/node-exports-info/-/node-exports-info-1.6.2.tgz 78906ms (cache miss)
1544 http fetch GET 200 https://registry.npmjs.org/@babel/helper-string-parser/-/helper-string-parser-7.29.7.tgz 79031ms (cache miss)
1545 http fetch GET 200 https://registry.npmjs.org/styled-jsx/-/styled-jsx-5.1.6.tgz 79846ms (cache miss)
1546 http fetch GET 200 https://registry.npmjs.org/@eslint/object-schema/-/object-schema-2.1.7.tgz 79321ms (cache miss)
1547 http fetch GET 200 https://registry.npmjs.org/@babel/helper-globals/-/helper-globals-7.29.7.tgz 79424ms (cache miss)
1548 http fetch GET 200 https://registry.npmjs.org/@babel/helper-module-imports/-/helper-module-imports-7.29.7.tgz 79427ms (cache miss)
1549 http fetch GET 200 https://registry.npmjs.org/@babel/helper-compilation-targets/-/helper-compilation-targets-7.29.7.tgz 79494ms (cache miss)
1550 http fetch GET 200 https://registry.npmjs.org/@eslint/plugin-kit/-/plugin-kit-0.4.1.tgz 79909ms (cache miss)
1551 http fetch GET 200 https://registry.npmjs.org/object-inspect/-/object-inspect-1.13.4.tgz 80449ms (cache miss)
1552 http fetch GET 200 https://registry.npmjs.org/@humanfs/core/-/core-0.19.2.tgz 80592ms (cache miss)
1553 http fetch GET 200 https://registry.npmjs.org/math-intrinsics/-/math-intrinsics-1.1.0.tgz 80963ms (cache miss)
1554 http fetch GET 200 https://registry.npmjs.org/esquery/-/esquery-1.7.0.tgz 82898ms (cache miss)
1555 http fetch GET 200 https://registry.npmjs.org/@types/react/-/react-19.2.18.tgz 82933ms (cache miss)
1556 http fetch GET 200 https://registry.npmjs.org/tailwindcss/-/tailwindcss-4.3.3.tgz 83920ms (cache miss)
1557 http fetch GET 200 https://registry.npmjs.org/@babel/helper-validator-identifier/-/helper-validator-identifier-7.29.7.tgz 84946ms (cache miss)
1558 http fetch GET 200 https://registry.npmjs.org/@babel/code-frame/-/code-frame-7.29.7.tgz 85437ms (cache miss)
1559 http fetch GET 200 https://registry.npmjs.org/language-subtag-registry/-/language-subtag-registry-0.3.23.tgz 86148ms (cache miss)
1560 http fetch GET 200 https://registry.npmjs.org/@eslint-community/regexpp/-/regexpp-4.12.2.tgz 85933ms (cache miss)
1561 http fetch GET 200 https://registry.npmjs.org/tailwind-merge/-/tailwind-merge-3.6.0.tgz 87214ms (cache miss)
1562 http fetch GET 200 https://registry.npmjs.org/eslint-module-utils/-/eslint-module-utils-2.14.0.tgz 86893ms (cache miss)
1563 http fetch GET 200 https://registry.npmjs.org/@alloc/quick-lru/-/quick-lru-5.2.0.tgz 87171ms (cache miss)
1564 http fetch GET 200 https://registry.npmjs.org/@napi-rs/wasm-runtime/-/wasm-runtime-1.2.2.tgz 87781ms (cache miss)
1565 http fetch GET 200 https://registry.npmjs.org/@eslint-community/eslint-utils/-/eslint-utils-4.10.1.tgz 88253ms (cache miss)
1566 http fetch GET 200 https://registry.npmjs.org/jiti/-/jiti-2.7.0.tgz 88804ms (cache miss)
1567 http fetch GET 200 https://registry.npmjs.org/@emnapi/wasi-threads/-/wasi-threads-1.2.1.tgz 88989ms (cache miss)
1568 http fetch GET 200 https://registry.npmjs.org/@jridgewell/sourcemap-codec/-/sourcemap-codec-1.5.5.tgz 91401ms (cache miss)
1569 http fetch GET 200 https://registry.npmjs.org/@babel/template/-/template-7.29.7.tgz 92043ms (cache miss)
1570 http fetch GET 200 https://registry.npmjs.org/@babel/compat-data/-/compat-data-7.29.7.tgz 92801ms (cache miss)
1571 http fetch GET 200 https://registry.npmjs.org/@babel/helper-module-transforms/-/helper-module-transforms-7.29.7.tgz 93102ms (cache miss)
1572 http fetch GET 200 https://registry.npmjs.org/fdir/-/fdir-6.5.0.tgz 93492ms (cache miss)
1573 http fetch GET 200 https://registry.npmjs.org/@unrs/resolver-binding-win32-x64-msvc/-/resolver-binding-win32-x64-msvc-1.12.2.tgz 94066ms (cache miss)
1574 http fetch GET 200 https://registry.npmjs.org/@jridgewell/remapping/-/remapping-2.3.5.tgz 94504ms (cache miss)
1575 http fetch GET 200 https://registry.npmjs.org/@jridgewell/gen-mapping/-/gen-mapping-0.3.13.tgz 94906ms (cache miss)
1576 http fetch GET 200 https://registry.npmjs.org/js-yaml/-/js-yaml-4.3.1.tgz 96386ms (cache miss)
1577 http fetch GET 200 https://registry.npmjs.org/postcss/-/postcss-8.5.26.tgz 96996ms (cache miss)
1578 http fetch GET 200 https://registry.npmjs.org/picomatch/-/picomatch-4.0.5.tgz 97943ms (cache miss)
1579 http fetch GET 200 https://registry.npmjs.org/json5/-/json5-1.0.2.tgz 98301ms (cache miss)
1580 http fetch GET 200 https://registry.npmjs.org/@typescript-eslint/type-utils/-/type-utils-8.66.0.tgz 101189ms (cache miss)
1581 http fetch GET 200 https://registry.npmjs.org/sharp/-/sharp-0.35.3.tgz 101678ms (cache miss)
1582 http fetch GET 200 https://registry.npmjs.org/glob-parent/-/glob-parent-5.1.2.tgz 101971ms (cache miss)
1583 http fetch GET 200 https://registry.npmjs.org/fast-glob/-/fast-glob-3.3.1.tgz 104207ms (cache miss)
1584 http fetch GET 200 https://registry.npmjs.org/@eslint/eslintrc/-/eslintrc-3.3.6.tgz 104295ms (cache miss)
1585 http fetch GET 200 https://registry.npmjs.org/@babel/parser/-/parser-7.29.8.tgz 104362ms (cache miss)
1586 http fetch GET 200 https://registry.npmjs.org/debug/-/debug-3.2.7.tgz 104891ms (cache miss)
1587 http fetch GET 200 https://registry.npmjs.org/hermes-parser/-/hermes-parser-0.25.1.tgz 105461ms (cache miss)
1588 http fetch GET 200 https://registry.npmjs.org/@jridgewell/trace-mapping/-/trace-mapping-0.3.31.tgz 105375ms (cache miss)
1589 http fetch GET 200 https://registry.npmjs.org/@emnapi/core/-/core-1.10.0.tgz 105528ms (cache miss)
1590 http fetch GET 200 https://registry.npmjs.org/enhanced-resolve/-/enhanced-resolve-5.24.5.tgz 106061ms (cache miss)
1591 http fetch GET 200 https://registry.npmjs.org/tsconfig-paths/-/tsconfig-paths-3.15.0.tgz 106782ms (cache miss)
1592 http fetch GET 200 https://registry.npmjs.org/@tybys/wasm-util/-/wasm-util-0.10.3.tgz 108232ms (cache miss)
1593 http fetch GET 200 https://registry.npmjs.org/@next/eslint-plugin-next/-/eslint-plugin-next-16.3.0.tgz 108782ms (cache miss)
1594 http fetch GET 200 https://registry.npmjs.org/eslint-plugin-react-hooks/-/eslint-plugin-react-hooks-7.1.1.tgz 111202ms (cache miss)
1595 http fetch GET 200 https://registry.npmjs.org/debug/-/debug-3.2.7.tgz 111084ms (cache miss)
1596 http fetch GET 200 https://registry.npmjs.org/json-schema-traverse/-/json-schema-traverse-0.4.1.tgz 111202ms (cache miss)
1597 http fetch GET 200 https://registry.npmjs.org/eslint-visitor-keys/-/eslint-visitor-keys-5.0.1.tgz 111813ms (cache miss)
1598 http fetch GET 200 https://registry.npmjs.org/@babel/generator/-/generator-7.29.8.tgz 115386ms (cache miss)
1599 http fetch GET 200 https://registry.npmjs.org/globals/-/globals-16.4.0.tgz 115382ms (cache miss)
1600 http fetch GET 200 https://registry.npmjs.org/balanced-match/-/balanced-match-4.0.4.tgz 116562ms (cache miss)
1601 http fetch GET 200 https://registry.npmjs.org/debug/-/debug-3.2.7.tgz 117770ms (cache miss)
1602 http fetch GET 200 https://registry.npmjs.org/axe-core/-/axe-core-4.13.0.tgz 120452ms (cache miss)
1603 http fetch GET 200 https://registry.npmjs.org/brace-expansion/-/brace-expansion-5.0.9.tgz 120295ms (cache miss)
1604 http fetch GET 200 https://registry.npmjs.org/ignore/-/ignore-7.0.6.tgz 120301ms (cache miss)
1605 http fetch GET 200 https://registry.npmjs.org/json-schema-traverse/-/json-schema-traverse-0.4.1.tgz 120422ms (cache miss)
1606 http fetch GET 200 https://registry.npmjs.org/eslint-visitor-keys/-/eslint-visitor-keys-3.4.3.tgz 120429ms (cache miss)
1607 http fetch GET 200 https://registry.npmjs.org/eslint-visitor-keys/-/eslint-visitor-keys-3.4.3.tgz 122373ms (cache miss)
1608 http fetch GET 200 https://registry.npmjs.org/tslib/-/tslib-2.8.1.tgz 126546ms (cache miss)
1609 http fetch GET 200 https://registry.npmjs.org/semver/-/semver-7.8.5.tgz 127942ms (cache miss)
1610 http fetch GET 200 https://registry.npmjs.org/@emnapi/runtime/-/runtime-1.10.0.tgz 127932ms (cache miss)
1611 http fetch GET 200 https://registry.npmjs.org/@typescript-eslint/utils/-/utils-8.66.0.tgz 128145ms (cache miss)
1612 http fetch GET 200 https://registry.npmjs.org/semver/-/semver-7.8.5.tgz 128085ms (cache miss)
1613 http fetch GET 200 https://registry.npmjs.org/@standard-schema/utils/-/utils-0.3.0.tgz 125030ms (cache miss)
1614 http fetch GET 200 https://registry.npmjs.org/motion-utils/-/motion-utils-13.0.0.tgz 127278ms (cache miss)
1615 http fetch GET 200 https://registry.npmjs.org/@eslint-community/eslint-utils/-/eslint-utils-4.9.1.tgz 128890ms (cache miss)
1616 http fetch GET 200 https://registry.npmjs.org/postcss/-/postcss-8.5.23.tgz 128914ms (cache miss)
1617 http fetch GET 200 https://registry.npmjs.org/@typescript-eslint/typescript-estree/-/typescript-estree-8.66.0.tgz 132167ms (cache miss)
1618 http fetch GET 200 https://registry.npmjs.org/jsx-ast-utils/-/jsx-ast-utils-3.3.5.tgz 132706ms (cache miss)
1619 http fetch GET 200 https://registry.npmjs.org/@types/node/-/node-20.19.43.tgz 135532ms (cache miss)
1620 http fetch GET 200 https://registry.npmjs.org/resolve/-/resolve-2.0.0-next.7.tgz 143877ms (cache miss)
1621 http fetch GET 200 https://registry.npmjs.org/semver/-/semver-7.8.5.tgz 144607ms (cache miss)
1622 http fetch GET 200 https://registry.npmjs.org/@emnapi/runtime/-/runtime-1.11.3.tgz 147583ms (cache miss)
1623 http fetch GET 200 https://registry.npmjs.org/react 148877ms (cache miss)
1624 silly packumentCache corgi:https://registry.npmjs.org/react set size:undefined disposed:false
1625 http fetch GET 200 https://registry.npmjs.org/minimatch/-/minimatch-10.2.6.tgz 148265ms (cache miss)
1626 http fetch GET 200 https://registry.npmjs.org/@babel/traverse/-/traverse-7.29.8.tgz 148523ms (cache miss)
1627 http fetch GET 200 https://registry.npmjs.org/axobject-query/-/axobject-query-4.1.0.tgz 148939ms (cache miss)
1628 http fetch GET 200 https://registry.npmjs.org/react/-/react-19.2.8.tgz 5362ms (cache miss)
1629 http fetch GET 200 https://registry.npmjs.org/react-dom/-/react-dom-19.2.8.tgz 154715ms (cache miss)
1630 http fetch GET 200 https://registry.npmjs.org/eslint-plugin-import/-/eslint-plugin-import-2.32.0.tgz 156884ms (cache miss)
1631 http fetch GET 200 https://registry.npmjs.org/lightningcss-win32-x64-msvc/-/lightningcss-win32-x64-msvc-1.32.0.tgz 160128ms (cache miss)
1632 http fetch GET 200 https://registry.npmjs.org/aria-query/-/aria-query-5.3.2.tgz 161791ms (cache miss)
1633 http fetch GET 200 https://registry.npmjs.org/es-iterator-helpers/-/es-iterator-helpers-1.4.0.tgz 161914ms (cache miss)
1634 http fetch GET 200 https://registry.npmjs.org/@babel/core/-/core-7.29.7.tgz 163892ms (cache miss)
1635 http fetch GET 200 https://registry.npmjs.org/ajv/-/ajv-6.15.0.tgz 164310ms (cache miss)
1636 http fetch GET 200 https://registry.npmjs.org/ajv/-/ajv-6.15.0.tgz 167146ms (cache miss)
1637 http fetch GET 200 https://registry.npmjs.org/@eslint/config-array/-/config-array-0.21.2.tgz 171945ms (cache miss)
1638 http fetch GET 200 https://registry.npmjs.org/@humanwhocodes/retry/-/retry-0.4.3.tgz 174422ms (cache miss)
1639 http fetch GET 200 https://registry.npmjs.org/react-hook-form/-/react-hook-form-7.85.0.tgz 183510ms (cache miss)
1640 http fetch GET 200 https://registry.npmjs.org/eslint-plugin-jsx-a11y/-/eslint-plugin-jsx-a11y-6.10.2.tgz 184896ms (cache miss)
1641 http fetch GET 200 https://registry.npmjs.org/@babel/types/-/types-7.29.8.tgz 185316ms (cache miss)
1642 http fetch GET 200 https://registry.npmjs.org/@img/sharp-wasm32/-/sharp-wasm32-0.35.3.tgz 188574ms (cache miss)
1643 http fetch GET 200 https://registry.npmjs.org/@babel/helpers/-/helpers-7.29.7.tgz 191074ms (cache miss)
1644 http fetch GET 200 https://registry.npmjs.org/@typescript-eslint/scope-manager/-/scope-manager-8.66.0.tgz 204870ms (cache miss)
1645 http fetch GET 200 https://registry.npmjs.org/eslint-plugin-react/-/eslint-plugin-react-7.37.5.tgz 209935ms (cache miss)
1646 http fetch GET 200 https://registry.npmjs.org/typescript/-/typescript-5.9.3.tgz 217027ms (cache miss)
1647 http fetch GET 200 https://registry.npmjs.org/ajv/-/ajv-8.20.0.tgz 217695ms (cache miss)
1648 http fetch GET 200 https://registry.npmjs.org/eslint/-/eslint-9.39.5.tgz 217552ms (cache miss)
1649 http fetch GET 200 https://registry.npmjs.org/framer-motion/-/framer-motion-13.1.0.tgz 217786ms (cache miss)
1650 http fetch GET 200 https://registry.npmjs.org/@swc/helpers/-/helpers-0.5.15.tgz 217683ms (cache miss)
1651 http fetch GET 200 https://registry.npmjs.org/@typescript-eslint/eslint-plugin/-/eslint-plugin-8.66.0.tgz 221038ms (cache miss)
1652 http fetch GET 200 https://registry.npmjs.org/@tailwindcss/oxide-win32-x64-msvc/-/oxide-win32-x64-msvc-4.3.3.tgz 221235ms (cache miss)
1653 http fetch GET 200 https://registry.npmjs.org/@hookform/resolvers/-/resolvers-5.7.1.tgz 224594ms (cache miss)
1654 http fetch GET 200 https://registry.npmjs.org/@img/sharp-win32-x64/-/sharp-win32-x64-0.35.3.tgz 232684ms (cache miss)
1655 http fetch GET 200 https://registry.npmjs.org/motion-dom/-/motion-dom-13.0.0.tgz 236822ms (cache miss)
1656 http fetch GET 200 https://registry.npmjs.org/zod/-/zod-4.4.3.tgz 246825ms (cache miss)
