0 verbose cli C:\Program Files\nodejs\node.exe C:\Program Files\nodejs\node_modules\npm\bin\npm-cli.js
1 info using npm@10.9.2
2 info using node@v22.14.0
3 silly config load:file:C:\Program Files\nodejs\node_modules\npm\npmrc
4 silly config load:file:C:\Users\Tega\Desktop\Apex\.npmrc
5 silly config load:file:C:\Users\Tega\.npmrc
6 silly config load:file:C:\Users\Tega\AppData\Roaming\npm\etc\npmrc
7 verbose title npm install
8 verbose argv "install" "--cache" ".npm-cache"
9 verbose logfile logs-max:10 dir:C:\Users\Tega\Desktop\Apex\.npm-cache\_logs\2026-08-10T18_09_19_621Z-
10 verbose logfile C:\Users\Tega\Desktop\Apex\.npm-cache\_logs\2026-08-10T18_09_19_621Z-debug-0.log
11 silly logfile done cleaning log files
12 silly packumentCache heap:2197815296 maxSize:549453824 maxEntrySize:274726912
13 silly idealTree buildDeps
14 silly fetch manifest @radix-ui/react-accordion@^1.2.11
15 silly packumentCache full:https://registry.npmjs.org/@radix-ui%2freact-accordion cache-miss
16 http fetch GET 200 https://registry.npmjs.org/@radix-ui%2freact-accordion 4234ms (cache revalidated)
17 silly packumentCache full:https://registry.npmjs.org/@radix-ui%2freact-accordion set size:1030870 disposed:false
18 silly fetch manifest @types/react@^19
19 silly packumentCache full:https://registry.npmjs.org/@types%2freact cache-miss
20 http fetch GET 200 https://registry.npmjs.org/@types%2freact 795ms (cache revalidated)
21 silly packumentCache full:https://registry.npmjs.org/@types%2freact set size:2637439 disposed:false
22 silly fetch manifest @types/react-dom@^19
23 silly packumentCache full:https://registry.npmjs.org/@types%2freact-dom cache-miss
24 http fetch GET 200 https://registry.npmjs.org/@types%2freact-dom 511ms (cache revalidated)
25 silly packumentCache full:https://registry.npmjs.org/@types%2freact-dom set size:432855 disposed:false
26 silly fetch manifest react@19.2.8
27 silly packumentCache full:https://registry.npmjs.org/react cache-miss
28 http fetch GET 200 https://registry.npmjs.org/react 247ms (cache revalidated)
29 silly packumentCache full:https://registry.npmjs.org/react set size:6878486 disposed:false
30 silly fetch manifest react-dom@19.2.8
31 silly packumentCache full:https://registry.npmjs.org/react-dom cache-miss
32 http fetch GET 200 https://registry.npmjs.org/react-dom 293ms (cache revalidated)
33 silly packumentCache full:https://registry.npmjs.org/react-dom set size:9237069 disposed:false
34 silly fetch manifest @radix-ui/react-dialog@^1.1.14
35 silly packumentCache full:https://registry.npmjs.org/@radix-ui%2freact-dialog cache-miss
36 http fetch GET 200 https://registry.npmjs.org/@radix-ui%2freact-dialog 1784ms (cache revalidated)
37 silly packumentCache full:https://registry.npmjs.org/@radix-ui%2freact-dialog set size:1257294 disposed:false
38 silly fetch manifest @radix-ui/react-navigation-menu@^1.2.13
39 silly packumentCache full:https://registry.npmjs.org/@radix-ui%2freact-navigation-menu cache-miss
40 http fetch GET 200 https://registry.npmjs.org/@radix-ui%2freact-navigation-menu 568ms (cache revalidated)
41 silly packumentCache full:https://registry.npmjs.org/@radix-ui%2freact-navigation-menu set size:1017701 disposed:false
42 silly fetch manifest @radix-ui/react-separator@^1.1.7
43 silly packumentCache full:https://registry.npmjs.org/@radix-ui%2freact-separator cache-miss
44 http fetch GET 200 https://registry.npmjs.org/@radix-ui%2freact-separator 776ms (cache revalidated)
45 silly packumentCache full:https://registry.npmjs.org/@radix-ui%2freact-separator set size:729348 disposed:false
46 silly fetch manifest @radix-ui/react-slot@^1.2.3
47 silly packumentCache full:https://registry.npmjs.org/@radix-ui%2freact-slot cache-miss
48 http fetch GET 200 https://registry.npmjs.org/@radix-ui%2freact-slot 393ms (cache revalidated)
49 silly packumentCache full:https://registry.npmjs.org/@radix-ui%2freact-slot set size:495625 disposed:false
50 silly placeDep ROOT @radix-ui/react-accordion@1.2.20 OK for: apex-corp@0.1.0 want: ^1.2.11
51 silly placeDep ROOT @radix-ui/react-dialog@1.1.23 OK for: apex-corp@0.1.0 want: ^1.1.14
52 silly placeDep ROOT @radix-ui/react-navigation-menu@1.2.22 OK for: apex-corp@0.1.0 want: ^1.2.13
53 silly placeDep ROOT @radix-ui/react-separator@1.1.15 OK for: apex-corp@0.1.0 want: ^1.1.7
54 silly placeDep ROOT @radix-ui/react-slot@1.3.3 OK for: apex-corp@0.1.0 want: ^1.2.3
55 silly fetch manifest @radix-ui/react-id@1.1.4
56 silly packumentCache full:https://registry.npmjs.org/@radix-ui%2freact-id cache-miss
57 silly fetch manifest @radix-ui/primitive@1.1.7
58 silly packumentCache full:https://registry.npmjs.org/@radix-ui%2fprimitive cache-miss
59 silly fetch manifest @radix-ui/react-context@1.2.2
60 silly packumentCache full:https://registry.npmjs.org/@radix-ui%2freact-context cache-miss
61 http fetch GET 200 https://registry.npmjs.org/@radix-ui%2freact-id 549ms (cache revalidated)
62 silly packumentCache full:https://registry.npmjs.org/@radix-ui%2freact-id set size:358699 disposed:false
63 silly fetch manifest @radix-ui/react-direction@1.1.4
64 silly packumentCache full:https://registry.npmjs.org/@radix-ui%2freact-direction cache-miss
65 http fetch GET 200 https://registry.npmjs.org/@radix-ui%2freact-direction 407ms (cache revalidated)
66 silly packumentCache full:https://registry.npmjs.org/@radix-ui%2freact-direction set size:322397 disposed:false
67 silly fetch manifest @radix-ui/react-primitive@2.1.10
68 silly packumentCache full:https://registry.npmjs.org/@radix-ui%2freact-primitive cache-miss
69 http fetch GET 200 https://registry.npmjs.org/@radix-ui%2fprimitive 1155ms (cache revalidated)
70 silly packumentCache full:https://registry.npmjs.org/@radix-ui%2fprimitive set size:210937 disposed:false
71 silly fetch manifest @radix-ui/react-collection@1.1.15
72 silly packumentCache full:https://registry.npmjs.org/@radix-ui%2freact-collection cache-miss
73 http fetch GET 200 https://registry.npmjs.org/@radix-ui%2freact-primitive 401ms (cache revalidated)
74 silly packumentCache full:https://registry.npmjs.org/@radix-ui%2freact-primitive set size:724066 disposed:false
75 silly fetch manifest @radix-ui/react-collapsible@1.1.20
76 silly packumentCache full:https://registry.npmjs.org/@radix-ui%2freact-collapsible cache-miss
77 http fetch GET 200 https://registry.npmjs.org/@radix-ui%2freact-context 1397ms (cache revalidated)
78 silly packumentCache full:https://registry.npmjs.org/@radix-ui%2freact-context set size:311733 disposed:false
79 silly fetch manifest @radix-ui/react-compose-refs@1.1.5
80 silly packumentCache full:https://registry.npmjs.org/@radix-ui%2freact-compose-refs cache-miss
81 http fetch GET 200 https://registry.npmjs.org/@radix-ui%2freact-collection 567ms (cache revalidated)
82 silly packumentCache full:https://registry.npmjs.org/@radix-ui%2freact-collection set size:805148 disposed:false
83 silly fetch manifest @radix-ui/react-use-controllable-state@1.2.6
84 silly packumentCache full:https://registry.npmjs.org/@radix-ui%2freact-use-controllable-state cache-miss
85 http fetch GET 200 https://registry.npmjs.org/@radix-ui%2freact-compose-refs 448ms (cache revalidated)
86 silly packumentCache full:https://registry.npmjs.org/@radix-ui%2freact-compose-refs set size:252692 disposed:false
87 silly fetch manifest aria-hidden@^1.2.4
88 silly packumentCache full:https://registry.npmjs.org/aria-hidden cache-miss
89 http fetch GET 200 https://registry.npmjs.org/@radix-ui%2freact-collapsible 485ms (cache revalidated)
90 silly packumentCache full:https://registry.npmjs.org/@radix-ui%2freact-collapsible set size:972152 disposed:false
91 silly fetch manifest react-remove-scroll@^2.7.2
92 silly packumentCache full:https://registry.npmjs.org/react-remove-scroll cache-miss
93 http fetch GET 200 https://registry.npmjs.org/@radix-ui%2freact-use-controllable-state 599ms (cache revalidated)
94 silly packumentCache full:https://registry.npmjs.org/@radix-ui%2freact-use-controllable-state set size:342904 disposed:false
95 silly fetch manifest @radix-ui/react-slot@1.3.3
96 silly packumentCache full:https://registry.npmjs.org/@radix-ui%2freact-slot cache-hit
97 silly fetch manifest @radix-ui/react-portal@1.1.17
98 silly packumentCache full:https://registry.npmjs.org/@radix-ui%2freact-portal cache-miss
99 http fetch GET 200 https://registry.npmjs.org/react-remove-scroll 456ms (cache revalidated)
100 silly packumentCache full:https://registry.npmjs.org/react-remove-scroll set size:147112 disposed:false
101 silly fetch manifest @radix-ui/react-presence@1.1.10
102 silly packumentCache full:https://registry.npmjs.org/@radix-ui%2freact-presence cache-miss
103 http fetch GET 200 https://registry.npmjs.org/aria-hidden 537ms (cache revalidated)
104 silly packumentCache full:https://registry.npmjs.org/aria-hidden set size:40391 disposed:false
105 silly fetch manifest @radix-ui/react-focus-scope@1.1.16
106 silly packumentCache full:https://registry.npmjs.org/@radix-ui%2freact-focus-scope cache-miss
107 http fetch GET 200 https://registry.npmjs.org/@radix-ui%2freact-presence 438ms (cache revalidated)
108 silly packumentCache full:https://registry.npmjs.org/@radix-ui%2freact-presence set size:531725 disposed:false
109 silly fetch manifest @radix-ui/react-focus-guards@1.1.6
110 silly packumentCache full:https://registry.npmjs.org/@radix-ui%2freact-focus-guards cache-miss
111 http fetch GET 200 https://registry.npmjs.org/@radix-ui%2freact-focus-scope 435ms (cache revalidated)
112 silly packumentCache full:https://registry.npmjs.org/@radix-ui%2freact-focus-scope set size:803165 disposed:false
113 silly fetch manifest @radix-ui/react-dismissable-layer@1.1.19
114 silly packumentCache full:https://registry.npmjs.org/@radix-ui%2freact-dismissable-layer cache-miss
115 http fetch GET 200 https://registry.npmjs.org/@radix-ui%2freact-portal 798ms (cache revalidated)
116 silly packumentCache full:https://registry.npmjs.org/@radix-ui%2freact-portal set size:808993 disposed:false
117 silly fetch manifest @radix-ui/react-use-layout-effect@1.1.4
118 silly packumentCache full:https://registry.npmjs.org/@radix-ui%2freact-use-layout-effect cache-miss
119 http fetch GET 200 https://registry.npmjs.org/@radix-ui%2freact-focus-guards 421ms (cache revalidated)
120 silly packumentCache full:https://registry.npmjs.org/@radix-ui%2freact-focus-guards set size:317709 disposed:false
121 silly fetch manifest @radix-ui/react-use-previous@1.1.4
122 silly packumentCache full:https://registry.npmjs.org/@radix-ui%2freact-use-previous cache-miss
123 http fetch GET 200 https://registry.npmjs.org/@radix-ui%2freact-dismissable-layer 545ms (cache revalidated)
124 silly packumentCache full:https://registry.npmjs.org/@radix-ui%2freact-dismissable-layer set size:974267 disposed:false
125 silly fetch manifest @radix-ui/react-visually-hidden@1.2.11
126 silly packumentCache full:https://registry.npmjs.org/@radix-ui%2freact-visually-hidden cache-miss
127 http fetch GET 200 https://registry.npmjs.org/@radix-ui%2freact-use-layout-effect 384ms (cache revalidated)
128 silly packumentCache full:https://registry.npmjs.org/@radix-ui%2freact-use-layout-effect set size:247104 disposed:false
129 silly fetch manifest @radix-ui/react-use-callback-ref@1.1.4
130 silly packumentCache full:https://registry.npmjs.org/@radix-ui%2freact-use-callback-ref cache-miss
131 http fetch GET 200 https://registry.npmjs.org/@radix-ui%2freact-use-previous 334ms (cache revalidated)
132 silly packumentCache full:https://registry.npmjs.org/@radix-ui%2freact-use-previous set size:318861 disposed:false
133 http fetch GET 200 https://registry.npmjs.org/@radix-ui%2freact-visually-hidden 224ms (cache revalidated)
134 silly packumentCache full:https://registry.npmjs.org/@radix-ui%2freact-visually-hidden set size:735388 disposed:false
135 http fetch GET 200 https://registry.npmjs.org/@radix-ui%2freact-use-callback-ref 250ms (cache revalidated)
136 silly packumentCache full:https://registry.npmjs.org/@radix-ui%2freact-use-callback-ref set size:246611 disposed:false
137 silly fetch manifest ajv@^8.12.0
138 silly packumentCache full:https://registry.npmjs.org/ajv cache-miss
139 http fetch GET 200 https://registry.npmjs.org/ajv 382ms (cache revalidated)
140 silly packumentCache full:https://registry.npmjs.org/ajv set size:1142658 disposed:false
141 silly placeDep ROOT ajv@8.20.0 REPLACE for: @hookform/resolvers@5.7.1 want: ^8.12.0
142 silly fetch manifest fast-uri@^3.0.1
143 silly packumentCache full:https://registry.npmjs.org/fast-uri cache-miss
144 silly fetch manifest json-schema-traverse@^1.0.0
145 silly packumentCache full:https://registry.npmjs.org/json-schema-traverse cache-miss
146 silly fetch manifest require-from-string@^2.0.2
147 silly packumentCache full:https://registry.npmjs.org/require-from-string cache-miss
148 http fetch GET 200 https://registry.npmjs.org/require-from-string 568ms (cache revalidated)
149 silly packumentCache full:https://registry.npmjs.org/require-from-string set size:15128 disposed:false
150 http fetch GET 200 https://registry.npmjs.org/json-schema-traverse 573ms (cache revalidated)
151 silly packumentCache full:https://registry.npmjs.org/json-schema-traverse set size:23537 disposed:false
152 http fetch GET 200 https://registry.npmjs.org/fast-uri 579ms (cache revalidated)
153 silly packumentCache full:https://registry.npmjs.org/fast-uri set size:91614 disposed:false
154 silly fetch manifest ajv@^6.14.0
155 silly packumentCache full:https://registry.npmjs.org/ajv cache-miss
156 http cache https://registry.npmjs.org/ajv 40ms (cache hit)
157 silly packumentCache full:https://registry.npmjs.org/ajv set size:1142658 disposed:false
158 silly placeDep node_modules/@eslint/eslintrc ajv@6.15.0 OK for: @eslint/eslintrc@3.3.6 want: ^6.14.0
159 silly fetch manifest uri-js@^4.2.2
160 silly packumentCache full:https://registry.npmjs.org/uri-js cache-miss
161 silly fetch manifest json-schema-traverse@^0.4.1
162 silly packumentCache full:https://registry.npmjs.org/json-schema-traverse cache-hit
163 silly fetch manifest fast-json-stable-stringify@^2.0.0
164 silly packumentCache full:https://registry.npmjs.org/fast-json-stable-stringify cache-miss
165 http fetch GET 200 https://registry.npmjs.org/uri-js 451ms (cache revalidated)
166 silly packumentCache full:https://registry.npmjs.org/uri-js set size:42559 disposed:false
167 http fetch GET 200 https://registry.npmjs.org/fast-json-stable-stringify 589ms (cache revalidated)
168 silly packumentCache full:https://registry.npmjs.org/fast-json-stable-stringify set size:11337 disposed:false
169 silly fetch manifest @types/react@*
170 silly packumentCache full:https://registry.npmjs.org/@types%2freact cache-miss
171 http cache https://registry.npmjs.org/@types%2freact 534ms (cache hit)
172 silly packumentCache full:https://registry.npmjs.org/@types%2freact set size:2637439 disposed:false
173 silly fetch manifest react@^16.8 || ^17.0 || ^18.0 || ^19.0 || ^19.0.0-rc
174 silly packumentCache full:https://registry.npmjs.org/react cache-miss
175 http cache https://registry.npmjs.org/react 711ms (cache hit)
176 silly packumentCache full:https://registry.npmjs.org/react set size:6878486 disposed:false
177 silly fetch manifest @types/react-dom@*
178 silly packumentCache full:https://registry.npmjs.org/@types%2freact-dom cache-hit
179 silly fetch manifest react-dom@^16.8 || ^17.0 || ^18.0 || ^19.0 || ^19.0.0-rc
180 silly packumentCache full:https://registry.npmjs.org/react-dom cache-miss
181 http cache https://registry.npmjs.org/react-dom 114ms (cache hit)
182 silly packumentCache full:https://registry.npmjs.org/react-dom set size:9237069 disposed:false
183 silly placeDep ROOT @radix-ui/primitive@1.1.7 OK for: @radix-ui/react-accordion@1.2.20 want: 1.1.7
184 silly placeDep ROOT @radix-ui/react-collapsible@1.1.20 OK for: @radix-ui/react-accordion@1.2.20 want: 1.1.20
185 silly placeDep ROOT @radix-ui/react-collection@1.1.15 OK for: @radix-ui/react-accordion@1.2.20 want: 1.1.15
186 silly placeDep ROOT @radix-ui/react-compose-refs@1.1.5 OK for: @radix-ui/react-accordion@1.2.20 want: 1.1.5
187 silly placeDep ROOT @radix-ui/react-context@1.2.2 OK for: @radix-ui/react-accordion@1.2.20 want: 1.2.2
188 silly placeDep ROOT @radix-ui/react-direction@1.1.4 OK for: @radix-ui/react-accordion@1.2.20 want: 1.1.4
189 silly placeDep ROOT @radix-ui/react-id@1.1.4 OK for: @radix-ui/react-accordion@1.2.20 want: 1.1.4
190 silly placeDep ROOT @radix-ui/react-primitive@2.1.10 OK for: @radix-ui/react-accordion@1.2.20 want: 2.1.10
191 silly placeDep ROOT @radix-ui/react-use-controllable-state@1.2.6 OK for: @radix-ui/react-accordion@1.2.20 want: 1.2.6
192 silly fetch manifest @radix-ui/react-use-effect-event@0.0.5
193 silly packumentCache full:https://registry.npmjs.org/@radix-ui%2freact-use-effect-event cache-miss
194 http fetch GET 200 https://registry.npmjs.org/@radix-ui%2freact-use-effect-event 570ms (cache revalidated)
195 silly packumentCache full:https://registry.npmjs.org/@radix-ui%2freact-use-effect-event set size:58358 disposed:false
196 silly placeDep ROOT @radix-ui/react-presence@1.1.10 OK for: @radix-ui/react-collapsible@1.1.20 want: 1.1.10
197 silly placeDep ROOT @radix-ui/react-use-layout-effect@1.1.4 OK for: @radix-ui/react-collapsible@1.1.20 want: 1.1.4
198 silly placeDep ROOT @radix-ui/react-dismissable-layer@1.1.19 OK for: @radix-ui/react-dialog@1.1.23 want: 1.1.19
199 silly placeDep ROOT @radix-ui/react-focus-guards@1.1.6 OK for: @radix-ui/react-dialog@1.1.23 want: 1.1.6
200 silly placeDep ROOT @radix-ui/react-focus-scope@1.1.16 OK for: @radix-ui/react-dialog@1.1.23 want: 1.1.16
201 silly placeDep ROOT @radix-ui/react-portal@1.1.17 OK for: @radix-ui/react-dialog@1.1.23 want: 1.1.17
202 silly placeDep ROOT aria-hidden@1.2.6 OK for: @radix-ui/react-dialog@1.1.23 want: ^1.2.4
203 silly placeDep ROOT react-remove-scroll@2.7.2 OK for: @radix-ui/react-dialog@1.1.23 want: ^2.7.2
204 silly fetch manifest react-remove-scroll-bar@^2.3.7
205 silly packumentCache full:https://registry.npmjs.org/react-remove-scroll-bar cache-miss
206 silly fetch manifest react-style-singleton@^2.2.3
207 silly packumentCache full:https://registry.npmjs.org/react-style-singleton cache-miss
208 silly fetch manifest use-callback-ref@^1.3.3
209 silly packumentCache full:https://registry.npmjs.org/use-callback-ref cache-miss
210 http fetch GET 200 https://registry.npmjs.org/react-remove-scroll-bar 1182ms (cache revalidated)
211 silly packumentCache full:https://registry.npmjs.org/react-remove-scroll-bar set size:66434 disposed:false
212 silly fetch manifest use-sidecar@^1.1.3
213 silly packumentCache full:https://registry.npmjs.org/use-sidecar cache-miss
214 http fetch GET 200 https://registry.npmjs.org/react-style-singleton 1192ms (cache revalidated)
215 silly packumentCache full:https://registry.npmjs.org/react-style-singleton set size:33682 disposed:false
216 http fetch GET 200 https://registry.npmjs.org/use-callback-ref 1195ms (cache revalidated)
217 silly packumentCache full:https://registry.npmjs.org/use-callback-ref set size:47599 disposed:false
218 http fetch GET 200 https://registry.npmjs.org/use-sidecar 1262ms (cache revalidated)
219 silly packumentCache full:https://registry.npmjs.org/use-sidecar set size:58998 disposed:false
220 silly placeDep ROOT @radix-ui/react-use-callback-ref@1.1.4 OK for: @radix-ui/react-dismissable-layer@1.1.19 want: 1.1.4
221 silly placeDep ROOT @radix-ui/react-use-effect-event@0.0.5 OK for: @radix-ui/react-dismissable-layer@1.1.19 want: 0.0.5
222 silly placeDep ROOT @radix-ui/react-use-previous@1.1.4 OK for: @radix-ui/react-navigation-menu@1.2.22 want: 1.1.4
223 silly placeDep ROOT @radix-ui/react-visually-hidden@1.2.11 OK for: @radix-ui/react-navigation-menu@1.2.22 want: 1.2.11
224 silly placeDep ROOT fast-uri@3.1.5 OK for: ajv@8.20.0 want: ^3.0.1
225 silly placeDep ROOT json-schema-traverse@1.0.0 OK for: ajv@8.20.0 want: ^1.0.0
226 silly placeDep ROOT require-from-string@2.0.2 OK for: ajv@8.20.0 want: ^2.0.2
227 silly placeDep node_modules/eslint ajv@6.15.0 OK for: eslint@9.39.5 want: ^6.14.0
228 silly fetch manifest react@^16.8.0 || ^17.0.0 || ^18.0.0 || ^19.0.0 || ^19.0.0-rc
229 silly packumentCache full:https://registry.npmjs.org/react cache-miss
230 http cache https://registry.npmjs.org/react 1239ms (cache hit)
231 silly packumentCache full:https://registry.npmjs.org/react set size:6878486 disposed:false
232 silly placeDep ROOT react-remove-scroll-bar@2.3.8 OK for: react-remove-scroll@2.7.2 want: ^2.3.7
233 silly placeDep ROOT react-style-singleton@2.2.3 OK for: react-remove-scroll@2.7.2 want: ^2.2.3
234 silly placeDep ROOT use-callback-ref@1.3.3 OK for: react-remove-scroll@2.7.2 want: ^1.3.3
235 silly placeDep ROOT use-sidecar@1.1.3 OK for: react-remove-scroll@2.7.2 want: ^1.1.3
236 silly fetch manifest react-style-singleton@^2.2.2
237 silly packumentCache full:https://registry.npmjs.org/react-style-singleton cache-hit
238 silly fetch manifest get-nonce@^1.0.0
239 silly packumentCache full:https://registry.npmjs.org/get-nonce cache-miss
240 silly fetch manifest detect-node-es@^1.1.0
241 silly packumentCache full:https://registry.npmjs.org/detect-node-es cache-miss
242 http fetch GET 200 https://registry.npmjs.org/detect-node-es 1563ms (cache revalidated)
243 silly packumentCache full:https://registry.npmjs.org/detect-node-es set size:6554 disposed:false
244 http fetch GET 200 https://registry.npmjs.org/get-nonce 1584ms (cache revalidated)
245 silly packumentCache full:https://registry.npmjs.org/get-nonce set size:8902 disposed:false
246 silly placeDep ROOT get-nonce@1.0.1 OK for: react-style-singleton@2.2.3 want: ^1.0.0
247 silly placeDep ROOT detect-node-es@1.1.0 OK for: use-sidecar@1.1.3 want: ^1.1.0
248 silly placeDep ROOT fast-json-stable-stringify@2.1.0 OK for: ajv@6.15.0 want: ^2.0.0
249 silly placeDep node_modules/@eslint/eslintrc json-schema-traverse@0.4.1 OK for: ajv@6.15.0 want: ^0.4.1
250 silly placeDep ROOT uri-js@4.4.1 OK for: ajv@6.15.0 want: ^4.2.2
251 silly fetch manifest punycode@^2.1.0
252 silly packumentCache full:https://registry.npmjs.org/punycode cache-miss
253 http fetch GET 200 https://registry.npmjs.org/punycode 511ms (cache revalidated)
254 silly packumentCache full:https://registry.npmjs.org/punycode set size:61278 disposed:false
255 silly placeDep ROOT punycode@2.3.1 OK for: uri-js@4.4.1 want: ^2.1.0
256 silly placeDep node_modules/eslint json-schema-traverse@0.4.1 OK for: ajv@6.15.0 want: ^0.4.1
257 silly reify mark retired [ 'C:\\Users\\Tega\\Desktop\\Apex\\node_modules\\caniuse-lite' ]
258 silly reify mark retired [ 'C:\\Users\\Tega\\Desktop\\Apex\\node_modules\\es-abstract' ]
259 silly reify mark retired [
259 silly reify   'C:\\Users\\Tega\\Desktop\\Apex\\node_modules\\lightningcss-android-arm64'
259 silly reify ]
260 silly reify mark retired [
260 silly reify   'C:\\Users\\Tega\\Desktop\\Apex\\node_modules\\lightningcss-darwin-arm64'
260 silly reify ]
261 silly reify mark retired [
261 silly reify   'C:\\Users\\Tega\\Desktop\\Apex\\node_modules\\lightningcss-darwin-x64'
261 silly reify ]
262 silly reify mark retired [
262 silly reify   'C:\\Users\\Tega\\Desktop\\Apex\\node_modules\\lightningcss-freebsd-x64'
262 silly reify ]
263 silly reify mark retired [
263 silly reify   'C:\\Users\\Tega\\Desktop\\Apex\\node_modules\\lightningcss-linux-arm-gnueabihf'
263 silly reify ]
264 silly reify mark retired [
264 silly reify   'C:\\Users\\Tega\\Desktop\\Apex\\node_modules\\lightningcss-linux-arm64-gnu'
264 silly reify ]
265 silly reify mark retired [
265 silly reify   'C:\\Users\\Tega\\Desktop\\Apex\\node_modules\\lightningcss-linux-x64-gnu'
265 silly reify ]
266 silly reify mark retired [
266 silly reify   'C:\\Users\\Tega\\Desktop\\Apex\\node_modules\\lightningcss-linux-arm64-musl'
266 silly reify ]
267 silly reify mark retired [
267 silly reify   'C:\\Users\\Tega\\Desktop\\Apex\\node_modules\\lightningcss-linux-x64-musl'
267 silly reify ]
268 silly reify mark retired [
268 silly reify   'C:\\Users\\Tega\\Desktop\\Apex\\node_modules\\lightningcss-win32-arm64-msvc'
268 silly reify ]
269 silly reify mark retired [ 'C:\\Users\\Tega\\Desktop\\Apex\\node_modules\\next' ]
270 silly reify mark retired [
270 silly reify   'C:\\Users\\Tega\\Desktop\\Apex\\node_modules\\@img\\sharp-darwin-arm64'
270 silly reify ]
271 silly reify mark retired [
271 silly reify   'C:\\Users\\Tega\\Desktop\\Apex\\node_modules\\@img\\sharp-darwin-x64'
271 silly reify ]
272 silly reify mark retired [
272 silly reify   'C:\\Users\\Tega\\Desktop\\Apex\\node_modules\\@img\\sharp-freebsd-wasm32'
272 silly reify ]
273 silly reify mark retired [
273 silly reify   'C:\\Users\\Tega\\Desktop\\Apex\\node_modules\\@img\\sharp-libvips-darwin-arm64'
273 silly reify ]
274 silly reify mark retired [
274 silly reify   'C:\\Users\\Tega\\Desktop\\Apex\\node_modules\\@img\\sharp-libvips-darwin-x64'
274 silly reify ]
275 silly reify mark retired [
275 silly reify   'C:\\Users\\Tega\\Desktop\\Apex\\node_modules\\@img\\sharp-libvips-linux-arm'
275 silly reify ]
276 silly reify mark retired [
276 silly reify   'C:\\Users\\Tega\\Desktop\\Apex\\node_modules\\@img\\sharp-libvips-linux-arm64'
276 silly reify ]
277 silly reify mark retired [
277 silly reify   'C:\\Users\\Tega\\Desktop\\Apex\\node_modules\\@img\\sharp-libvips-linux-ppc64'
277 silly reify ]
278 silly reify mark retired [
278 silly reify   'C:\\Users\\Tega\\Desktop\\Apex\\node_modules\\@img\\sharp-libvips-linux-riscv64'
278 silly reify ]
279 silly reify mark retired [
279 silly reify   'C:\\Users\\Tega\\Desktop\\Apex\\node_modules\\@img\\sharp-libvips-linux-s390x'
279 silly reify ]
280 silly reify mark retired [
280 silly reify   'C:\\Users\\Tega\\Desktop\\Apex\\node_modules\\@img\\sharp-libvips-linux-x64'
280 silly reify ]
281 silly reify mark retired [
281 silly reify   'C:\\Users\\Tega\\Desktop\\Apex\\node_modules\\@img\\sharp-libvips-linuxmusl-arm64'
281 silly reify ]
282 silly reify mark retired [
282 silly reify   'C:\\Users\\Tega\\Desktop\\Apex\\node_modules\\@img\\sharp-libvips-linuxmusl-x64'
282 silly reify ]
283 silly reify mark retired [
283 silly reify   'C:\\Users\\Tega\\Desktop\\Apex\\node_modules\\@img\\sharp-linux-arm'
283 silly reify ]
284 silly reify mark retired [
284 silly reify   'C:\\Users\\Tega\\Desktop\\Apex\\node_modules\\@img\\sharp-linux-arm64'
284 silly reify ]
285 silly reify mark retired [
285 silly reify   'C:\\Users\\Tega\\Desktop\\Apex\\node_modules\\@img\\sharp-linux-ppc64'
285 silly reify ]
286 silly reify mark retired [
286 silly reify   'C:\\Users\\Tega\\Desktop\\Apex\\node_modules\\@img\\sharp-linux-riscv64'
286 silly reify ]
287 silly reify mark retired [
287 silly reify   'C:\\Users\\Tega\\Desktop\\Apex\\node_modules\\@img\\sharp-linux-s390x'
287 silly reify ]
288 silly reify mark retired [
288 silly reify   'C:\\Users\\Tega\\Desktop\\Apex\\node_modules\\@img\\sharp-linuxmusl-arm64'
288 silly reify ]
289 silly reify mark retired [
289 silly reify   'C:\\Users\\Tega\\Desktop\\Apex\\node_modules\\@img\\sharp-linux-x64'
289 silly reify ]
290 silly reify mark retired [
290 silly reify   'C:\\Users\\Tega\\Desktop\\Apex\\node_modules\\@img\\sharp-linuxmusl-x64'
290 silly reify ]
291 silly reify mark retired [
291 silly reify   'C:\\Users\\Tega\\Desktop\\Apex\\node_modules\\@img\\sharp-webcontainers-wasm32'
291 silly reify ]
292 silly reify mark retired [
292 silly reify   'C:\\Users\\Tega\\Desktop\\Apex\\node_modules\\@img\\sharp-win32-arm64'
292 silly reify ]
293 silly reify mark retired [
293 silly reify   'C:\\Users\\Tega\\Desktop\\Apex\\node_modules\\@img\\sharp-win32-ia32'
293 silly reify ]
294 silly reify mark retired [
294 silly reify   'C:\\Users\\Tega\\Desktop\\Apex\\node_modules\\@next\\swc-darwin-arm64'
294 silly reify ]
295 silly reify mark retired [
295 silly reify   'C:\\Users\\Tega\\Desktop\\Apex\\node_modules\\@next\\swc-linux-arm64-gnu'
295 silly reify ]
296 silly reify mark retired [
296 silly reify   'C:\\Users\\Tega\\Desktop\\Apex\\node_modules\\@next\\swc-darwin-x64'
296 silly reify ]
297 silly reify mark retired [
297 silly reify   'C:\\Users\\Tega\\Desktop\\Apex\\node_modules\\@next\\swc-linux-arm64-musl'
297 silly reify ]
298 silly reify mark retired [
298 silly reify   'C:\\Users\\Tega\\Desktop\\Apex\\node_modules\\@next\\swc-linux-x64-gnu'
298 silly reify ]
299 silly reify mark retired [
299 silly reify   'C:\\Users\\Tega\\Desktop\\Apex\\node_modules\\@next\\swc-linux-x64-musl'
299 silly reify ]
300 silly reify mark retired [
300 silly reify   'C:\\Users\\Tega\\Desktop\\Apex\\node_modules\\@next\\swc-win32-arm64-msvc'
300 silly reify ]
301 silly reify mark retired [
301 silly reify   'C:\\Users\\Tega\\Desktop\\Apex\\node_modules\\@tailwindcss\\oxide-android-arm64'
301 silly reify ]
302 silly reify mark retired [
302 silly reify   'C:\\Users\\Tega\\Desktop\\Apex\\node_modules\\@tailwindcss\\oxide-darwin-arm64'
302 silly reify ]
303 silly reify mark retired [
303 silly reify   'C:\\Users\\Tega\\Desktop\\Apex\\node_modules\\@tailwindcss\\oxide-freebsd-x64'
303 silly reify ]
304 silly reify mark retired [
304 silly reify   'C:\\Users\\Tega\\Desktop\\Apex\\node_modules\\@tailwindcss\\oxide-darwin-x64'
304 silly reify ]
305 silly reify mark retired [
305 silly reify   'C:\\Users\\Tega\\Desktop\\Apex\\node_modules\\@tailwindcss\\oxide-linux-arm-gnueabihf'
305 silly reify ]
306 silly reify mark retired [
306 silly reify   'C:\\Users\\Tega\\Desktop\\Apex\\node_modules\\@tailwindcss\\oxide-linux-arm64-gnu'
306 silly reify ]
307 silly reify mark retired [
307 silly reify   'C:\\Users\\Tega\\Desktop\\Apex\\node_modules\\@tailwindcss\\oxide-linux-arm64-musl'
307 silly reify ]
308 silly reify mark retired [
308 silly reify   'C:\\Users\\Tega\\Desktop\\Apex\\node_modules\\@tailwindcss\\oxide-linux-x64-gnu'
308 silly reify ]
309 silly reify mark retired [
309 silly reify   'C:\\Users\\Tega\\Desktop\\Apex\\node_modules\\@tailwindcss\\oxide-linux-x64-musl'
309 silly reify ]
310 silly reify mark retired [
310 silly reify   'C:\\Users\\Tega\\Desktop\\Apex\\node_modules\\@tailwindcss\\oxide-wasm32-wasi'
310 silly reify ]
311 silly reify mark retired [
311 silly reify   'C:\\Users\\Tega\\Desktop\\Apex\\node_modules\\@tailwindcss\\oxide-win32-arm64-msvc'
311 silly reify ]
312 silly reify mark retired [
312 silly reify   'C:\\Users\\Tega\\Desktop\\Apex\\node_modules\\@unrs\\resolver-binding-android-arm-eabi'
312 silly reify ]
313 silly reify mark retired [
313 silly reify   'C:\\Users\\Tega\\Desktop\\Apex\\node_modules\\@unrs\\resolver-binding-android-arm64'
313 silly reify ]
314 silly reify mark retired [
314 silly reify   'C:\\Users\\Tega\\Desktop\\Apex\\node_modules\\@unrs\\resolver-binding-darwin-arm64'
314 silly reify ]
315 silly reify mark retired [
315 silly reify   'C:\\Users\\Tega\\Desktop\\Apex\\node_modules\\@unrs\\resolver-binding-darwin-x64'
315 silly reify ]
316 silly reify mark retired [
316 silly reify   'C:\\Users\\Tega\\Desktop\\Apex\\node_modules\\@unrs\\resolver-binding-freebsd-x64'
316 silly reify ]
317 silly reify mark retired [
317 silly reify   'C:\\Users\\Tega\\Desktop\\Apex\\node_modules\\@unrs\\resolver-binding-linux-arm-gnueabihf'
317 silly reify ]
318 silly reify mark retired [
318 silly reify   'C:\\Users\\Tega\\Desktop\\Apex\\node_modules\\@unrs\\resolver-binding-linux-arm-musleabihf'
318 silly reify ]
319 silly reify mark retired [
319 silly reify   'C:\\Users\\Tega\\Desktop\\Apex\\node_modules\\@unrs\\resolver-binding-linux-arm64-gnu'
319 silly reify ]
320 silly reify mark retired [
320 silly reify   'C:\\Users\\Tega\\Desktop\\Apex\\node_modules\\@unrs\\resolver-binding-linux-arm64-musl'
320 silly reify ]
321 silly reify mark retired [
321 silly reify   'C:\\Users\\Tega\\Desktop\\Apex\\node_modules\\@unrs\\resolver-binding-linux-loong64-gnu'
321 silly reify ]
322 silly reify mark retired [
322 silly reify   'C:\\Users\\Tega\\Desktop\\Apex\\node_modules\\@unrs\\resolver-binding-linux-loong64-musl'
322 silly reify ]
323 silly reify mark retired [
323 silly reify   'C:\\Users\\Tega\\Desktop\\Apex\\node_modules\\@unrs\\resolver-binding-linux-ppc64-gnu'
323 silly reify ]
324 silly reify mark retired [
324 silly reify   'C:\\Users\\Tega\\Desktop\\Apex\\node_modules\\@unrs\\resolver-binding-linux-riscv64-gnu'
324 silly reify ]
325 silly reify mark retired [
325 silly reify   'C:\\Users\\Tega\\Desktop\\Apex\\node_modules\\@unrs\\resolver-binding-linux-s390x-gnu'
325 silly reify ]
326 silly reify mark retired [
326 silly reify   'C:\\Users\\Tega\\Desktop\\Apex\\node_modules\\@unrs\\resolver-binding-linux-riscv64-musl'
326 silly reify ]
327 silly reify mark retired [
327 silly reify   'C:\\Users\\Tega\\Desktop\\Apex\\node_modules\\@unrs\\resolver-binding-linux-x64-gnu'
327 silly reify ]
328 silly reify mark retired [
328 silly reify   'C:\\Users\\Tega\\Desktop\\Apex\\node_modules\\@unrs\\resolver-binding-linux-x64-musl'
328 silly reify ]
329 silly reify mark retired [
329 silly reify   'C:\\Users\\Tega\\Desktop\\Apex\\node_modules\\@unrs\\resolver-binding-openharmony-arm64'
329 silly reify ]
330 silly reify mark retired [
330 silly reify   'C:\\Users\\Tega\\Desktop\\Apex\\node_modules\\@unrs\\resolver-binding-wasm32-wasi'
330 silly reify ]
331 silly reify mark retired [
331 silly reify   'C:\\Users\\Tega\\Desktop\\Apex\\node_modules\\@unrs\\resolver-binding-win32-arm64-msvc'
331 silly reify ]
332 silly reify mark retired [
332 silly reify   'C:\\Users\\Tega\\Desktop\\Apex\\node_modules\\@unrs\\resolver-binding-win32-ia32-msvc'
332 silly reify ]
333 silly reify mark retired [
333 silly reify   'C:\\Users\\Tega\\Desktop\\Apex\\node_modules\\acorn',
333 silly reify   'C:\\Users\\Tega\\Desktop\\Apex\\node_modules\\.bin\\acorn',
333 silly reify   'C:\\Users\\Tega\\Desktop\\Apex\\node_modules\\.bin\\acorn.cmd',
333 silly reify   'C:\\Users\\Tega\\Desktop\\Apex\\node_modules\\.bin\\acorn.ps1'
333 silly reify ]
334 silly reify mark retired [ 'C:\\Users\\Tega\\Desktop\\Apex\\node_modules\\aria-hidden' ]
335 silly reify mark retired [
335 silly reify   'C:\\Users\\Tega\\Desktop\\Apex\\node_modules\\baseline-browser-mapping',
335 silly reify   'C:\\Users\\Tega\\Desktop\\Apex\\node_modules\\.bin\\baseline-browser-mapping',
335 silly reify   'C:\\Users\\Tega\\Desktop\\Apex\\node_modules\\.bin\\baseline-browser-mapping.cmd',
335 silly reify   'C:\\Users\\Tega\\Desktop\\Apex\\node_modules\\.bin\\baseline-browser-mapping.ps1'
335 silly reify ]
336 silly reify mark retired [
336 silly reify   'C:\\Users\\Tega\\Desktop\\Apex\\node_modules\\browserslist',
336 silly reify   'C:\\Users\\Tega\\Desktop\\Apex\\node_modules\\.bin\\browserslist',
336 silly reify   'C:\\Users\\Tega\\Desktop\\Apex\\node_modules\\.bin\\browserslist.cmd',
336 silly reify   'C:\\Users\\Tega\\Desktop\\Apex\\node_modules\\.bin\\browserslist.ps1'
336 silly reify ]
337 silly reify mark retired [ 'C:\\Users\\Tega\\Desktop\\Apex\\node_modules\\ajv' ]
338 silly reify mark retired [ 'C:\\Users\\Tega\\Desktop\\Apex\\node_modules\\detect-node-es' ]
339 silly reify mark retired [
339 silly reify   'C:\\Users\\Tega\\Desktop\\Apex\\node_modules\\eslint',
339 silly reify   'C:\\Users\\Tega\\Desktop\\Apex\\node_modules\\.bin\\eslint',
339 silly reify   'C:\\Users\\Tega\\Desktop\\Apex\\node_modules\\.bin\\eslint.cmd',
339 silly reify   'C:\\Users\\Tega\\Desktop\\Apex\\node_modules\\.bin\\eslint.ps1'
339 silly reify ]
340 silly reify mark retired [ 'C:\\Users\\Tega\\Desktop\\Apex\\node_modules\\fast-uri' ]
341 silly reify mark retired [ 'C:\\Users\\Tega\\Desktop\\Apex\\node_modules\\get-nonce' ]
342 silly reify mark retired [
342 silly reify   'C:\\Users\\Tega\\Desktop\\Apex\\node_modules\\is-bun-module\\node_modules\\semver',
342 silly reify   'C:\\Users\\Tega\\Desktop\\Apex\\node_modules\\is-bun-module\\node_modules\\.bin\\semver',
342 silly reify   'C:\\Users\\Tega\\Desktop\\Apex\\node_modules\\is-bun-module\\node_modules\\.bin\\semver.cmd',
342 silly reify   'C:\\Users\\Tega\\Desktop\\Apex\\node_modules\\is-bun-module\\node_modules\\.bin\\semver.ps1'
342 silly reify ]
343 silly reify mark retired [
343 silly reify   'C:\\Users\\Tega\\Desktop\\Apex\\node_modules\\jiti',
343 silly reify   'C:\\Users\\Tega\\Desktop\\Apex\\node_modules\\.bin\\jiti',
343 silly reify   'C:\\Users\\Tega\\Desktop\\Apex\\node_modules\\.bin\\jiti.cmd',
343 silly reify   'C:\\Users\\Tega\\Desktop\\Apex\\node_modules\\.bin\\jiti.ps1'
343 silly reify ]
344 silly reify mark retired [
344 silly reify   'C:\\Users\\Tega\\Desktop\\Apex\\node_modules\\js-yaml',
344 silly reify   'C:\\Users\\Tega\\Desktop\\Apex\\node_modules\\.bin\\js-yaml',
344 silly reify   'C:\\Users\\Tega\\Desktop\\Apex\\node_modules\\.bin\\js-yaml.cmd',
344 silly reify   'C:\\Users\\Tega\\Desktop\\Apex\\node_modules\\.bin\\js-yaml.ps1'
344 silly reify ]
345 silly reify mark retired [
345 silly reify   'C:\\Users\\Tega\\Desktop\\Apex\\node_modules\\jsesc',
345 silly reify   'C:\\Users\\Tega\\Desktop\\Apex\\node_modules\\.bin\\jsesc',
345 silly reify   'C:\\Users\\Tega\\Desktop\\Apex\\node_modules\\.bin\\jsesc.cmd',
345 silly reify   'C:\\Users\\Tega\\Desktop\\Apex\\node_modules\\.bin\\jsesc.ps1'
345 silly reify ]
346 silly reify mark retired [
346 silly reify   'C:\\Users\\Tega\\Desktop\\Apex\\node_modules\\json5',
346 silly reify   'C:\\Users\\Tega\\Desktop\\Apex\\node_modules\\.bin\\json5',
346 silly reify   'C:\\Users\\Tega\\Desktop\\Apex\\node_modules\\.bin\\json5.cmd',
346 silly reify   'C:\\Users\\Tega\\Desktop\\Apex\\node_modules\\.bin\\json5.ps1'
346 silly reify ]
347 silly reify mark retired [
347 silly reify   'C:\\Users\\Tega\\Desktop\\Apex\\node_modules\\loose-envify',
347 silly reify   'C:\\Users\\Tega\\Desktop\\Apex\\node_modules\\.bin\\loose-envify',
347 silly reify   'C:\\Users\\Tega\\Desktop\\Apex\\node_modules\\.bin\\loose-envify.cmd',
347 silly reify   'C:\\Users\\Tega\\Desktop\\Apex\\node_modules\\.bin\\loose-envify.ps1'
347 silly reify ]
348 silly reify mark retired [
348 silly reify   'C:\\Users\\Tega\\Desktop\\Apex\\node_modules\\napi-postinstall',
348 silly reify   'C:\\Users\\Tega\\Desktop\\Apex\\node_modules\\.bin\\napi-postinstall',
348 silly reify   'C:\\Users\\Tega\\Desktop\\Apex\\node_modules\\.bin\\napi-postinstall.cmd',
348 silly reify   'C:\\Users\\Tega\\Desktop\\Apex\\node_modules\\.bin\\napi-postinstall.ps1'
348 silly reify ]
349 silly reify mark retired [
349 silly reify   'C:\\Users\\Tega\\Desktop\\Apex\\node_modules\\nanoid',
349 silly reify   'C:\\Users\\Tega\\Desktop\\Apex\\node_modules\\.bin\\nanoid',
349 silly reify   'C:\\Users\\Tega\\Desktop\\Apex\\node_modules\\.bin\\nanoid.cmd',
349 silly reify   'C:\\Users\\Tega\\Desktop\\Apex\\node_modules\\.bin\\nanoid.ps1'
349 silly reify ]
350 silly reify mark retired [
350 silly reify   'C:\\Users\\Tega\\Desktop\\Apex\\node_modules\\json-schema-traverse'
350 silly reify ]
351 silly reify mark retired [ 'C:\\Users\\Tega\\Desktop\\Apex\\node_modules\\react-remove-scroll' ]
352 silly reify mark retired [
352 silly reify   'C:\\Users\\Tega\\Desktop\\Apex\\node_modules\\react-remove-scroll-bar'
352 silly reify ]
353 silly reify mark retired [ 'C:\\Users\\Tega\\Desktop\\Apex\\node_modules\\require-from-string' ]
354 silly reify mark retired [
354 silly reify   'C:\\Users\\Tega\\Desktop\\Apex\\node_modules\\resolve',
354 silly reify   'C:\\Users\\Tega\\Desktop\\Apex\\node_modules\\.bin\\resolve',
354 silly reify   'C:\\Users\\Tega\\Desktop\\Apex\\node_modules\\.bin\\resolve.cmd',
354 silly reify   'C:\\Users\\Tega\\Desktop\\Apex\\node_modules\\.bin\\resolve.ps1'
354 silly reify ]
355 silly reify mark retired [
355 silly reify   'C:\\Users\\Tega\\Desktop\\Apex\\node_modules\\react-style-singleton'
355 silly reify ]
356 silly reify mark retired [
356 silly reify   'C:\\Users\\Tega\\Desktop\\Apex\\node_modules\\semver',
356 silly reify   'C:\\Users\\Tega\\Desktop\\Apex\\node_modules\\.bin\\semver',
356 silly reify   'C:\\Users\\Tega\\Desktop\\Apex\\node_modules\\.bin\\semver.cmd',
356 silly reify   'C:\\Users\\Tega\\Desktop\\Apex\\node_modules\\.bin\\semver.ps1'
356 silly reify ]
357 silly reify mark retired [
357 silly reify   'C:\\Users\\Tega\\Desktop\\Apex\\node_modules\\sharp\\node_modules\\semver',
357 silly reify   'C:\\Users\\Tega\\Desktop\\Apex\\node_modules\\sharp\\node_modules\\.bin\\semver',
357 silly reify   'C:\\Users\\Tega\\Desktop\\Apex\\node_modules\\sharp\\node_modules\\.bin\\semver.cmd',
357 silly reify   'C:\\Users\\Tega\\Desktop\\Apex\\node_modules\\sharp\\node_modules\\.bin\\semver.ps1'
357 silly reify ]
358 silly reify mark retired [
358 silly reify   'C:\\Users\\Tega\\Desktop\\Apex\\node_modules\\tsconfig-paths\\node_modules\\json5',
358 silly reify   'C:\\Users\\Tega\\Desktop\\Apex\\node_modules\\tsconfig-paths\\node_modules\\.bin\\json5',
358 silly reify   'C:\\Users\\Tega\\Desktop\\Apex\\node_modules\\tsconfig-paths\\node_modules\\.bin\\json5.cmd',
358 silly reify   'C:\\Users\\Tega\\Desktop\\Apex\\node_modules\\tsconfig-paths\\node_modules\\.bin\\json5.ps1'
358 silly reify ]
359 silly reify mark retired [
359 silly reify   'C:\\Users\\Tega\\Desktop\\Apex\\node_modules\\typescript',
359 silly reify   'C:\\Users\\Tega\\Desktop\\Apex\\node_modules\\.bin\\tsc',
359 silly reify   'C:\\Users\\Tega\\Desktop\\Apex\\node_modules\\.bin\\tsc.cmd',
359 silly reify   'C:\\Users\\Tega\\Desktop\\Apex\\node_modules\\.bin\\tsc.ps1',
359 silly reify   'C:\\Users\\Tega\\Desktop\\Apex\\node_modules\\.bin\\tsserver',
359 silly reify   'C:\\Users\\Tega\\Desktop\\Apex\\node_modules\\.bin\\tsserver.cmd',
359 silly reify   'C:\\Users\\Tega\\Desktop\\Apex\\node_modules\\.bin\\tsserver.ps1'
359 silly reify ]
360 silly reify mark retired [
360 silly reify   'C:\\Users\\Tega\\Desktop\\Apex\\node_modules\\update-browserslist-db',
360 silly reify   'C:\\Users\\Tega\\Desktop\\Apex\\node_modules\\.bin\\update-browserslist-db',
360 silly reify   'C:\\Users\\Tega\\Desktop\\Apex\\node_modules\\.bin\\update-browserslist-db.cmd',
360 silly reify   'C:\\Users\\Tega\\Desktop\\Apex\\node_modules\\.bin\\update-browserslist-db.ps1'
360 silly reify ]
361 silly reify mark retired [ 'C:\\Users\\Tega\\Desktop\\Apex\\node_modules\\use-callback-ref' ]
362 silly reify mark retired [ 'C:\\Users\\Tega\\Desktop\\Apex\\node_modules\\use-sidecar' ]
363 silly reify mark retired [
363 silly reify   'C:\\Users\\Tega\\Desktop\\Apex\\node_modules\\which',
363 silly reify   'C:\\Users\\Tega\\Desktop\\Apex\\node_modules\\.bin\\node-which',
363 silly reify   'C:\\Users\\Tega\\Desktop\\Apex\\node_modules\\.bin\\node-which.cmd',
363 silly reify   'C:\\Users\\Tega\\Desktop\\Apex\\node_modules\\.bin\\node-which.ps1'
363 silly reify ]
364 silly reify mark retired [
364 silly reify   'C:\\Users\\Tega\\Desktop\\Apex\\node_modules\\@babel\\parser',
364 silly reify   'C:\\Users\\Tega\\Desktop\\Apex\\node_modules\\.bin\\parser',
364 silly reify   'C:\\Users\\Tega\\Desktop\\Apex\\node_modules\\.bin\\parser.cmd',
364 silly reify   'C:\\Users\\Tega\\Desktop\\Apex\\node_modules\\.bin\\parser.ps1'
364 silly reify ]
365 silly reify mark retired [
365 silly reify   'C:\\Users\\Tega\\Desktop\\Apex\\node_modules\\@eslint\\eslintrc\\node_modules\\ajv'
365 silly reify ]
366 silly reify mark retired [
366 silly reify   'C:\\Users\\Tega\\Desktop\\Apex\\node_modules\\@eslint\\eslintrc\\node_modules\\json-schema-traverse'
366 silly reify ]
367 silly reify mark retired [
367 silly reify   'C:\\Users\\Tega\\Desktop\\Apex\\node_modules\\@radix-ui\\primitive'
367 silly reify ]
368 silly reify mark retired [
368 silly reify   'C:\\Users\\Tega\\Desktop\\Apex\\node_modules\\@radix-ui\\react-collection'
368 silly reify ]
369 silly reify mark retired [
369 silly reify   'C:\\Users\\Tega\\Desktop\\Apex\\node_modules\\@radix-ui\\react-accordion'
369 silly reify ]
370 silly reify mark retired [
370 silly reify   'C:\\Users\\Tega\\Desktop\\Apex\\node_modules\\@radix-ui\\react-collapsible'
370 silly reify ]
371 silly reify mark retired [
371 silly reify   'C:\\Users\\Tega\\Desktop\\Apex\\node_modules\\@radix-ui\\react-direction'
371 silly reify ]
372 silly reify mark retired [
372 silly reify   'C:\\Users\\Tega\\Desktop\\Apex\\node_modules\\@radix-ui\\react-focus-guards'
372 silly reify ]
373 silly reify mark retired [
373 silly reify   'C:\\Users\\Tega\\Desktop\\Apex\\node_modules\\@radix-ui\\react-context'
373 silly reify ]
374 silly reify mark retired [
374 silly reify   'C:\\Users\\Tega\\Desktop\\Apex\\node_modules\\@radix-ui\\react-dialog'
374 silly reify ]
375 silly reify mark retired [
375 silly reify   'C:\\Users\\Tega\\Desktop\\Apex\\node_modules\\@radix-ui\\react-dismissable-layer'
375 silly reify ]
376 silly reify mark retired [ 'C:\\Users\\Tega\\Desktop\\Apex\\node_modules\\@radix-ui\\react-id' ]
377 silly reify mark retired [
377 silly reify   'C:\\Users\\Tega\\Desktop\\Apex\\node_modules\\@radix-ui\\react-focus-scope'
377 silly reify ]
378 silly reify mark retired [
378 silly reify   'C:\\Users\\Tega\\Desktop\\Apex\\node_modules\\@radix-ui\\react-navigation-menu'
378 silly reify ]
379 silly reify mark retired [
379 silly reify   'C:\\Users\\Tega\\Desktop\\Apex\\node_modules\\@radix-ui\\react-portal'
379 silly reify ]
380 silly reify mark retired [
380 silly reify   'C:\\Users\\Tega\\Desktop\\Apex\\node_modules\\@radix-ui\\react-use-callback-ref'
380 silly reify ]
381 silly reify mark retired [
381 silly reify   'C:\\Users\\Tega\\Desktop\\Apex\\node_modules\\@radix-ui\\react-use-controllable-state'
381 silly reify ]
382 silly reify mark retired [
382 silly reify   'C:\\Users\\Tega\\Desktop\\Apex\\node_modules\\@radix-ui\\react-use-effect-event'
382 silly reify ]
383 silly reify mark retired [
383 silly reify   'C:\\Users\\Tega\\Desktop\\Apex\\node_modules\\@radix-ui\\react-use-previous'
383 silly reify ]
384 silly reify mark retired [
384 silly reify   'C:\\Users\\Tega\\Desktop\\Apex\\node_modules\\@radix-ui\\react-primitive'
384 silly reify ]
385 silly reify mark retired [
385 silly reify   'C:\\Users\\Tega\\Desktop\\Apex\\node_modules\\@radix-ui\\react-use-layout-effect'
385 silly reify ]
386 silly reify mark retired [
386 silly reify   'C:\\Users\\Tega\\Desktop\\Apex\\node_modules\\@radix-ui\\react-presence'
386 silly reify ]
387 silly reify mark retired [
387 silly reify   'C:\\Users\\Tega\\Desktop\\Apex\\node_modules\\@radix-ui\\react-compose-refs'
387 silly reify ]
388 silly reify mark retired [
388 silly reify   'C:\\Users\\Tega\\Desktop\\Apex\\node_modules\\@radix-ui\\react-separator'
388 silly reify ]
389 silly reify mark retired [
389 silly reify   'C:\\Users\\Tega\\Desktop\\Apex\\node_modules\\@radix-ui\\react-slot'
389 silly reify ]
390 silly reify mark retired [
390 silly reify   'C:\\Users\\Tega\\Desktop\\Apex\\node_modules\\@radix-ui\\react-visually-hidden'
390 silly reify ]
391 silly reify mark retired [
391 silly reify   'C:\\Users\\Tega\\Desktop\\Apex\\node_modules\\@typescript-eslint\\typescript-estree\\node_modules\\semver',
391 silly reify   'C:\\Users\\Tega\\Desktop\\Apex\\node_modules\\@typescript-eslint\\typescript-estree\\node_modules\\.bin\\semver',
391 silly reify   'C:\\Users\\Tega\\Desktop\\Apex\\node_modules\\@typescript-eslint\\typescript-estree\\node_modules\\.bin\\semver.cmd',
391 silly reify   'C:\\Users\\Tega\\Desktop\\Apex\\node_modules\\@typescript-eslint\\typescript-estree\\node_modules\\.bin\\semver.ps1'
391 silly reify ]
392 silly reify moves {
392 silly reify   'C:\\Users\\Tega\\Desktop\\Apex\\node_modules\\caniuse-lite': 'C:\\Users\\Tega\\Desktop\\Apex\\node_modules\\.caniuse-lite-3C8yy3mG',
392 silly reify   'C:\\Users\\Tega\\Desktop\\Apex\\node_modules\\es-abstract': 'C:\\Users\\Tega\\Desktop\\Apex\\node_modules\\.es-abstract-gw7oHUCF',
392 silly reify   'C:\\Users\\Tega\\Desktop\\Apex\\node_modules\\lightningcss-android-arm64': 'C:\\Users\\Tega\\Desktop\\Apex\\node_modules\\.lightningcss-android-arm64-rGVKl73L',
392 silly reify   'C:\\Users\\Tega\\Desktop\\Apex\\node_modules\\lightningcss-darwin-arm64': 'C:\\Users\\Tega\\Desktop\\Apex\\node_modules\\.lightningcss-darwin-arm64-6ZgJBUH8',
392 silly reify   'C:\\Users\\Tega\\Desktop\\Apex\\node_modules\\lightningcss-darwin-x64': 'C:\\Users\\Tega\\Desktop\\Apex\\node_modules\\.lightningcss-darwin-x64-RyB7N22Q',
392 silly reify   'C:\\Users\\Tega\\Desktop\\Apex\\node_modules\\lightningcss-freebsd-x64': 'C:\\Users\\Tega\\Desktop\\Apex\\node_modules\\.lightningcss-freebsd-x64-4RKoqPS6',
392 silly reify   'C:\\Users\\Tega\\Desktop\\Apex\\node_modules\\lightningcss-linux-arm-gnueabihf': 'C:\\Users\\Tega\\Desktop\\Apex\\node_modules\\.lightningcss-linux-arm-gnueabihf-E49BzgSe',
392 silly reify   'C:\\Users\\Tega\\Desktop\\Apex\\node_modules\\lightningcss-linux-arm64-gnu': 'C:\\Users\\Tega\\Desktop\\Apex\\node_modules\\.lightningcss-linux-arm64-gnu-6ahDoA5I',
392 silly reify   'C:\\Users\\Tega\\Desktop\\Apex\\node_modules\\lightningcss-linux-x64-gnu': 'C:\\Users\\Tega\\Desktop\\Apex\\node_modules\\.lightningcss-linux-x64-gnu-DI5u5YyL',
392 silly reify   'C:\\Users\\Tega\\Desktop\\Apex\\node_modules\\lightningcss-linux-arm64-musl': 'C:\\Users\\Tega\\Desktop\\Apex\\node_modules\\.lightningcss-linux-arm64-musl-kmd6erAx',
392 silly reify   'C:\\Users\\Tega\\Desktop\\Apex\\node_modules\\lightningcss-linux-x64-musl': 'C:\\Users\\Tega\\Desktop\\Apex\\node_modules\\.lightningcss-linux-x64-musl-Jn5ToemM',
392 silly reify   'C:\\Users\\Tega\\Desktop\\Apex\\node_modules\\lightningcss-win32-arm64-msvc': 'C:\\Users\\Tega\\Desktop\\Apex\\node_modules\\.lightningcss-win32-arm64-msvc-vUpnrfxz',
392 silly reify   'C:\\Users\\Tega\\Desktop\\Apex\\node_modules\\next': 'C:\\Users\\Tega\\Desktop\\Apex\\node_modules\\.next-DLax5mbz',
392 silly reify   'C:\\Users\\Tega\\Desktop\\Apex\\node_modules\\@img\\sharp-darwin-arm64': 'C:\\Users\\Tega\\Desktop\\Apex\\node_modules\\@img\\.sharp-darwin-arm64-qDkxkrHT',
392 silly reify   'C:\\Users\\Tega\\Desktop\\Apex\\node_modules\\@img\\sharp-darwin-x64': 'C:\\Users\\Tega\\Desktop\\Apex\\node_modules\\@img\\.sharp-darwin-x64-QXNUe8TR',
392 silly reify   'C:\\Users\\Tega\\Desktop\\Apex\\node_modules\\@img\\sharp-freebsd-wasm32': 'C:\\Users\\Tega\\Desktop\\Apex\\node_modules\\@img\\.sharp-freebsd-wasm32-9Tr34Zv3',
392 silly reify   'C:\\Users\\Tega\\Desktop\\Apex\\node_modules\\@img\\sharp-libvips-darwin-arm64': 'C:\\Users\\Tega\\Desktop\\Apex\\node_modules\\@img\\.sharp-libvips-darwin-arm64-VTE4j5bi',
392 silly reify   'C:\\Users\\Tega\\Desktop\\Apex\\node_modules\\@img\\sharp-libvips-darwin-x64': 'C:\\Users\\Tega\\Desktop\\Apex\\node_modules\\@img\\.sharp-libvips-darwin-x64-MOaPi72s',
392 silly reify   'C:\\Users\\Tega\\Desktop\\Apex\\node_modules\\@img\\sharp-libvips-linux-arm': 'C:\\Users\\Tega\\Desktop\\Apex\\node_modules\\@img\\.sharp-libvips-linux-arm-HWFOXXTr',
392 silly reify   'C:\\Users\\Tega\\Desktop\\Apex\\node_modules\\@img\\sharp-libvips-linux-arm64': 'C:\\Users\\Tega\\Desktop\\Apex\\node_modules\\@img\\.sharp-libvips-linux-arm64-dt7Gr3vY',
392 silly reify   'C:\\Users\\Tega\\Desktop\\Apex\\node_modules\\@img\\sharp-libvips-linux-ppc64': 'C:\\Users\\Tega\\Desktop\\Apex\\node_modules\\@img\\.sharp-libvips-linux-ppc64-ZckgjQSm',
392 silly reify   'C:\\Users\\Tega\\Desktop\\Apex\\node_modules\\@img\\sharp-libvips-linux-riscv64': 'C:\\Users\\Tega\\Desktop\\Apex\\node_modules\\@img\\.sharp-libvips-linux-riscv64-6BZF8ROn',
392 silly reify   'C:\\Users\\Tega\\Desktop\\Apex\\node_modules\\@img\\sharp-libvips-linux-s390x': 'C:\\Users\\Tega\\Desktop\\Apex\\node_modules\\@img\\.sharp-libvips-linux-s390x-AuHnlIl8',
392 silly reify   'C:\\Users\\Tega\\Desktop\\Apex\\node_modules\\@img\\sharp-libvips-linux-x64': 'C:\\Users\\Tega\\Desktop\\Apex\\node_modules\\@img\\.sharp-libvips-linux-x64-To68bFsz',
392 silly reify   'C:\\Users\\Tega\\Desktop\\Apex\\node_modules\\@img\\sharp-libvips-linuxmusl-arm64': 'C:\\Users\\Tega\\Desktop\\Apex\\node_modules\\@img\\.sharp-libvips-linuxmusl-arm64-Bjh0Dx27',
392 silly reify   'C:\\Users\\Tega\\Desktop\\Apex\\node_modules\\@img\\sharp-libvips-linuxmusl-x64': 'C:\\Users\\Tega\\Desktop\\Apex\\node_modules\\@img\\.sharp-libvips-linuxmusl-x64-TYI3yq0W',
392 silly reify   'C:\\Users\\Tega\\Desktop\\Apex\\node_modules\\@img\\sharp-linux-arm': 'C:\\Users\\Tega\\Desktop\\Apex\\node_modules\\@img\\.sharp-linux-arm-Ya5QVj1E',
392 silly reify   'C:\\Users\\Tega\\Desktop\\Apex\\node_modules\\@img\\sharp-linux-arm64': 'C:\\Users\\Tega\\Desktop\\Apex\\node_modules\\@img\\.sharp-linux-arm64-XTnLErJ9',
392 silly reify   'C:\\Users\\Tega\\Desktop\\Apex\\node_modules\\@img\\sharp-linux-ppc64': 'C:\\Users\\Tega\\Desktop\\Apex\\node_modules\\@img\\.sharp-linux-ppc64-0Qxk2YEf',
392 silly reify   'C:\\Users\\Tega\\Desktop\\Apex\\node_modules\\@img\\sharp-linux-riscv64': 'C:\\Users\\Tega\\Desktop\\Apex\\node_modules\\@img\\.sharp-linux-riscv64-CCU4Bsne',
392 silly reify   'C:\\Users\\Tega\\Desktop\\Apex\\node_modules\\@img\\sharp-linux-s390x': 'C:\\Users\\Tega\\Desktop\\Apex\\node_modules\\@img\\.sharp-linux-s390x-FsCsLaVK',
392 silly reify   'C:\\Users\\Tega\\Desktop\\Apex\\node_modules\\@img\\sharp-linuxmusl-arm64': 'C:\\Users\\Tega\\Desktop\\Apex\\node_modules\\@img\\.sharp-linuxmusl-arm64-0dPhwIoe',
392 silly reify   'C:\\Users\\Tega\\Desktop\\Apex\\node_modules\\@img\\sharp-linux-x64': 'C:\\Users\\Tega\\Desktop\\Apex\\node_modules\\@img\\.sharp-linux-x64-UmJkXVY8',
392 silly reify   'C:\\Users\\Tega\\Desktop\\Apex\\node_modules\\@img\\sharp-linuxmusl-x64': 'C:\\Users\\Tega\\Desktop\\Apex\\node_modules\\@img\\.sharp-linuxmusl-x64-HP3wwmM4',
392 silly reify   'C:\\Users\\Tega\\Desktop\\Apex\\node_modules\\@img\\sharp-webcontainers-wasm32': 'C:\\Users\\Tega\\Desktop\\Apex\\node_modules\\@img\\.sharp-webcontainers-wasm32-UXtLr2II',
392 silly reify   'C:\\Users\\Tega\\Desktop\\Apex\\node_modules\\@img\\sharp-win32-arm64': 'C:\\Users\\Tega\\Desktop\\Apex\\node_modules\\@img\\.sharp-win32-arm64-ZBAWbn30',
392 silly reify   'C:\\Users\\Tega\\Desktop\\Apex\\node_modules\\@img\\sharp-win32-ia32': 'C:\\Users\\Tega\\Desktop\\Apex\\node_modules\\@img\\.sharp-win32-ia32-37IxG9n6',
392 silly reify   'C:\\Users\\Tega\\Desktop\\Apex\\node_modules\\@next\\swc-darwin-arm64': 'C:\\Users\\Tega\\Desktop\\Apex\\node_modules\\@next\\.swc-darwin-arm64-VvMg12y4',
392 silly reify   'C:\\Users\\Tega\\Desktop\\Apex\\node_modules\\@next\\swc-linux-arm64-gnu': 'C:\\Users\\Tega\\Desktop\\Apex\\node_modules\\@next\\.swc-linux-arm64-gnu-VWTO7Ih9',
392 silly reify   'C:\\Users\\Tega\\Desktop\\Apex\\node_modules\\@next\\swc-darwin-x64': 'C:\\Users\\Tega\\Desktop\\Apex\\node_modules\\@next\\.swc-darwin-x64-us7enSvp',
392 silly reify   'C:\\Users\\Tega\\Desktop\\Apex\\node_modules\\@next\\swc-linux-arm64-musl': 'C:\\Users\\Tega\\Desktop\\Apex\\node_modules\\@next\\.swc-linux-arm64-musl-fL4uG2s2',
392 silly reify   'C:\\Users\\Tega\\Desktop\\Apex\\node_modules\\@next\\swc-linux-x64-gnu': 'C:\\Users\\Tega\\Desktop\\Apex\\node_modules\\@next\\.swc-linux-x64-gnu-zLvUdWph',
392 silly reify   'C:\\Users\\Tega\\Desktop\\Apex\\node_modules\\@next\\swc-linux-x64-musl': 'C:\\Users\\Tega\\Desktop\\Apex\\node_modules\\@next\\.swc-linux-x64-musl-byPrXf8g',
392 silly reify   'C:\\Users\\Tega\\Desktop\\Apex\\node_modules\\@next\\swc-win32-arm64-msvc': 'C:\\Users\\Tega\\Desktop\\Apex\\node_modules\\@next\\.swc-win32-arm64-msvc-7w0Qwwry',
392 silly reify   'C:\\Users\\Tega\\Desktop\\Apex\\node_modules\\@tailwindcss\\oxide-android-arm64': 'C:\\Users\\Tega\\Desktop\\Apex\\node_modules\\@tailwindcss\\.oxide-android-arm64-eSUuItj8',
392 silly reify   'C:\\Users\\Tega\\Desktop\\Apex\\node_modules\\@tailwindcss\\oxide-darwin-arm64': 'C:\\Users\\Tega\\Desktop\\Apex\\node_modules\\@tailwindcss\\.oxide-darwin-arm64-QNMsbj8d',
392 silly reify   'C:\\Users\\Tega\\Desktop\\Apex\\node_modules\\@tailwindcss\\oxide-freebsd-x64': 'C:\\Users\\Tega\\Desktop\\Apex\\node_modules\\@tailwindcss\\.oxide-freebsd-x64-MOyvgKvE',
392 silly reify   'C:\\Users\\Tega\\Desktop\\Apex\\node_modules\\@tailwindcss\\oxide-darwin-x64': 'C:\\Users\\Tega\\Desktop\\Apex\\node_modules\\@tailwindcss\\.oxide-darwin-x64-SFOgrwb7',
392 silly reify   'C:\\Users\\Tega\\Desktop\\Apex\\node_modules\\@tailwindcss\\oxide-linux-arm-gnueabihf': 'C:\\Users\\Tega\\Desktop\\Apex\\node_modules\\@tailwindcss\\.oxide-linux-arm-gnueabihf-n8JqTonx',
392 silly reify   'C:\\Users\\Tega\\Desktop\\Apex\\node_modules\\@tailwindcss\\oxide-linux-arm64-gnu': 'C:\\Users\\Tega\\Desktop\\Apex\\node_modules\\@tailwindcss\\.oxide-linux-arm64-gnu-RAARj3er',
392 silly reify   'C:\\Users\\Tega\\Desktop\\Apex\\node_modules\\@tailwindcss\\oxide-linux-arm64-musl': 'C:\\Users\\Tega\\Desktop\\Apex\\node_modules\\@tailwindcss\\.oxide-linux-arm64-musl-vilRTLJy',
392 silly reify   'C:\\Users\\Tega\\Desktop\\Apex\\node_modules\\@tailwindcss\\oxide-linux-x64-gnu': 'C:\\Users\\Tega\\Desktop\\Apex\\node_modules\\@tailwindcss\\.oxide-linux-x64-gnu-d9IjtcIM',
392 silly reify   'C:\\Users\\Tega\\Desktop\\Apex\\node_modules\\@tailwindcss\\oxide-linux-x64-musl': 'C:\\Users\\Tega\\Desktop\\Apex\\node_modules\\@tailwindcss\\.oxide-linux-x64-musl-JIfwuIul',
392 silly reify   'C:\\Users\\Tega\\Desktop\\Apex\\node_modules\\@tailwindcss\\oxide-wasm32-wasi': 'C:\\Users\\Tega\\Desktop\\Apex\\node_modules\\@tailwindcss\\.oxide-wasm32-wasi-zRU1zK4S',
392 silly reify   'C:\\Users\\Tega\\Desktop\\Apex\\node_modules\\@tailwindcss\\oxide-win32-arm64-msvc': 'C:\\Users\\Tega\\Desktop\\Apex\\node_modules\\@tailwindcss\\.oxide-win32-arm64-msvc-bK5mxZsC',
392 silly reify   'C:\\Users\\Tega\\Desktop\\Apex\\node_modules\\@unrs\\resolver-binding-android-arm-eabi': 'C:\\Users\\Tega\\Desktop\\Apex\\node_modules\\@unrs\\.resolver-binding-android-arm-eabi-aO38eNOO',
392 silly reify   'C:\\Users\\Tega\\Desktop\\Apex\\node_modules\\@unrs\\resolver-binding-android-arm64': 'C:\\Users\\Tega\\Desktop\\Apex\\node_modules\\@unrs\\.resolver-binding-android-arm64-l5JOPgOo',
392 silly reify   'C:\\Users\\Tega\\Desktop\\Apex\\node_modules\\@unrs\\resolver-binding-darwin-arm64': 'C:\\Users\\Tega\\Desktop\\Apex\\node_modules\\@unrs\\.resolver-binding-darwin-arm64-2DeuDtps',
392 silly reify   'C:\\Users\\Tega\\Desktop\\Apex\\node_modules\\@unrs\\resolver-binding-darwin-x64': 'C:\\Users\\Tega\\Desktop\\Apex\\node_modules\\@unrs\\.resolver-binding-darwin-x64-z0tG9BYY',
392 silly reify   'C:\\Users\\Tega\\Desktop\\Apex\\node_modules\\@unrs\\resolver-binding-freebsd-x64': 'C:\\Users\\Tega\\Desktop\\Apex\\node_modules\\@unrs\\.resolver-binding-freebsd-x64-lPTxkGv6',
392 silly reify   'C:\\Users\\Tega\\Desktop\\Apex\\node_modules\\@unrs\\resolver-binding-linux-arm-gnueabihf': 'C:\\Users\\Tega\\Desktop\\Apex\\node_modules\\@unrs\\.resolver-binding-linux-arm-gnueabihf-1LK2Arz7',
392 silly reify   'C:\\Users\\Tega\\Desktop\\Apex\\node_modules\\@unrs\\resolver-binding-linux-arm-musleabihf': 'C:\\Users\\Tega\\Desktop\\Apex\\node_modules\\@unrs\\.resolver-binding-linux-arm-musleabihf-MsSDER8Z',
392 silly reify   'C:\\Users\\Tega\\Desktop\\Apex\\node_modules\\@unrs\\resolver-binding-linux-arm64-gnu': 'C:\\Users\\Tega\\Desktop\\Apex\\node_modules\\@unrs\\.resolver-binding-linux-arm64-gnu-VzRWabvX',
392 silly reify   'C:\\Users\\Tega\\Desktop\\Apex\\node_modules\\@unrs\\resolver-binding-linux-arm64-musl': 'C:\\Users\\Tega\\Desktop\\Apex\\node_modules\\@unrs\\.resolver-binding-linux-arm64-musl-6rCQb9OH',
392 silly reify   'C:\\Users\\Tega\\Desktop\\Apex\\node_modules\\@unrs\\resolver-binding-linux-loong64-gnu': 'C:\\Users\\Tega\\Desktop\\Apex\\node_modules\\@unrs\\.resolver-binding-linux-loong64-gnu-0g65RRBM',
392 silly reify   'C:\\Users\\Tega\\Desktop\\Apex\\node_modules\\@unrs\\resolver-binding-linux-loong64-musl': 'C:\\Users\\Tega\\Desktop\\Apex\\node_modules\\@unrs\\.resolver-binding-linux-loong64-musl-goof5QiL',
392 silly reify   'C:\\Users\\Tega\\Desktop\\Apex\\node_modules\\@unrs\\resolver-binding-linux-ppc64-gnu': 'C:\\Users\\Tega\\Desktop\\Apex\\node_modules\\@unrs\\.resolver-binding-linux-ppc64-gnu-7ZtlSs33',
392 silly reify   'C:\\Users\\Tega\\Desktop\\Apex\\node_modules\\@unrs\\resolver-binding-linux-riscv64-gnu': 'C:\\Users\\Tega\\Desktop\\Apex\\node_modules\\@unrs\\.resolver-binding-linux-riscv64-gnu-TDmGQ0RY',
392 silly reify   'C:\\Users\\Tega\\Desktop\\Apex\\node_modules\\@unrs\\resolver-binding-linux-s390x-gnu': 'C:\\Users\\Tega\\Desktop\\Apex\\node_modules\\@unrs\\.resolver-binding-linux-s390x-gnu-KiDF0vCY',
392 silly reify   'C:\\Users\\Tega\\Desktop\\Apex\\node_modules\\@unrs\\resolver-binding-linux-riscv64-musl': 'C:\\Users\\Tega\\Desktop\\Apex\\node_modules\\@unrs\\.resolver-binding-linux-riscv64-musl-0cBOtIiX',
392 silly reify   'C:\\Users\\Tega\\Desktop\\Apex\\node_modules\\@unrs\\resolver-binding-linux-x64-gnu': 'C:\\Users\\Tega\\Desktop\\Apex\\node_modules\\@unrs\\.resolver-binding-linux-x64-gnu-QWUXwtFr',
392 silly reify   'C:\\Users\\Tega\\Desktop\\Apex\\node_modules\\@unrs\\resolver-binding-linux-x64-musl': 'C:\\Users\\Tega\\Desktop\\Apex\\node_modules\\@unrs\\.resolver-binding-linux-x64-musl-YKENsDpW',
392 silly reify   'C:\\Users\\Tega\\Desktop\\Apex\\node_modules\\@unrs\\resolver-binding-openharmony-arm64': 'C:\\Users\\Tega\\Desktop\\Apex\\node_modules\\@unrs\\.resolver-binding-openharmony-arm64-3WKk48Fo',
392 silly reify   'C:\\Users\\Tega\\Desktop\\Apex\\node_modules\\@unrs\\resolver-binding-wasm32-wasi': 'C:\\Users\\Tega\\Desktop\\Apex\\node_modules\\@unrs\\.resolver-binding-wasm32-wasi-0hMEV87t',
392 silly reify   'C:\\Users\\Tega\\Desktop\\Apex\\node_modules\\@unrs\\resolver-binding-win32-arm64-msvc': 'C:\\Users\\Tega\\Desktop\\Apex\\node_modules\\@unrs\\.resolver-binding-win32-arm64-msvc-2QkV8lrB',
392 silly reify   'C:\\Users\\Tega\\Desktop\\Apex\\node_modules\\@unrs\\resolver-binding-win32-ia32-msvc': 'C:\\Users\\Tega\\Desktop\\Apex\\node_modules\\@unrs\\.resolver-binding-win32-ia32-msvc-H9gIAGNn',
392 silly reify   'C:\\Users\\Tega\\Desktop\\Apex\\node_modules\\acorn': 'C:\\Users\\Tega\\Desktop\\Apex\\node_modules\\.acorn-WBmRAYem',
392 silly reify   'C:\\Users\\Tega\\Desktop\\Apex\\node_modules\\.bin\\acorn': 'C:\\Users\\Tega\\Desktop\\Apex\\node_modules\\.bin\\.acorn-s7PajXCY',
392 silly reify   'C:\\Users\\Tega\\Desktop\\Apex\\node_modules\\.bin\\acorn.cmd': 'C:\\Users\\Tega\\Desktop\\Apex\\node_modules\\.bin\\.acorn.cmd-9DxrGgM6',
392 silly reify   'C:\\Users\\Tega\\Desktop\\Apex\\node_modules\\.bin\\acorn.ps1': 'C:\\Users\\Tega\\Desktop\\Apex\\node_modules\\.bin\\.acorn.ps1-G0ML8LMu',
392 silly reify   'C:\\Users\\Tega\\Desktop\\Apex\\node_modules\\aria-hidden': 'C:\\Users\\Tega\\Desktop\\Apex\\node_modules\\.aria-hidden-KKPvDz1p',
392 silly reify   'C:\\Users\\Tega\\Desktop\\Apex\\node_modules\\baseline-browser-mapping': 'C:\\Users\\Tega\\Desktop\\Apex\\node_modules\\.baseline-browser-mapping-RKEKtHNW',
392 silly reify   'C:\\Users\\Tega\\Desktop\\Apex\\node_modules\\.bin\\baseline-browser-mapping': 'C:\\Users\\Tega\\Desktop\\Apex\\node_modules\\.bin\\.baseline-browser-mapping-iGprM8dj',
392 silly reify   'C:\\Users\\Tega\\Desktop\\Apex\\node_modules\\.bin\\baseline-browser-mapping.cmd': 'C:\\Users\\Tega\\Desktop\\Apex\\node_modules\\.bin\\.baseline-browser-mapping.cmd-rxCPVtsN',
392 silly reify   'C:\\Users\\Tega\\Desktop\\Apex\\node_modules\\.bin\\baseline-browser-mapping.ps1': 'C:\\Users\\Tega\\Desktop\\Apex\\node_modules\\.bin\\.baseline-browser-mapping.ps1-LDTjSSrs',
392 silly reify   'C:\\Users\\Tega\\Desktop\\Apex\\node_modules\\browserslist': 'C:\\Users\\Tega\\Desktop\\Apex\\node_modules\\.browserslist-BRvwmmZB',
392 silly reify   'C:\\Users\\Tega\\Desktop\\Apex\\node_modules\\.bin\\browserslist': 'C:\\Users\\Tega\\Desktop\\Apex\\node_modules\\.bin\\.browserslist-PJ4iTY9V',
392 silly reify   'C:\\Users\\Tega\\Desktop\\Apex\\node_modules\\.bin\\browserslist.cmd': 'C:\\Users\\Tega\\Desktop\\Apex\\node_modules\\.bin\\.browserslist.cmd-TAcc2ii9',
392 silly reify   'C:\\Users\\Tega\\Desktop\\Apex\\node_modules\\.bin\\browserslist.ps1': 'C:\\Users\\Tega\\Desktop\\Apex\\node_modules\\.bin\\.browserslist.ps1-MiDXdN8l',
392 silly reify   'C:\\Users\\Tega\\Desktop\\Apex\\node_modules\\ajv': 'C:\\Users\\Tega\\Desktop\\Apex\\node_modules\\.ajv-MrPS0jRh',
392 silly reify   'C:\\Users\\Tega\\Desktop\\Apex\\node_modules\\detect-node-es': 'C:\\Users\\Tega\\Desktop\\Apex\\node_modules\\.detect-node-es-fyiLT9Kk',
392 silly reify   'C:\\Users\\Tega\\Desktop\\Apex\\node_modules\\eslint': 'C:\\Users\\Tega\\Desktop\\Apex\\node_modules\\.eslint-KYUXh0RZ',
392 silly reify   'C:\\Users\\Tega\\Desktop\\Apex\\node_modules\\.bin\\eslint': 'C:\\Users\\Tega\\Desktop\\Apex\\node_modules\\.bin\\.eslint-9upSwiD2',
392 silly reify   'C:\\Users\\Tega\\Desktop\\Apex\\node_modules\\.bin\\eslint.cmd': 'C:\\Users\\Tega\\Desktop\\Apex\\node_modules\\.bin\\.eslint.cmd-OFoEwk8n',
392 silly reify   'C:\\Users\\Tega\\Desktop\\Apex\\node_modules\\.bin\\eslint.ps1': 'C:\\Users\\Tega\\Desktop\\Apex\\node_modules\\.bin\\.eslint.ps1-DMXKldGe',
392 silly reify   'C:\\Users\\Tega\\Desktop\\Apex\\node_modules\\fast-uri': 'C:\\Users\\Tega\\Desktop\\Apex\\node_modules\\.fast-uri-NZpafYX1',
392 silly reify   'C:\\Users\\Tega\\Desktop\\Apex\\node_modules\\get-nonce': 'C:\\Users\\Tega\\Desktop\\Apex\\node_modules\\.get-nonce-IQFncGd8',
392 silly reify   'C:\\Users\\Tega\\Desktop\\Apex\\node_modules\\is-bun-module\\node_modules\\semver': 'C:\\Users\\Tega\\Desktop\\Apex\\node_modules\\is-bun-module\\node_modules\\.semver-kO1e2Y5u',
392 silly reify   'C:\\Users\\Tega\\Desktop\\Apex\\node_modules\\is-bun-module\\node_modules\\.bin\\semver': 'C:\\Users\\Tega\\Desktop\\Apex\\node_modules\\is-bun-module\\node_modules\\.bin\\.semver-BKjKPZHG',
392 silly reify   'C:\\Users\\Tega\\Desktop\\Apex\\node_modules\\is-bun-module\\node_modules\\.bin\\semver.cmd': 'C:\\Users\\Tega\\Desktop\\Apex\\node_modules\\is-bun-module\\node_modules\\.bin\\.semver.cmd-3sv3jzgc',
392 silly reify   'C:\\Users\\Tega\\Desktop\\Apex\\node_modules\\is-bun-module\\node_modules\\.bin\\semver.ps1': 'C:\\Users\\Tega\\Desktop\\Apex\\node_modules\\is-bun-module\\node_modules\\.bin\\.semver.ps1-ewdjPnZE',
392 silly reify   'C:\\Users\\Tega\\Desktop\\Apex\\node_modules\\jiti': 'C:\\Users\\Tega\\Desktop\\Apex\\node_modules\\.jiti-BGRnHkGX',
392 silly reify   'C:\\Users\\Tega\\Desktop\\Apex\\node_modules\\.bin\\jiti': 'C:\\Users\\Tega\\Desktop\\Apex\\node_modules\\.bin\\.jiti-p9KygrhM',
392 silly reify   'C:\\Users\\Tega\\Desktop\\Apex\\node_modules\\.bin\\jiti.cmd': 'C:\\Users\\Tega\\Desktop\\Apex\\node_modules\\.bin\\.jiti.cmd-K9hFLZ2L',
392 silly reify   'C:\\Users\\Tega\\Desktop\\Apex\\node_modules\\.bin\\jiti.ps1': 'C:\\Users\\Tega\\Desktop\\Apex\\node_modules\\.bin\\.jiti.ps1-sRP9MGIW',
392 silly reify   'C:\\Users\\Tega\\Desktop\\Apex\\node_modules\\js-yaml': 'C:\\Users\\Tega\\Desktop\\Apex\\node_modules\\.js-yaml-icu7GmM8',
392 silly reify   'C:\\Users\\Tega\\Desktop\\Apex\\node_modules\\.bin\\js-yaml': 'C:\\Users\\Tega\\Desktop\\Apex\\node_modules\\.bin\\.js-yaml-t2e0KyrQ',
392 silly reify   'C:\\Users\\Tega\\Desktop\\Apex\\node_modules\\.bin\\js-yaml.cmd': 'C:\\Users\\Tega\\Desktop\\Apex\\node_modules\\.bin\\.js-yaml.cmd-9KO4DLS8',
392 silly reify   'C:\\Users\\Tega\\Desktop\\Apex\\node_modules\\.bin\\js-yaml.ps1': 'C:\\Users\\Tega\\Desktop\\Apex\\node_modules\\.bin\\.js-yaml.ps1-M4CjC8BR',
392 silly reify   'C:\\Users\\Tega\\Desktop\\Apex\\node_modules\\jsesc': 'C:\\Users\\Tega\\Desktop\\Apex\\node_modules\\.jsesc-RZSb1OfA',
392 silly reify   'C:\\Users\\Tega\\Desktop\\Apex\\node_modules\\.bin\\jsesc': 'C:\\Users\\Tega\\Desktop\\Apex\\node_modules\\.bin\\.jsesc-SOXueKOQ',
392 silly reify   'C:\\Users\\Tega\\Desktop\\Apex\\node_modules\\.bin\\jsesc.cmd': 'C:\\Users\\Tega\\Desktop\\Apex\\node_modules\\.bin\\.jsesc.cmd-yzKjaFcL',
392 silly reify   'C:\\Users\\Tega\\Desktop\\Apex\\node_modules\\.bin\\jsesc.ps1': 'C:\\Users\\Tega\\Desktop\\Apex\\node_modules\\.bin\\.jsesc.ps1-YBrmSxJl',
392 silly reify   'C:\\Users\\Tega\\Desktop\\Apex\\node_modules\\json5': 'C:\\Users\\Tega\\Desktop\\Apex\\node_modules\\.json5-os9Dk6Uu',
392 silly reify   'C:\\Users\\Tega\\Desktop\\Apex\\node_modules\\.bin\\json5': 'C:\\Users\\Tega\\Desktop\\Apex\\node_modules\\.bin\\.json5-6d8ZfRBc',
392 silly reify   'C:\\Users\\Tega\\Desktop\\Apex\\node_modules\\.bin\\json5.cmd': 'C:\\Users\\Tega\\Desktop\\Apex\\node_modules\\.bin\\.json5.cmd-Dgmensqd',
392 silly reify   'C:\\Users\\Tega\\Desktop\\Apex\\node_modules\\.bin\\json5.ps1': 'C:\\Users\\Tega\\Desktop\\Apex\\node_modules\\.bin\\.json5.ps1-ligRX0AQ',
392 silly reify   'C:\\Users\\Tega\\Desktop\\Apex\\node_modules\\loose-envify': 'C:\\Users\\Tega\\Desktop\\Apex\\node_modules\\.loose-envify-oA4w7pVU',
392 silly reify   'C:\\Users\\Tega\\Desktop\\Apex\\node_modules\\.bin\\loose-envify': 'C:\\Users\\Tega\\Desktop\\Apex\\node_modules\\.bin\\.loose-envify-JA6yXO45',
392 silly reify   'C:\\Users\\Tega\\Desktop\\Apex\\node_modules\\.bin\\loose-envify.cmd': 'C:\\Users\\Tega\\Desktop\\Apex\\node_modules\\.bin\\.loose-envify.cmd-AYfTezNL',
392 silly reify   'C:\\Users\\Tega\\Desktop\\Apex\\node_modules\\.bin\\loose-envify.ps1': 'C:\\Users\\Tega\\Desktop\\Apex\\node_modules\\.bin\\.loose-envify.ps1-2HLOp73t',
392 silly reify   'C:\\Users\\Tega\\Desktop\\Apex\\node_modules\\napi-postinstall': 'C:\\Users\\Tega\\Desktop\\Apex\\node_modules\\.napi-postinstall-8XMUfvsy',
392 silly reify   'C:\\Users\\Tega\\Desktop\\Apex\\node_modules\\.bin\\napi-postinstall': 'C:\\Users\\Tega\\Desktop\\Apex\\node_modules\\.bin\\.napi-postinstall-pm6i7BU4',
392 silly reify   'C:\\Users\\Tega\\Desktop\\Apex\\node_modules\\.bin\\napi-postinstall.cmd': 'C:\\Users\\Tega\\Desktop\\Apex\\node_modules\\.bin\\.napi-postinstall.cmd-r7O2qOQf',
392 silly reify   'C:\\Users\\Tega\\Desktop\\Apex\\node_modules\\.bin\\napi-postinstall.ps1': 'C:\\Users\\Tega\\Desktop\\Apex\\node_modules\\.bin\\.napi-postinstall.ps1-PlvPAOgx',
392 silly reify   'C:\\Users\\Tega\\Desktop\\Apex\\node_modules\\nanoid': 'C:\\Users\\Tega\\Desktop\\Apex\\node_modules\\.nanoid-t21qju1X',
392 silly reify   'C:\\Users\\Tega\\Desktop\\Apex\\node_modules\\.bin\\nanoid': 'C:\\Users\\Tega\\Desktop\\Apex\\node_modules\\.bin\\.nanoid-HfvkhILe',
392 silly reify   'C:\\Users\\Tega\\Desktop\\Apex\\node_modules\\.bin\\nanoid.cmd': 'C:\\Users\\Tega\\Desktop\\Apex\\node_modules\\.bin\\.nanoid.cmd-AjHeyCGq',
392 silly reify   'C:\\Users\\Tega\\Desktop\\Apex\\node_modules\\.bin\\nanoid.ps1': 'C:\\Users\\Tega\\Desktop\\Apex\\node_modules\\.bin\\.nanoid.ps1-aC3anMMs',
392 silly reify   'C:\\Users\\Tega\\Desktop\\Apex\\node_modules\\json-schema-traverse': 'C:\\Users\\Tega\\Desktop\\Apex\\node_modules\\.json-schema-traverse-Dx8MQqOY',
392 silly reify   'C:\\Users\\Tega\\Desktop\\Apex\\node_modules\\react-remove-scroll': 'C:\\Users\\Tega\\Desktop\\Apex\\node_modules\\.react-remove-scroll-Py2tGpLd',
392 silly reify   'C:\\Users\\Tega\\Desktop\\Apex\\node_modules\\react-remove-scroll-bar': 'C:\\Users\\Tega\\Desktop\\Apex\\node_modules\\.react-remove-scroll-bar-HdWDTTey',
392 silly reify   'C:\\Users\\Tega\\Desktop\\Apex\\node_modules\\require-from-string': 'C:\\Users\\Tega\\Desktop\\Apex\\node_modules\\.require-from-string-kzXfL5Fr',
392 silly reify   'C:\\Users\\Tega\\Desktop\\Apex\\node_modules\\resolve': 'C:\\Users\\Tega\\Desktop\\Apex\\node_modules\\.resolve-KCL9g3pT',
392 silly reify   'C:\\Users\\Tega\\Desktop\\Apex\\node_modules\\.bin\\resolve': 'C:\\Users\\Tega\\Desktop\\Apex\\node_modules\\.bin\\.resolve-bikYIfkr',
392 silly reify   'C:\\Users\\Tega\\Desktop\\Apex\\node_modules\\.bin\\resolve.cmd': 'C:\\Users\\Tega\\Desktop\\Apex\\node_modules\\.bin\\.resolve.cmd-NYOUyKP7',
392 silly reify   'C:\\Users\\Tega\\Desktop\\Apex\\node_modules\\.bin\\resolve.ps1': 'C:\\Users\\Tega\\Desktop\\Apex\\node_modules\\.bin\\.resolve.ps1-uyHvAhzP',
392 silly reify   'C:\\Users\\Tega\\Desktop\\Apex\\node_modules\\react-style-singleton': 'C:\\Users\\Tega\\Desktop\\Apex\\node_modules\\.react-style-singleton-YGLs1QZ6',
392 silly reify   'C:\\Users\\Tega\\Desktop\\Apex\\node_modules\\semver': 'C:\\Users\\Tega\\Desktop\\Apex\\node_modules\\.semver-eAu2zlFt',
392 silly reify   'C:\\Users\\Tega\\Desktop\\Apex\\node_modules\\.bin\\semver': 'C:\\Users\\Tega\\Desktop\\Apex\\node_modules\\.bin\\.semver-0Mayg0lu',
392 silly reify   'C:\\Users\\Tega\\Desktop\\Apex\\node_modules\\.bin\\semver.cmd': 'C:\\Users\\Tega\\Desktop\\Apex\\node_modules\\.bin\\.semver.cmd-FYxGhi5j',
392 silly reify   'C:\\Users\\Tega\\Desktop\\Apex\\node_modules\\.bin\\semver.ps1': 'C:\\Users\\Tega\\Desktop\\Apex\\node_modules\\.bin\\.semver.ps1-jznzjaLV',
392 silly reify   'C:\\Users\\Tega\\Desktop\\Apex\\node_modules\\sharp\\node_modules\\semver': 'C:\\Users\\Tega\\Desktop\\Apex\\node_modules\\sharp\\node_modules\\.semver-I4wAXfPc',
392 silly reify   'C:\\Users\\Tega\\Desktop\\Apex\\node_modules\\sharp\\node_modules\\.bin\\semver': 'C:\\Users\\Tega\\Desktop\\Apex\\node_modules\\sharp\\node_modules\\.bin\\.semver-W5GEziHs',
392 silly reify   'C:\\Users\\Tega\\Desktop\\Apex\\node_modules\\sharp\\node_modules\\.bin\\semver.cmd': 'C:\\Users\\Tega\\Desktop\\Apex\\node_modules\\sharp\\node_modules\\.bin\\.semver.cmd-f2SovDiS',
392 silly reify   'C:\\Users\\Tega\\Desktop\\Apex\\node_modules\\sharp\\node_modules\\.bin\\semver.ps1': 'C:\\Users\\Tega\\Desktop\\Apex\\node_modules\\sharp\\node_modules\\.bin\\.semver.ps1-ymMWIwjz',
392 silly reify   'C:\\Users\\Tega\\Desktop\\Apex\\node_modules\\tsconfig-paths\\node_modules\\json5': 'C:\\Users\\Tega\\Desktop\\Apex\\node_modules\\tsconfig-paths\\node_modules\\.json5-3GUmtTXR',
392 silly reify   'C:\\Users\\Tega\\Desktop\\Apex\\node_modules\\tsconfig-paths\\node_modules\\.bin\\json5': 'C:\\Users\\Tega\\Desktop\\Apex\\node_modules\\tsconfig-paths\\node_modules\\.bin\\.json5-U9P4Mz9j',
392 silly reify   'C:\\Users\\Tega\\Desktop\\Apex\\node_modules\\tsconfig-paths\\node_modules\\.bin\\json5.cmd': 'C:\\Users\\Tega\\Desktop\\Apex\\node_modules\\tsconfig-paths\\node_modules\\.bin\\.json5.cmd-x4uqiiTq',
392 silly reify   'C:\\Users\\Tega\\Desktop\\Apex\\node_modules\\tsconfig-paths\\node_modules\\.bin\\json5.ps1': 'C:\\Users\\Tega\\Desktop\\Apex\\node_modules\\tsconfig-paths\\node_modules\\.bin\\.json5.ps1-8wjZCGIa',
392 silly reify   'C:\\Users\\Tega\\Desktop\\Apex\\node_modules\\typescript': 'C:\\Users\\Tega\\Desktop\\Apex\\node_modules\\.typescript-xBbr8UoS',
392 silly reify   'C:\\Users\\Tega\\Desktop\\Apex\\node_modules\\.bin\\tsc': 'C:\\Users\\Tega\\Desktop\\Apex\\node_modules\\.bin\\.tsc-kgy4fDNJ',
392 silly reify   'C:\\Users\\Tega\\Desktop\\Apex\\node_modules\\.bin\\tsc.cmd': 'C:\\Users\\Tega\\Desktop\\Apex\\node_modules\\.bin\\.tsc.cmd-HccMGPkm',
392 silly reify   'C:\\Users\\Tega\\Desktop\\Apex\\node_modules\\.bin\\tsc.ps1': 'C:\\Users\\Tega\\Desktop\\Apex\\node_modules\\.bin\\.tsc.ps1-xKG4mTyn',
392 silly reify   'C:\\Users\\Tega\\Desktop\\Apex\\node_modules\\.bin\\tsserver': 'C:\\Users\\Tega\\Desktop\\Apex\\node_modules\\.bin\\.tsserver-a6foHIpU',
392 silly reify   'C:\\Users\\Tega\\Desktop\\Apex\\node_modules\\.bin\\tsserver.cmd': 'C:\\Users\\Tega\\Desktop\\Apex\\node_modules\\.bin\\.tsserver.cmd-J6MmVxiF',
392 silly reify   'C:\\Users\\Tega\\Desktop\\Apex\\node_modules\\.bin\\tsserver.ps1': 'C:\\Users\\Tega\\Desktop\\Apex\\node_modules\\.bin\\.tsserver.ps1-gfBBMm3i',
392 silly reify   'C:\\Users\\Tega\\Desktop\\Apex\\node_modules\\update-browserslist-db': 'C:\\Users\\Tega\\Desktop\\Apex\\node_modules\\.update-browserslist-db-5QiPTRrB',
392 silly reify   'C:\\Users\\Tega\\Desktop\\Apex\\node_modules\\.bin\\update-browserslist-db': 'C:\\Users\\Tega\\Desktop\\Apex\\node_modules\\.bin\\.update-browserslist-db-t9XnVuuB',
392 silly reify   'C:\\Users\\Tega\\Desktop\\Apex\\node_modules\\.bin\\update-browserslist-db.cmd': 'C:\\Users\\Tega\\Desktop\\Apex\\node_modules\\.bin\\.update-browserslist-db.cmd-nuL28SZD',
392 silly reify   'C:\\Users\\Tega\\Desktop\\Apex\\node_modules\\.bin\\update-browserslist-db.ps1': 'C:\\Users\\Tega\\Desktop\\Apex\\node_modules\\.bin\\.update-browserslist-db.ps1-E1WKAQ9H',
392 silly reify   'C:\\Users\\Tega\\Desktop\\Apex\\node_modules\\use-callback-ref': 'C:\\Users\\Tega\\Desktop\\Apex\\node_modules\\.use-callback-ref-l1rxcD9v',
392 silly reify   'C:\\Users\\Tega\\Desktop\\Apex\\node_modules\\use-sidecar': 'C:\\Users\\Tega\\Desktop\\Apex\\node_modules\\.use-sidecar-Yz75WwIZ',
392 silly reify   'C:\\Users\\Tega\\Desktop\\Apex\\node_modules\\which': 'C:\\Users\\Tega\\Desktop\\Apex\\node_modules\\.which-TNLYV61f',
392 silly reify   'C:\\Users\\Tega\\Desktop\\Apex\\node_modules\\.bin\\node-which': 'C:\\Users\\Tega\\Desktop\\Apex\\node_modules\\.bin\\.node-which-GJWNkmiU',
392 silly reify   'C:\\Users\\Tega\\Desktop\\Apex\\node_modules\\.bin\\node-which.cmd': 'C:\\Users\\Tega\\Desktop\\Apex\\node_modules\\.bin\\.node-which.cmd-FBIUY9GS',
392 silly reify   'C:\\Users\\Tega\\Desktop\\Apex\\node_modules\\.bin\\node-which.ps1': 'C:\\Users\\Tega\\Desktop\\Apex\\node_modules\\.bin\\.node-which.ps1-Q8LpKT7X',
392 silly reify   'C:\\Users\\Tega\\Desktop\\Apex\\node_modules\\@babel\\parser': 'C:\\Users\\Tega\\Desktop\\Apex\\node_modules\\@babel\\.parser-hZRcoUxH',
392 silly reify   'C:\\Users\\Tega\\Desktop\\Apex\\node_modules\\.bin\\parser': 'C:\\Users\\Tega\\Desktop\\Apex\\node_modules\\.bin\\.parser-Yqnssyqo',
392 silly reify   'C:\\Users\\Tega\\Desktop\\Apex\\node_modules\\.bin\\parser.cmd': 'C:\\Users\\Tega\\Desktop\\Apex\\node_modules\\.bin\\.parser.cmd-wfyB5PHf',
392 silly reify   'C:\\Users\\Tega\\Desktop\\Apex\\node_modules\\.bin\\parser.ps1': 'C:\\Users\\Tega\\Desktop\\Apex\\node_modules\\.bin\\.parser.ps1-rCOs4Sgp',
392 silly reify   'C:\\Users\\Tega\\Desktop\\Apex\\node_modules\\@eslint\\eslintrc\\node_modules\\ajv': 'C:\\Users\\Tega\\Desktop\\Apex\\node_modules\\@eslint\\eslintrc\\node_modules\\.ajv-eHxu2KkL',
392 silly reify   'C:\\Users\\Tega\\Desktop\\Apex\\node_modules\\@eslint\\eslintrc\\node_modules\\json-schema-traverse': 'C:\\Users\\Tega\\Desktop\\Apex\\node_modules\\@eslint\\eslintrc\\node_modules\\.json-schema-traverse-rkfcQYsY',
392 silly reify   'C:\\Users\\Tega\\Desktop\\Apex\\node_modules\\@radix-ui\\primitive': 'C:\\Users\\Tega\\Desktop\\Apex\\node_modules\\@radix-ui\\.primitive-o4gVZCBx',
392 silly reify   'C:\\Users\\Tega\\Desktop\\Apex\\node_modules\\@radix-ui\\react-collection': 'C:\\Users\\Tega\\Desktop\\Apex\\node_modules\\@radix-ui\\.react-collection-YXTQtmTZ',
392 silly reify   'C:\\Users\\Tega\\Desktop\\Apex\\node_modules\\@radix-ui\\react-accordion': 'C:\\Users\\Tega\\Desktop\\Apex\\node_modules\\@radix-ui\\.react-accordion-9qbFsMjz',
392 silly reify   'C:\\Users\\Tega\\Desktop\\Apex\\node_modules\\@radix-ui\\react-collapsible': 'C:\\Users\\Tega\\Desktop\\Apex\\node_modules\\@radix-ui\\.react-collapsible-rp4RTuiM',
392 silly reify   'C:\\Users\\Tega\\Desktop\\Apex\\node_modules\\@radix-ui\\react-direction': 'C:\\Users\\Tega\\Desktop\\Apex\\node_modules\\@radix-ui\\.react-direction-Lvd7nTUv',
392 silly reify   'C:\\Users\\Tega\\Desktop\\Apex\\node_modules\\@radix-ui\\react-focus-guards': 'C:\\Users\\Tega\\Desktop\\Apex\\node_modules\\@radix-ui\\.react-focus-guards-NhtXggJY',
392 silly reify   'C:\\Users\\Tega\\Desktop\\Apex\\node_modules\\@radix-ui\\react-context': 'C:\\Users\\Tega\\Desktop\\Apex\\node_modules\\@radix-ui\\.react-context-SqFwqd6H',
392 silly reify   'C:\\Users\\Tega\\Desktop\\Apex\\node_modules\\@radix-ui\\react-dialog': 'C:\\Users\\Tega\\Desktop\\Apex\\node_modules\\@radix-ui\\.react-dialog-NUMlQeNe',
392 silly reify   'C:\\Users\\Tega\\Desktop\\Apex\\node_modules\\@radix-ui\\react-dismissable-layer': 'C:\\Users\\Tega\\Desktop\\Apex\\node_modules\\@radix-ui\\.react-dismissable-layer-AitSa50S',
392 silly reify   'C:\\Users\\Tega\\Desktop\\Apex\\node_modules\\@radix-ui\\react-id': 'C:\\Users\\Tega\\Desktop\\Apex\\node_modules\\@radix-ui\\.react-id-fcqz3dbW',
392 silly reify   'C:\\Users\\Tega\\Desktop\\Apex\\node_modules\\@radix-ui\\react-focus-scope': 'C:\\Users\\Tega\\Desktop\\Apex\\node_modules\\@radix-ui\\.react-focus-scope-QQKDG1C0',
392 silly reify   'C:\\Users\\Tega\\Desktop\\Apex\\node_modules\\@radix-ui\\react-navigation-menu': 'C:\\Users\\Tega\\Desktop\\Apex\\node_modules\\@radix-ui\\.react-navigation-menu-SDApdpXF',
392 silly reify   'C:\\Users\\Tega\\Desktop\\Apex\\node_modules\\@radix-ui\\react-portal': 'C:\\Users\\Tega\\Desktop\\Apex\\node_modules\\@radix-ui\\.react-portal-Fq8m7XAr',
392 silly reify   'C:\\Users\\Tega\\Desktop\\Apex\\node_modules\\@radix-ui\\react-use-callback-ref': 'C:\\Users\\Tega\\Desktop\\Apex\\node_modules\\@radix-ui\\.react-use-callback-ref-u4whXwM8',
392 silly reify   'C:\\Users\\Tega\\Desktop\\Apex\\node_modules\\@radix-ui\\react-use-controllable-state': 'C:\\Users\\Tega\\Desktop\\Apex\\node_modules\\@radix-ui\\.react-use-controllable-state-i4q6UKQm',
392 silly reify   'C:\\Users\\Tega\\Desktop\\Apex\\node_modules\\@radix-ui\\react-use-effect-event': 'C:\\Users\\Tega\\Desktop\\Apex\\node_modules\\@radix-ui\\.react-use-effect-event-ANjmcSfZ',
392 silly reify   'C:\\Users\\Tega\\Desktop\\Apex\\node_modules\\@radix-ui\\react-use-previous': 'C:\\Users\\Tega\\Desktop\\Apex\\node_modules\\@radix-ui\\.react-use-previous-jxrshX1A',
392 silly reify   'C:\\Users\\Tega\\Desktop\\Apex\\node_modules\\@radix-ui\\react-primitive': 'C:\\Users\\Tega\\Desktop\\Apex\\node_modules\\@radix-ui\\.react-primitive-0wlG1Rnl',
392 silly reify   'C:\\Users\\Tega\\Desktop\\Apex\\node_modules\\@radix-ui\\react-use-layout-effect': 'C:\\Users\\Tega\\Desktop\\Apex\\node_modules\\@radix-ui\\.react-use-layout-effect-DPP9rwYW',
392 silly reify   'C:\\Users\\Tega\\Desktop\\Apex\\node_modules\\@radix-ui\\react-presence': 'C:\\Users\\Tega\\Desktop\\Apex\\node_modules\\@radix-ui\\.react-presence-UQ8iNo6Y',
392 silly reify   'C:\\Users\\Tega\\Desktop\\Apex\\node_modules\\@radix-ui\\react-compose-refs': 'C:\\Users\\Tega\\Desktop\\Apex\\node_modules\\@radix-ui\\.react-compose-refs-weBKWeB9',
392 silly reify   'C:\\Users\\Tega\\Desktop\\Apex\\node_modules\\@radix-ui\\react-separator': 'C:\\Users\\Tega\\Desktop\\Apex\\node_modules\\@radix-ui\\.react-separator-heUhxZeu',
392 silly reify   'C:\\Users\\Tega\\Desktop\\Apex\\node_modules\\@radix-ui\\react-slot': 'C:\\Users\\Tega\\Desktop\\Apex\\node_modules\\@radix-ui\\.react-slot-N6A9G0uy',
392 silly reify   'C:\\Users\\Tega\\Desktop\\Apex\\node_modules\\@radix-ui\\react-visually-hidden': 'C:\\Users\\Tega\\Desktop\\Apex\\node_modules\\@radix-ui\\.react-visually-hidden-VdQCSIJx',
392 silly reify   'C:\\Users\\Tega\\Desktop\\Apex\\node_modules\\@typescript-eslint\\typescript-estree\\node_modules\\semver': 'C:\\Users\\Tega\\Desktop\\Apex\\node_modules\\@typescript-eslint\\typescript-estree\\node_modules\\.semver-xdupsu9j',
392 silly reify   'C:\\Users\\Tega\\Desktop\\Apex\\node_modules\\@typescript-eslint\\typescript-estree\\node_modules\\.bin\\semver': 'C:\\Users\\Tega\\Desktop\\Apex\\node_modules\\@typescript-eslint\\typescript-estree\\node_modules\\.bin\\.semver-Ouu0pI43',
392 silly reify   'C:\\Users\\Tega\\Desktop\\Apex\\node_modules\\@typescript-eslint\\typescript-estree\\node_modules\\.bin\\semver.cmd': 'C:\\Users\\Tega\\Desktop\\Apex\\node_modules\\@typescript-eslint\\typescript-estree\\node_modules\\.bin\\.semver.cmd-IDxEp5BS',
392 silly reify   'C:\\Users\\Tega\\Desktop\\Apex\\node_modules\\@typescript-eslint\\typescript-estree\\node_modules\\.bin\\semver.ps1': 'C:\\Users\\Tega\\Desktop\\Apex\\node_modules\\@typescript-eslint\\typescript-estree\\node_modules\\.bin\\.semver.ps1-HNnsmrxU'
392 silly reify }
393 verbose reify failed optional dependency C:\Users\Tega\Desktop\Apex\node_modules\@tailwindcss\oxide-wasm32-wasi
394 silly reify mark deleted [
394 silly reify   'C:\\Users\\Tega\\Desktop\\Apex\\node_modules\\@tailwindcss\\oxide-wasm32-wasi'
394 silly reify ]
395 silly audit bulk request {
395 silly audit   '@alloc/quick-lru': [ '5.2.0' ],
395 silly audit   '@babel/code-frame': [ '7.29.7' ],
395 silly audit   '@babel/compat-data': [ '7.29.7' ],
395 silly audit   '@babel/core': [ '7.29.7' ],
395 silly audit   '@babel/generator': [ '7.29.8' ],
395 silly audit   '@babel/helper-compilation-targets': [ '7.29.7' ],
395 silly audit   '@babel/helper-globals': [ '7.29.7' ],
395 silly audit   '@babel/helper-module-imports': [ '7.29.7' ],
395 silly audit   '@babel/helper-module-transforms': [ '7.29.7' ],
395 silly audit   '@babel/helper-string-parser': [ '7.29.7' ],
395 silly audit   '@babel/helper-validator-identifier': [ '7.29.7' ],
395 silly audit   '@babel/helper-validator-option': [ '7.29.7' ],
395 silly audit   '@babel/helpers': [ '7.29.7' ],
395 silly audit   '@babel/parser': [ '7.29.8' ],
395 silly audit   '@babel/template': [ '7.29.7' ],
395 silly audit   '@babel/traverse': [ '7.29.8' ],
395 silly audit   '@babel/types': [ '7.29.8' ],
395 silly audit   '@emnapi/core': [ '1.10.0' ],
395 silly audit   '@emnapi/runtime': [ '1.11.3', '1.10.0' ],
395 silly audit   '@emnapi/wasi-threads': [ '1.2.1' ],
395 silly audit   '@eslint-community/eslint-utils': [ '4.10.1', '4.9.1' ],
395 silly audit   'eslint-visitor-keys': [ '3.4.3', '5.0.1', '4.2.1' ],
395 silly audit   '@eslint-community/regexpp': [ '4.12.2' ],
395 silly audit   '@eslint/config-array': [ '0.21.2' ],
395 silly audit   '@eslint/config-helpers': [ '0.4.2' ],
395 silly audit   '@eslint/core': [ '0.17.0' ],
395 silly audit   '@eslint/eslintrc': [ '3.3.6' ],
395 silly audit   '@eslint/js': [ '9.39.5' ],
395 silly audit   '@eslint/object-schema': [ '2.1.7' ],
395 silly audit   '@eslint/plugin-kit': [ '0.4.1' ],
395 silly audit   '@hookform/resolvers': [ '5.7.1' ],
395 silly audit   '@humanfs/core': [ '0.19.2' ],
395 silly audit   '@humanfs/node': [ '0.16.8' ],
395 silly audit   '@humanfs/types': [ '0.15.0' ],
395 silly audit   '@humanwhocodes/module-importer': [ '1.0.1' ],
395 silly audit   '@humanwhocodes/retry': [ '0.4.3' ],
395 silly audit   '@img/colour': [ '1.1.0' ],
395 silly audit   '@img/sharp-darwin-arm64': [ '0.35.3' ],
395 silly audit   '@img/sharp-darwin-x64': [ '0.35.3' ],
395 silly audit   '@img/sharp-freebsd-wasm32': [ '0.35.3' ],
395 silly audit   '@img/sharp-libvips-darwin-arm64': [ '1.3.2' ],
395 silly audit   '@img/sharp-libvips-darwin-x64': [ '1.3.2' ],
395 silly audit   '@img/sharp-libvips-linux-arm': [ '1.3.2' ],
395 silly audit   '@img/sharp-libvips-linux-arm64': [ '1.3.2' ],
395 silly audit   '@img/sharp-libvips-linux-ppc64': [ '1.3.2' ],
395 silly audit   '@img/sharp-libvips-linux-riscv64': [ '1.3.2' ],
395 silly audit   '@img/sharp-libvips-linux-s390x': [ '1.3.2' ],
395 silly audit   '@img/sharp-libvips-linux-x64': [ '1.3.2' ],
395 silly audit   '@img/sharp-libvips-linuxmusl-arm64': [ '1.3.2' ],
395 silly audit   '@img/sharp-libvips-linuxmusl-x64': [ '1.3.2' ],
395 silly audit   '@img/sharp-linux-arm': [ '0.35.3' ],
395 silly audit   '@img/sharp-linux-arm64': [ '0.35.3' ],
395 silly audit   '@img/sharp-linux-ppc64': [ '0.35.3' ],
395 silly audit   '@img/sharp-linux-riscv64': [ '0.35.3' ],
395 silly audit   '@img/sharp-linux-s390x': [ '0.35.3' ],
395 silly audit   '@img/sharp-linux-x64': [ '0.35.3' ],
395 silly audit   '@img/sharp-linuxmusl-arm64': [ '0.35.3' ],
395 silly audit   '@img/sharp-linuxmusl-x64': [ '0.35.3' ],
395 silly audit   '@img/sharp-wasm32': [ '0.35.3' ],
395 silly audit   '@img/sharp-webcontainers-wasm32': [ '0.35.3' ],
395 silly audit   '@img/sharp-win32-arm64': [ '0.35.3' ],
395 silly audit   '@img/sharp-win32-ia32': [ '0.35.3' ],
395 silly audit   '@img/sharp-win32-x64': [ '0.35.3' ],
395 silly audit   '@jridgewell/gen-mapping': [ '0.3.13' ],
395 silly audit   '@jridgewell/remapping': [ '2.3.5' ],
395 silly audit   '@jridgewell/resolve-uri': [ '3.1.2' ],
395 silly audit   '@jridgewell/sourcemap-codec': [ '1.5.5' ],
395 silly audit   '@jridgewell/trace-mapping': [ '0.3.31' ],
395 silly audit   '@napi-rs/wasm-runtime': [ '1.2.2' ],
395 silly audit   '@next/env': [ '16.3.0' ],
395 silly audit   '@next/eslint-plugin-next': [ '16.3.0' ],
395 silly audit   '@next/swc-darwin-arm64': [ '16.3.0' ],
395 silly audit   '@next/swc-darwin-x64': [ '16.3.0' ],
395 silly audit   '@next/swc-linux-arm64-gnu': [ '16.3.0' ],
395 silly audit   '@next/swc-linux-arm64-musl': [ '16.3.0' ],
395 silly audit   '@next/swc-linux-x64-gnu': [ '16.3.0' ],
395 silly audit   '@next/swc-linux-x64-musl': [ '16.3.0' ],
395 silly audit   '@next/swc-win32-arm64-msvc': [ '16.3.0' ],
395 silly audit   '@next/swc-win32-x64-msvc': [ '16.3.0' ],
395 silly audit   '@nodelib/fs.scandir': [ '2.1.5' ],
395 silly audit   '@nodelib/fs.stat': [ '2.0.5' ],
395 silly audit   '@nodelib/fs.walk': [ '1.2.8' ],
395 silly audit   '@nolyfill/is-core-module': [ '1.0.39' ],
395 silly audit   '@rtsao/scc': [ '1.1.0' ],
395 silly audit   '@standard-schema/utils': [ '0.3.0' ],
395 silly audit   '@swc/helpers': [ '0.5.15' ],
395 silly audit   '@tailwindcss/node': [ '4.3.3' ],
395 silly audit   '@tailwindcss/oxide': [ '4.3.3' ],
395 silly audit   '@tailwindcss/oxide-android-arm64': [ '4.3.3' ],
395 silly audit   '@tailwindcss/oxide-darwin-arm64': [ '4.3.3' ],
395 silly audit   '@tailwindcss/oxide-darwin-x64': [ '4.3.3' ],
395 silly audit   '@tailwindcss/oxide-freebsd-x64': [ '4.3.3' ],
395 silly audit   '@tailwindcss/oxide-linux-arm-gnueabihf': [ '4.3.3' ],
395 silly audit   '@tailwindcss/oxide-linux-arm64-gnu': [ '4.3.3' ],
395 silly audit   '@tailwindcss/oxide-linux-arm64-musl': [ '4.3.3' ],
395 silly audit   '@tailwindcss/oxide-linux-x64-gnu': [ '4.3.3' ],
395 silly audit   '@tailwindcss/oxide-linux-x64-musl': [ '4.3.3' ],
395 silly audit   '@tailwindcss/oxide-win32-arm64-msvc': [ '4.3.3' ],
395 silly audit   '@tailwindcss/oxide-win32-x64-msvc': [ '4.3.3' ],
395 silly audit   '@tailwindcss/postcss': [ '4.3.3' ],
395 silly audit   '@tybys/wasm-util': [ '0.10.3' ],
395 silly audit   '@types/estree': [ '1.0.9' ],
395 silly audit   '@types/json-schema': [ '7.0.15' ],
395 silly audit   '@types/json5': [ '0.0.29' ],
395 silly audit   '@types/node': [ '20.19.43' ],
395 silly audit   '@types/react': [ '19.2.18' ],
395 silly audit   '@types/react-dom': [ '19.2.4' ],
395 silly audit   '@typescript-eslint/eslint-plugin': [ '8.66.0' ],
395 silly audit   ignore: [ '7.0.6', '5.3.2' ],
395 silly audit   '@typescript-eslint/parser': [ '8.66.0' ],
395 silly audit   '@typescript-eslint/project-service': [ '8.66.0' ],
395 silly audit   '@typescript-eslint/scope-manager': [ '8.66.0' ],
395 silly audit   '@typescript-eslint/tsconfig-utils': [ '8.66.0' ],
395 silly audit   '@typescript-eslint/type-utils': [ '8.66.0' ],
395 silly audit   '@typescript-eslint/types': [ '8.66.0' ],
395 silly audit   '@typescript-eslint/typescript-estree': [ '8.66.0' ],
395 silly audit   'balanced-match': [ '4.0.4', '1.0.2' ],
395 silly audit   'brace-expansion': [ '5.0.9', '1.1.18' ],
395 silly audit   minimatch: [ '10.2.6', '3.1.5' ],
395 silly audit   semver: [ '7.8.5', '6.3.1' ],
395 silly audit   '@typescript-eslint/utils': [ '8.66.0' ],
395 silly audit   '@typescript-eslint/visitor-keys': [ '8.66.0' ],
395 silly audit   '@unrs/resolver-binding-android-arm-eabi': [ '1.12.2' ],
395 silly audit   '@unrs/resolver-binding-android-arm64': [ '1.12.2' ],
395 silly audit   '@unrs/resolver-binding-darwin-arm64': [ '1.12.2' ],
395 silly audit   '@unrs/resolver-binding-darwin-x64': [ '1.12.2' ],
395 silly audit   '@unrs/resolver-binding-freebsd-x64': [ '1.12.2' ],
395 silly audit   '@unrs/resolver-binding-linux-arm-gnueabihf': [ '1.12.2' ],
395 silly audit   '@unrs/resolver-binding-linux-arm-musleabihf': [ '1.12.2' ],
395 silly audit   '@unrs/resolver-binding-linux-arm64-gnu': [ '1.12.2' ],
395 silly audit   '@unrs/resolver-binding-linux-arm64-musl': [ '1.12.2' ],
395 silly audit   '@unrs/resolver-binding-linux-loong64-gnu': [ '1.12.2' ],
395 silly audit   '@unrs/resolver-binding-linux-loong64-musl': [ '1.12.2' ],
395 silly audit   '@unrs/resolver-binding-linux-ppc64-gnu': [ '1.12.2' ],
395 silly audit   '@unrs/resolver-binding-linux-riscv64-gnu': [ '1.12.2' ],
395 silly audit   '@unrs/resolver-binding-linux-riscv64-musl': [ '1.12.2' ],
395 silly audit   '@unrs/resolver-binding-linux-s390x-gnu': [ '1.12.2' ],
395 silly audit   '@unrs/resolver-binding-linux-x64-gnu': [ '1.12.2' ],
395 silly audit   '@unrs/resolver-binding-linux-x64-musl': [ '1.12.2' ],
395 silly audit   '@unrs/resolver-binding-openharmony-arm64': [ '1.12.2' ],
395 silly audit   '@unrs/resolver-binding-wasm32-wasi': [ '1.12.2' ],
395 silly audit   '@unrs/resolver-binding-win32-arm64-msvc': [ '1.12.2' ],
395 silly audit   '@unrs/resolver-binding-win32-ia32-msvc': [ '1.12.2' ],
395 silly audit   '@unrs/resolver-binding-win32-x64-msvc': [ '1.12.2' ],
395 silly audit   acorn: [ '8.18.0' ],
395 silly audit   'acorn-jsx': [ '5.3.2' ],
395 silly audit   'ansi-styles': [ '4.3.0' ],
395 silly audit   argparse: [ '2.0.1' ],
395 silly audit   'aria-query': [ '5.3.2' ],
395 silly audit   'array-buffer-byte-length': [ '1.0.2' ],
395 silly audit   'array-includes': [ '3.1.9' ],
395 silly audit   'array.prototype.findlast': [ '1.2.5' ],
395 silly audit   'array.prototype.findlastindex': [ '1.2.6' ],
395 silly audit   'array.prototype.flat': [ '1.3.3' ],
395 silly audit   'array.prototype.flatmap': [ '1.3.3' ],
395 silly audit   'array.prototype.tosorted': [ '1.1.4' ],
395 silly audit   'arraybuffer.prototype.slice': [ '1.0.4' ],
395 silly audit   'ast-types-flow': [ '0.0.8' ],
395 silly audit   'async-function': [ '1.0.0' ],
395 silly audit   'available-typed-arrays': [ '1.0.7' ],
395 silly audit   'axe-core': [ '4.13.0' ],
395 silly audit   'axobject-query': [ '4.1.0' ],
395 silly audit   'baseline-browser-mapping': [ '2.11.13' ],
395 silly audit   braces: [ '3.0.3' ],
395 silly audit   browserslist: [ '4.28.8' ],
395 silly audit   'call-bind': [ '1.0.9' ],
395 silly audit   'call-bind-apply-helpers': [ '1.0.2' ],
395 silly audit   'call-bound': [ '1.0.4' ],
395 silly audit   callsites: [ '3.1.0' ],
395 silly audit   'caniuse-lite': [ '1.0.30001809' ],
395 silly audit   chalk: [ '4.1.2' ],
395 silly audit   'class-variance-authority': [ '0.7.1' ],
395 silly audit   'client-only': [ '0.0.1' ],
395 silly audit   clsx: [ '2.1.1' ],
395 silly audit   'color-convert': [ '2.0.1' ],
395 silly audit   'color-name': [ '1.1.4' ],
395 silly audit   'concat-map': [ '0.0.1' ],
395 silly audit   'convert-source-map': [ '2.0.0' ],
395 silly audit   'cross-spawn': [ '7.0.6' ],
395 silly audit   csstype: [ '3.2.3' ],
395 silly audit   'damerau-levenshtein': [ '1.0.8' ],
395 silly audit   'data-view-buffer': [ '1.0.2' ],
395 silly audit   'data-view-byte-length': [ '1.0.2' ],
395 silly audit   'data-view-byte-offset': [ '1.0.1' ],
395 silly audit   debug: [ '4.4.3', '3.2.7' ],
395 silly audit   'deep-is': [ '0.1.4' ],
395 silly audit   'define-data-property': [ '1.1.4' ],
395 silly audit   'define-properties': [ '1.2.1' ],
395 silly audit   'detect-libc': [ '2.1.2' ],
395 silly audit   doctrine: [ '2.1.0' ],
395 silly audit   'dunder-proto': [ '1.0.1' ],
395 silly audit   'electron-to-chromium': [ '1.5.403' ],
395 silly audit   'emoji-regex': [ '9.2.2' ],
395 silly audit   'enhanced-resolve': [ '5.24.5' ],
395 silly audit   'es-abstract': [ '1.24.2' ],
395 silly audit   'es-abstract-get': [ '1.0.0' ],
395 silly audit   'es-define-property': [ '1.0.1' ],
395 silly audit   'es-errors': [ '1.3.0' ],
395 silly audit   'es-iterator-helpers': [ '1.4.0' ],
395 silly audit   'es-object-atoms': [ '1.1.2' ],
395 silly audit   'es-set-tostringtag': [ '2.1.0' ],
395 silly audit   'es-shim-unscopables': [ '1.1.0' ],
395 silly audit   'es-to-primitive': [ '1.3.4' ],
395 silly audit   escalade: [ '3.2.0' ],
395 silly audit   'escape-string-regexp': [ '4.0.0' ],
395 silly audit   eslint: [ '9.39.5' ],
395 silly audit   'eslint-config-next': [ '16.3.0' ],
395 silly audit   globals: [ '16.4.0', '14.0.0' ],
395 silly audit   'eslint-import-resolver-node': [ '0.3.10' ],
395 silly audit   'eslint-import-resolver-typescript': [ '3.10.1' ],
395 silly audit   'eslint-module-utils': [ '2.14.0' ],
395 silly audit   'eslint-plugin-import': [ '2.32.0' ],
395 silly audit   'eslint-plugin-jsx-a11y': [ '6.10.2' ],
395 silly audit   'eslint-plugin-react': [ '7.37.5' ],
395 silly audit   'eslint-plugin-react-hooks': [ '7.1.1' ],
395 silly audit   'eslint-scope': [ '8.4.0' ],
395 silly audit   espree: [ '10.4.0' ],
395 silly audit   esquery: [ '1.7.0' ],
395 silly audit   esrecurse: [ '4.3.0' ],
395 silly audit   estraverse: [ '5.3.0' ],
395 silly audit   esutils: [ '2.0.3' ],
395 silly audit   'fast-deep-equal': [ '3.1.3' ],
395 silly audit   'fast-glob': [ '3.3.1' ],
395 silly audit   'glob-parent': [ '5.1.2', '6.0.2' ],
395 silly audit   'fast-levenshtein': [ '2.0.6' ],
395 silly audit   fastq: [ '1.20.1' ],
395 silly audit   'file-entry-cache': [ '8.0.0' ],
395 silly audit   'fill-range': [ '7.1.1' ],
395 silly audit   'find-up': [ '5.0.0' ],
395 silly audit   'flat-cache': [ '4.0.1' ],
395 silly audit   flatted: [ '3.4.4' ],
395 silly audit   'for-each': [ '0.3.5' ],
395 silly audit   'framer-motion': [ '13.1.0' ],
395 silly audit   'function-bind': [ '1.1.2' ],
395 silly audit   'function.prototype.name': [ '1.2.0' ],
395 silly audit   'functions-have-names': [ '1.2.3' ],
395 silly audit   'generator-function': [ '2.0.1' ],
395 silly audit   gensync: [ '1.0.0-beta.2' ],
395 silly audit   'get-intrinsic': [ '1.3.0' ],
395 silly audit   'get-proto': [ '1.0.1' ],
395 silly audit   'get-symbol-description': [ '1.1.0' ],
395 silly audit   'get-tsconfig': [ '4.14.1' ],
395 silly audit   globalthis: [ '1.0.4' ],
395 silly audit   gopd: [ '1.2.0' ],
395 silly audit   'graceful-fs': [ '4.2.11' ],
395 silly audit   'has-bigints': [ '1.1.0' ],
395 silly audit   'has-flag': [ '4.0.0' ],
395 silly audit   'has-property-descriptors': [ '1.0.2' ],
395 silly audit   'has-proto': [ '1.2.0' ],
395 silly audit   'has-symbols': [ '1.1.0' ],
395 silly audit   'has-tostringtag': [ '1.0.2' ],
395 silly audit   hasown: [ '2.0.4' ],
395 silly audit   'hermes-estree': [ '0.25.1' ],
395 silly audit   'hermes-parser': [ '0.25.1' ],
395 silly audit   'import-fresh': [ '3.3.1' ],
395 silly audit   imurmurhash: [ '0.1.4' ],
395 silly audit   'internal-slot': [ '1.1.0' ],
395 silly audit   'is-array-buffer': [ '3.0.5' ],
395 silly audit   'is-async-function': [ '2.1.1' ],
395 silly audit   'is-bigint': [ '1.1.0' ],
395 silly audit   'is-boolean-object': [ '1.2.2' ],
395 silly audit   'is-bun-module': [ '2.0.0' ],
395 silly audit   'is-callable': [ '1.2.7' ],
395 silly audit   'is-core-module': [ '2.16.2' ],
395 silly audit   'is-data-view': [ '1.0.2' ],
395 silly audit   'is-date-object': [ '1.1.0' ],
395 silly audit   'is-document.all': [ '1.0.0' ],
395 silly audit   'is-extglob': [ '2.1.1' ],
395 silly audit   'is-finalizationregistry': [ '1.1.1' ],
395 silly audit   'is-generator-function': [ '1.1.2' ],
395 silly audit   'is-glob': [ '4.0.3' ],
395 silly audit   'is-map': [ '2.0.3' ],
395 silly audit   'is-negative-zero': [ '2.0.3' ],
395 silly audit   'is-number': [ '7.0.0' ],
395 silly audit   'is-number-object': [ '1.1.1' ],
395 silly audit   'is-regex': [ '1.2.1' ],
395 silly audit   'is-set': [ '2.0.3' ],
395 silly audit   'is-shared-array-buffer': [ '1.0.4' ],
395 silly audit   'is-string': [ '1.1.1' ],
395 silly audit   'is-symbol': [ '1.1.1' ],
395 silly audit   'is-typed-array': [ '1.1.15' ],
395 silly audit   'is-weakmap': [ '2.0.2' ],
395 silly audit   'is-weakref': [ '1.1.1' ],
395 silly audit   'is-weakset': [ '2.0.4' ],
395 silly audit   isarray: [ '2.0.5' ],
395 silly audit   isexe: [ '2.0.0' ],
395 silly audit   'iterator.prototype': [ '1.1.5' ],
395 silly audit   jiti: [ '2.7.0' ],
395 silly audit   'js-tokens': [ '4.0.0' ],
395 silly audit   'js-yaml': [ '4.3.1' ],
395 silly audit   jsesc: [ '3.1.0' ],
395 silly audit   'json-buffer': [ '3.0.1' ],
395 silly audit   'json-stable-stringify-without-jsonify': [ '1.0.1' ],
395 silly audit   json5: [ '2.2.3', '1.0.2' ],
395 silly audit   'jsx-ast-utils': [ '3.3.5' ],
395 silly audit   keyv: [ '4.5.4' ],
395 silly audit   'language-subtag-registry': [ '0.3.23' ],
395 silly audit   'language-tags': [ '1.0.9' ],
395 silly audit   levn: [ '0.4.1' ],
395 silly audit   lightningcss: [ '1.32.0' ],
395 silly audit   'lightningcss-android-arm64': [ '1.32.0' ],
395 silly audit   'lightningcss-darwin-arm64': [ '1.32.0' ],
395 silly audit   'lightningcss-darwin-x64': [ '1.32.0' ],
395 silly audit   'lightningcss-freebsd-x64': [ '1.32.0' ],
395 silly audit   'lightningcss-linux-arm-gnueabihf': [ '1.32.0' ],
395 silly audit   'lightningcss-linux-arm64-gnu': [ '1.32.0' ],
395 silly audit   'lightningcss-linux-arm64-musl': [ '1.32.0' ],
395 silly audit   'lightningcss-linux-x64-gnu': [ '1.32.0' ],
395 silly audit   'lightningcss-linux-x64-musl': [ '1.32.0' ],
395 silly audit   'lightningcss-win32-arm64-msvc': [ '1.32.0' ],
395 silly audit   'lightningcss-win32-x64-msvc': [ '1.32.0' ],
395 silly audit   'locate-path': [ '6.0.0' ],
395 silly audit   'lodash.merge': [ '4.6.2' ],
395 silly audit   'loose-envify': [ '1.4.0' ],
395 silly audit   'lru-cache': [ '5.1.1' ],
395 silly audit   'lucide-react': [ '1.31.0' ],
395 silly audit   'magic-string': [ '0.30.21' ],
395 silly audit   'math-intrinsics': [ '1.1.0' ],
395 silly audit   merge2: [ '1.4.1' ],
395 silly audit   micromatch: [ '4.0.8' ],
395 silly audit   minimist: [ '1.2.8' ],
395 silly audit   'motion-dom': [ '13.0.0' ],
395 silly audit   'motion-utils': [ '13.0.0' ],
395 silly audit   ms: [ '2.1.3' ],
395 silly audit   nanoid: [ '3.3.18' ],
395 silly audit   'napi-postinstall': [ '0.3.4' ],
395 silly audit   'natural-compare': [ '1.4.0' ],
395 silly audit   next: [ '16.3.0' ],
395 silly audit   postcss: [ '8.5.23', '8.5.26' ],
395 silly audit   'node-exports-info': [ '1.6.2' ],
395 silly audit   'node-releases': [ '2.0.53' ],
395 silly audit   'object-assign': [ '4.1.1' ],
395 silly audit   'object-inspect': [ '1.13.4' ],
395 silly audit   'object-keys': [ '1.1.1' ],
395 silly audit   'object.assign': [ '4.1.7' ],
395 silly audit   'object.entries': [ '1.1.9' ],
395 silly audit   'object.fromentries': [ '2.0.8' ],
395 silly audit   'object.groupby': [ '1.0.3' ],
395 silly audit   'object.values': [ '1.2.1' ],
395 silly audit   optionator: [ '0.9.4' ],
395 silly audit   'own-keys': [ '1.0.2' ],
395 silly audit   'p-limit': [ '3.1.0' ],
395 silly audit   'p-locate': [ '5.0.0' ],
395 silly audit   'parent-module': [ '1.0.1' ],
395 silly audit   'path-exists': [ '4.0.0' ],
395 silly audit   'path-key': [ '3.1.1' ],
395 silly audit   'path-parse': [ '1.0.7' ],
395 silly audit   picocolors: [ '1.1.1' ],
395 silly audit   picomatch: [ '2.3.2', '4.0.5' ],
395 silly audit   'possible-typed-array-names': [ '1.1.0' ],
395 silly audit   'prelude-ls': [ '1.2.1' ],
395 silly audit   'prop-types': [ '15.8.1' ],
395 silly audit   'queue-microtask': [ '1.2.3' ],
395 silly audit   react: [ '19.2.8' ],
395 silly audit   'react-dom': [ '19.2.8' ],
395 silly audit   'react-hook-form': [ '7.85.0' ],
395 silly audit   'react-is': [ '16.13.1' ],
395 silly audit   'reflect.getprototypeof': [ '1.0.10' ],
395 silly audit   'regexp.prototype.flags': [ '1.5.4' ],
395 silly audit   resolve: [ '2.0.0-next.7' ],
395 silly audit   'resolve-from': [ '4.0.0' ],
395 silly audit   'resolve-pkg-maps': [ '1.0.0' ],
395 silly audit   reusify: [ '1.1.0' ],
395 silly audit   'run-parallel': [ '1.2.0' ],
395 silly audit   'safe-array-concat': [ '1.1.4' ],
395 silly audit   'safe-push-apply': [ '1.0.0' ],
395 silly audit   'safe-regex-test': [ '1.1.0' ],
395 silly audit   scheduler: [ '0.27.0' ],
395 silly audit   'set-function-length': [ '1.2.2' ],
395 silly audit   'set-function-name': [ '2.0.2' ],
395 silly audit   'set-proto': [ '1.0.0' ],
395 silly audit   sharp: [ '0.35.3' ],
395 silly audit   'shebang-command': [ '2.0.0' ],
395 silly audit   'shebang-regex': [ '3.0.0' ],
395 silly audit   'side-channel': [ '1.1.1' ],
395 silly audit   'side-channel-list': [ '1.0.1' ],
395 silly audit   'side-channel-map': [ '1.0.1' ],
395 silly audit   'side-channel-weakmap': [ '1.0.2' ],
395 silly audit   'source-map-js': [ '1.2.1' ],
395 silly audit   'stable-hash': [ '0.0.5' ],
395 silly audit   'stop-iteration-iterator': [ '1.1.0' ],
395 silly audit   'string.prototype.includes': [ '2.0.1' ],
395 silly audit   'string.prototype.matchall': [ '4.0.12' ],
395 silly audit   'string.prototype.repeat': [ '1.0.0' ],
395 silly audit   'string.prototype.trim': [ '1.2.11' ],
395 silly audit   'string.prototype.trimend': [ '1.0.10' ],
395 silly audit   'string.prototype.trimstart': [ '1.0.8' ],
395 silly audit   'strip-bom': [ '3.0.0' ],
395 silly audit   'strip-json-comments': [ '3.1.1' ],
395 silly audit   'styled-jsx': [ '5.1.6' ],
395 silly audit   'supports-color': [ '7.2.0' ],
395 silly audit   'supports-preserve-symlinks-flag': [ '1.0.0' ],
395 silly audit   'tailwind-merge': [ '3.6.0' ],
395 silly audit   tailwindcss: [ '4.3.3' ],
395 silly audit   tapable: [ '2.3.3' ],
395 silly audit   tinyglobby: [ '0.2.17' ],
395 silly audit   fdir: [ '6.5.0' ],
395 silly audit   'to-regex-range': [ '5.0.1' ],
395 silly audit   'ts-api-utils': [ '2.5.0' ],
395 silly audit   'tsconfig-paths': [ '3.15.0' ],
395 silly audit   tslib: [ '2.8.1' ],
395 silly audit   'type-check': [ '0.4.0' ],
395 silly audit   'typed-array-buffer': [ '1.0.3' ],
395 silly audit   'typed-array-byte-length': [ '1.0.3' ],
395 silly audit   'typed-array-byte-offset': [ '1.0.4' ],
395 silly audit   'typed-array-length': [ '1.0.8' ],
395 silly audit   typescript: [ '5.9.3' ],
395 silly audit   'typescript-eslint': [ '8.66.0' ],
395 silly audit   'unbox-primitive': [ '1.1.0' ],
395 silly audit   'undici-types': [ '6.21.0' ],
395 silly audit   'unrs-resolver': [ '1.12.2' ],
395 silly audit   'update-browserslist-db': [ '1.3.1' ],
395 silly audit   which: [ '2.0.2' ],
395 silly audit   'which-boxed-primitive': [ '1.1.1' ],
395 silly audit   'which-builtin-type': [ '1.2.1' ],
395 silly audit   'which-collection': [ '1.0.2' ],
395 silly audit   'which-typed-array': [ '1.1.22' ],
395 silly audit   'word-wrap': [ '1.2.5' ],
395 silly audit   yallist: [ '3.1.1' ],
395 silly audit   'yocto-queue': [ '0.1.0' ],
395 silly audit   zod: [ '4.4.3' ],
395 silly audit   'zod-validation-error': [ '4.0.2' ],
395 silly audit   '@radix-ui/react-accordion': [ '1.2.20' ],
395 silly audit   '@radix-ui/react-dialog': [ '1.1.23' ],
395 silly audit   '@radix-ui/react-navigation-menu': [ '1.2.22' ],
395 silly audit   '@radix-ui/react-separator': [ '1.1.15' ],
395 silly audit   '@radix-ui/react-slot': [ '1.3.3' ],
395 silly audit   ajv: [ '8.20.0', '6.15.0' ],
395 silly audit   '@radix-ui/primitive': [ '1.1.7' ],
395 silly audit   '@radix-ui/react-collapsible': [ '1.1.20' ],
395 silly audit   '@radix-ui/react-collection': [ '1.1.15' ],
395 silly audit   '@radix-ui/react-compose-refs': [ '1.1.5' ],
395 silly audit   '@radix-ui/react-context': [ '1.2.2' ],
395 silly audit   '@radix-ui/react-direction': [ '1.1.4' ],
395 silly audit   '@radix-ui/react-id': [ '1.1.4' ],
395 silly audit   '@radix-ui/react-primitive': [ '2.1.10' ],
395 silly audit   '@radix-ui/react-use-controllable-state': [ '1.2.6' ],
395 silly audit   '@radix-ui/react-presence': [ '1.1.10' ],
395 silly audit   '@radix-ui/react-use-layout-effect': [ '1.1.4' ],
395 silly audit   '@radix-ui/react-dismissable-layer': [ '1.1.19' ],
395 silly audit   '@radix-ui/react-focus-guards': [ '1.1.6' ],
395 silly audit   '@radix-ui/react-focus-scope': [ '1.1.16' ],
395 silly audit   '@radix-ui/react-portal': [ '1.1.17' ],
395 silly audit   'aria-hidden': [ '1.2.6' ],
395 silly audit   'react-remove-scroll': [ '2.7.2' ],
395 silly audit   '@radix-ui/react-use-callback-ref': [ '1.1.4' ],
395 silly audit   '@radix-ui/react-use-effect-event': [ '0.0.5' ],
395 silly audit   '@radix-ui/react-use-previous': [ '1.1.4' ],
395 silly audit   '@radix-ui/react-visually-hidden': [ '1.2.11' ],
395 silly audit   'fast-uri': [ '3.1.5' ],
395 silly audit   'json-schema-traverse': [ '1.0.0', '0.4.1' ],
395 silly audit   'require-from-string': [ '2.0.2' ],
395 silly audit   'react-remove-scroll-bar': [ '2.3.8' ],
395 silly audit   'react-style-singleton': [ '2.2.3' ],
395 silly audit   'use-callback-ref': [ '1.3.3' ],
395 silly audit   'use-sidecar': [ '1.1.3' ],
395 silly audit   'get-nonce': [ '1.0.1' ],
395 silly audit   'detect-node-es': [ '1.1.0' ],
395 silly audit   'fast-json-stable-stringify': [ '2.1.0' ],
395 silly audit   'uri-js': [ '4.4.1' ],
395 silly audit   punycode: [ '2.3.1' ],
395 silly audit   '@tailwindcss/oxide-wasm32-wasi': [ '4.3.3' ]
395 silly audit }
396 verbose reify failed optional dependency C:\Users\Tega\Desktop\Apex\node_modules\@unrs\resolver-binding-win32-ia32-msvc
397 silly reify mark deleted [
397 silly reify   'C:\\Users\\Tega\\Desktop\\Apex\\node_modules\\@unrs\\resolver-binding-win32-ia32-msvc'
397 silly reify ]
398 verbose reify failed optional dependency C:\Users\Tega\Desktop\Apex\node_modules\@unrs\resolver-binding-win32-arm64-msvc
399 silly reify mark deleted [
399 silly reify   'C:\\Users\\Tega\\Desktop\\Apex\\node_modules\\@unrs\\resolver-binding-win32-arm64-msvc'
399 silly reify ]
400 verbose reify failed optional dependency C:\Users\Tega\Desktop\Apex\node_modules\@unrs\resolver-binding-wasm32-wasi
401 silly reify mark deleted [
401 silly reify   'C:\\Users\\Tega\\Desktop\\Apex\\node_modules\\@unrs\\resolver-binding-wasm32-wasi'
401 silly reify ]
402 verbose reify failed optional dependency C:\Users\Tega\Desktop\Apex\node_modules\@unrs\resolver-binding-wasm32-wasi\node_modules\@emnapi\runtime
403 silly reify mark deleted [
403 silly reify   'C:\\Users\\Tega\\Desktop\\Apex\\node_modules\\@unrs\\resolver-binding-wasm32-wasi\\node_modules\\@emnapi\\runtime'
403 silly reify ]
404 verbose reify failed optional dependency C:\Users\Tega\Desktop\Apex\node_modules\@unrs\resolver-binding-openharmony-arm64
405 silly reify mark deleted [
405 silly reify   'C:\\Users\\Tega\\Desktop\\Apex\\node_modules\\@unrs\\resolver-binding-openharmony-arm64'
405 silly reify ]
406 verbose reify failed optional dependency C:\Users\Tega\Desktop\Apex\node_modules\@unrs\resolver-binding-linux-x64-musl
407 silly reify mark deleted [
407 silly reify   'C:\\Users\\Tega\\Desktop\\Apex\\node_modules\\@unrs\\resolver-binding-linux-x64-musl'
407 silly reify ]
408 verbose reify failed optional dependency C:\Users\Tega\Desktop\Apex\node_modules\@unrs\resolver-binding-linux-x64-gnu
409 silly reify mark deleted [
409 silly reify   'C:\\Users\\Tega\\Desktop\\Apex\\node_modules\\@unrs\\resolver-binding-linux-x64-gnu'
409 silly reify ]
410 verbose reify failed optional dependency C:\Users\Tega\Desktop\Apex\node_modules\@unrs\resolver-binding-linux-riscv64-musl
411 silly reify mark deleted [
411 silly reify   'C:\\Users\\Tega\\Desktop\\Apex\\node_modules\\@unrs\\resolver-binding-linux-riscv64-musl'
411 silly reify ]
412 verbose reify failed optional dependency C:\Users\Tega\Desktop\Apex\node_modules\@unrs\resolver-binding-linux-s390x-gnu
413 silly reify mark deleted [
413 silly reify   'C:\\Users\\Tega\\Desktop\\Apex\\node_modules\\@unrs\\resolver-binding-linux-s390x-gnu'
413 silly reify ]
414 verbose reify failed optional dependency C:\Users\Tega\Desktop\Apex\node_modules\@unrs\resolver-binding-linux-riscv64-gnu
415 silly reify mark deleted [
415 silly reify   'C:\\Users\\Tega\\Desktop\\Apex\\node_modules\\@unrs\\resolver-binding-linux-riscv64-gnu'
415 silly reify ]
416 verbose reify failed optional dependency C:\Users\Tega\Desktop\Apex\node_modules\@unrs\resolver-binding-linux-ppc64-gnu
417 silly reify mark deleted [
417 silly reify   'C:\\Users\\Tega\\Desktop\\Apex\\node_modules\\@unrs\\resolver-binding-linux-ppc64-gnu'
417 silly reify ]
418 verbose reify failed optional dependency C:\Users\Tega\Desktop\Apex\node_modules\@unrs\resolver-binding-linux-loong64-musl
419 silly reify mark deleted [
419 silly reify   'C:\\Users\\Tega\\Desktop\\Apex\\node_modules\\@unrs\\resolver-binding-linux-loong64-musl'
419 silly reify ]
420 verbose reify failed optional dependency C:\Users\Tega\Desktop\Apex\node_modules\@unrs\resolver-binding-linux-loong64-gnu
421 silly reify mark deleted [
421 silly reify   'C:\\Users\\Tega\\Desktop\\Apex\\node_modules\\@unrs\\resolver-binding-linux-loong64-gnu'
421 silly reify ]
422 verbose reify failed optional dependency C:\Users\Tega\Desktop\Apex\node_modules\@unrs\resolver-binding-linux-arm64-musl
423 silly reify mark deleted [
423 silly reify   'C:\\Users\\Tega\\Desktop\\Apex\\node_modules\\@unrs\\resolver-binding-linux-arm64-musl'
423 silly reify ]
424 verbose reify failed optional dependency C:\Users\Tega\Desktop\Apex\node_modules\@unrs\resolver-binding-linux-arm64-gnu
425 silly reify mark deleted [
425 silly reify   'C:\\Users\\Tega\\Desktop\\Apex\\node_modules\\@unrs\\resolver-binding-linux-arm64-gnu'
425 silly reify ]
426 verbose reify failed optional dependency C:\Users\Tega\Desktop\Apex\node_modules\@unrs\resolver-binding-linux-arm-musleabihf
427 silly reify mark deleted [
427 silly reify   'C:\\Users\\Tega\\Desktop\\Apex\\node_modules\\@unrs\\resolver-binding-linux-arm-musleabihf'
427 silly reify ]
428 verbose reify failed optional dependency C:\Users\Tega\Desktop\Apex\node_modules\@unrs\resolver-binding-linux-arm-gnueabihf
429 silly reify mark deleted [
429 silly reify   'C:\\Users\\Tega\\Desktop\\Apex\\node_modules\\@unrs\\resolver-binding-linux-arm-gnueabihf'
429 silly reify ]
430 verbose reify failed optional dependency C:\Users\Tega\Desktop\Apex\node_modules\@unrs\resolver-binding-freebsd-x64
431 silly reify mark deleted [
431 silly reify   'C:\\Users\\Tega\\Desktop\\Apex\\node_modules\\@unrs\\resolver-binding-freebsd-x64'
431 silly reify ]
432 verbose reify failed optional dependency C:\Users\Tega\Desktop\Apex\node_modules\@unrs\resolver-binding-darwin-x64
433 silly reify mark deleted [
433 silly reify   'C:\\Users\\Tega\\Desktop\\Apex\\node_modules\\@unrs\\resolver-binding-darwin-x64'
433 silly reify ]
434 verbose reify failed optional dependency C:\Users\Tega\Desktop\Apex\node_modules\@unrs\resolver-binding-darwin-arm64
435 silly reify mark deleted [
435 silly reify   'C:\\Users\\Tega\\Desktop\\Apex\\node_modules\\@unrs\\resolver-binding-darwin-arm64'
435 silly reify ]
436 verbose reify failed optional dependency C:\Users\Tega\Desktop\Apex\node_modules\@unrs\resolver-binding-android-arm64
437 silly reify mark deleted [
437 silly reify   'C:\\Users\\Tega\\Desktop\\Apex\\node_modules\\@unrs\\resolver-binding-android-arm64'
437 silly reify ]
438 verbose reify failed optional dependency C:\Users\Tega\Desktop\Apex\node_modules\@unrs\resolver-binding-android-arm-eabi
439 silly reify mark deleted [
439 silly reify   'C:\\Users\\Tega\\Desktop\\Apex\\node_modules\\@unrs\\resolver-binding-android-arm-eabi'
439 silly reify ]
440 verbose reify failed optional dependency C:\Users\Tega\Desktop\Apex\node_modules\@tailwindcss\oxide-win32-arm64-msvc
441 silly reify mark deleted [
441 silly reify   'C:\\Users\\Tega\\Desktop\\Apex\\node_modules\\@tailwindcss\\oxide-win32-arm64-msvc'
441 silly reify ]
442 verbose reify failed optional dependency C:\Users\Tega\Desktop\Apex\node_modules\@tailwindcss\oxide-linux-x64-musl
443 silly reify mark deleted [
443 silly reify   'C:\\Users\\Tega\\Desktop\\Apex\\node_modules\\@tailwindcss\\oxide-linux-x64-musl'
443 silly reify ]
444 verbose reify failed optional dependency C:\Users\Tega\Desktop\Apex\node_modules\@tailwindcss\oxide-linux-x64-gnu
445 silly reify mark deleted [
445 silly reify   'C:\\Users\\Tega\\Desktop\\Apex\\node_modules\\@tailwindcss\\oxide-linux-x64-gnu'
445 silly reify ]
446 verbose reify failed optional dependency C:\Users\Tega\Desktop\Apex\node_modules\@tailwindcss\oxide-linux-arm64-musl
447 silly reify mark deleted [
447 silly reify   'C:\\Users\\Tega\\Desktop\\Apex\\node_modules\\@tailwindcss\\oxide-linux-arm64-musl'
447 silly reify ]
448 verbose reify failed optional dependency C:\Users\Tega\Desktop\Apex\node_modules\@tailwindcss\oxide-linux-arm64-gnu
449 silly reify mark deleted [
449 silly reify   'C:\\Users\\Tega\\Desktop\\Apex\\node_modules\\@tailwindcss\\oxide-linux-arm64-gnu'
449 silly reify ]
450 verbose reify failed optional dependency C:\Users\Tega\Desktop\Apex\node_modules\@tailwindcss\oxide-linux-arm-gnueabihf
451 silly reify mark deleted [
451 silly reify   'C:\\Users\\Tega\\Desktop\\Apex\\node_modules\\@tailwindcss\\oxide-linux-arm-gnueabihf'
451 silly reify ]
452 verbose reify failed optional dependency C:\Users\Tega\Desktop\Apex\node_modules\@tailwindcss\oxide-darwin-x64
453 silly reify mark deleted [
453 silly reify   'C:\\Users\\Tega\\Desktop\\Apex\\node_modules\\@tailwindcss\\oxide-darwin-x64'
453 silly reify ]
454 verbose reify failed optional dependency C:\Users\Tega\Desktop\Apex\node_modules\@tailwindcss\oxide-freebsd-x64
455 silly reify mark deleted [
455 silly reify   'C:\\Users\\Tega\\Desktop\\Apex\\node_modules\\@tailwindcss\\oxide-freebsd-x64'
455 silly reify ]
456 verbose reify failed optional dependency C:\Users\Tega\Desktop\Apex\node_modules\@tailwindcss\oxide-darwin-arm64
457 silly reify mark deleted [
457 silly reify   'C:\\Users\\Tega\\Desktop\\Apex\\node_modules\\@tailwindcss\\oxide-darwin-arm64'
457 silly reify ]
458 verbose reify failed optional dependency C:\Users\Tega\Desktop\Apex\node_modules\@tailwindcss\oxide-android-arm64
459 silly reify mark deleted [
459 silly reify   'C:\\Users\\Tega\\Desktop\\Apex\\node_modules\\@tailwindcss\\oxide-android-arm64'
459 silly reify ]
460 verbose reify failed optional dependency C:\Users\Tega\Desktop\Apex\node_modules\@next\swc-win32-arm64-msvc
461 silly reify mark deleted [
461 silly reify   'C:\\Users\\Tega\\Desktop\\Apex\\node_modules\\@next\\swc-win32-arm64-msvc'
461 silly reify ]
462 verbose reify failed optional dependency C:\Users\Tega\Desktop\Apex\node_modules\@next\swc-linux-x64-musl
463 silly reify mark deleted [
463 silly reify   'C:\\Users\\Tega\\Desktop\\Apex\\node_modules\\@next\\swc-linux-x64-musl'
463 silly reify ]
464 verbose reify failed optional dependency C:\Users\Tega\Desktop\Apex\node_modules\@next\swc-linux-x64-gnu
465 silly reify mark deleted [
465 silly reify   'C:\\Users\\Tega\\Desktop\\Apex\\node_modules\\@next\\swc-linux-x64-gnu'
465 silly reify ]
466 verbose reify failed optional dependency C:\Users\Tega\Desktop\Apex\node_modules\@next\swc-linux-arm64-musl
467 silly reify mark deleted [
467 silly reify   'C:\\Users\\Tega\\Desktop\\Apex\\node_modules\\@next\\swc-linux-arm64-musl'
467 silly reify ]
468 verbose reify failed optional dependency C:\Users\Tega\Desktop\Apex\node_modules\@next\swc-darwin-x64
469 silly reify mark deleted [
469 silly reify   'C:\\Users\\Tega\\Desktop\\Apex\\node_modules\\@next\\swc-darwin-x64'
469 silly reify ]
470 verbose reify failed optional dependency C:\Users\Tega\Desktop\Apex\node_modules\@next\swc-linux-arm64-gnu
471 silly reify mark deleted [
471 silly reify   'C:\\Users\\Tega\\Desktop\\Apex\\node_modules\\@next\\swc-linux-arm64-gnu'
471 silly reify ]
472 verbose reify failed optional dependency C:\Users\Tega\Desktop\Apex\node_modules\@next\swc-darwin-arm64
473 silly reify mark deleted [
473 silly reify   'C:\\Users\\Tega\\Desktop\\Apex\\node_modules\\@next\\swc-darwin-arm64'
473 silly reify ]
474 verbose reify failed optional dependency C:\Users\Tega\Desktop\Apex\node_modules\@img\sharp-win32-ia32
475 silly reify mark deleted [
475 silly reify   'C:\\Users\\Tega\\Desktop\\Apex\\node_modules\\@img\\sharp-win32-ia32'
475 silly reify ]
476 verbose reify failed optional dependency C:\Users\Tega\Desktop\Apex\node_modules\@img\sharp-win32-arm64
477 silly reify mark deleted [
477 silly reify   'C:\\Users\\Tega\\Desktop\\Apex\\node_modules\\@img\\sharp-win32-arm64'
477 silly reify ]
478 verbose reify failed optional dependency C:\Users\Tega\Desktop\Apex\node_modules\@img\sharp-webcontainers-wasm32
479 silly reify mark deleted [
479 silly reify   'C:\\Users\\Tega\\Desktop\\Apex\\node_modules\\@img\\sharp-webcontainers-wasm32'
479 silly reify ]
480 verbose reify failed optional dependency C:\Users\Tega\Desktop\Apex\node_modules\@img\sharp-linuxmusl-x64
481 silly reify mark deleted [
481 silly reify   'C:\\Users\\Tega\\Desktop\\Apex\\node_modules\\@img\\sharp-linuxmusl-x64'
481 silly reify ]
482 verbose reify failed optional dependency C:\Users\Tega\Desktop\Apex\node_modules\@img\sharp-linux-x64
483 silly reify mark deleted [
483 silly reify   'C:\\Users\\Tega\\Desktop\\Apex\\node_modules\\@img\\sharp-linux-x64'
483 silly reify ]
484 verbose reify failed optional dependency C:\Users\Tega\Desktop\Apex\node_modules\@img\sharp-linuxmusl-arm64
485 silly reify mark deleted [
485 silly reify   'C:\\Users\\Tega\\Desktop\\Apex\\node_modules\\@img\\sharp-linuxmusl-arm64'
485 silly reify ]
486 verbose reify failed optional dependency C:\Users\Tega\Desktop\Apex\node_modules\@img\sharp-linux-s390x
487 silly reify mark deleted [
487 silly reify   'C:\\Users\\Tega\\Desktop\\Apex\\node_modules\\@img\\sharp-linux-s390x'
487 silly reify ]
488 verbose reify failed optional dependency C:\Users\Tega\Desktop\Apex\node_modules\@img\sharp-linux-riscv64
489 silly reify mark deleted [
489 silly reify   'C:\\Users\\Tega\\Desktop\\Apex\\node_modules\\@img\\sharp-linux-riscv64'
489 silly reify ]
490 verbose reify failed optional dependency C:\Users\Tega\Desktop\Apex\node_modules\@img\sharp-linux-ppc64
491 silly reify mark deleted [
491 silly reify   'C:\\Users\\Tega\\Desktop\\Apex\\node_modules\\@img\\sharp-linux-ppc64'
491 silly reify ]
492 verbose reify failed optional dependency C:\Users\Tega\Desktop\Apex\node_modules\@img\sharp-linux-arm64
493 silly reify mark deleted [
493 silly reify   'C:\\Users\\Tega\\Desktop\\Apex\\node_modules\\@img\\sharp-linux-arm64'
493 silly reify ]
494 verbose reify failed optional dependency C:\Users\Tega\Desktop\Apex\node_modules\@img\sharp-linux-arm
495 silly reify mark deleted [
495 silly reify   'C:\\Users\\Tega\\Desktop\\Apex\\node_modules\\@img\\sharp-linux-arm'
495 silly reify ]
496 verbose reify failed optional dependency C:\Users\Tega\Desktop\Apex\node_modules\@img\sharp-libvips-linuxmusl-x64
497 silly reify mark deleted [
497 silly reify   'C:\\Users\\Tega\\Desktop\\Apex\\node_modules\\@img\\sharp-libvips-linuxmusl-x64'
497 silly reify ]
498 verbose reify failed optional dependency C:\Users\Tega\Desktop\Apex\node_modules\@img\sharp-libvips-linuxmusl-arm64
499 silly reify mark deleted [
499 silly reify   'C:\\Users\\Tega\\Desktop\\Apex\\node_modules\\@img\\sharp-libvips-linuxmusl-arm64'
499 silly reify ]
500 verbose reify failed optional dependency C:\Users\Tega\Desktop\Apex\node_modules\@img\sharp-libvips-linux-x64
501 silly reify mark deleted [
501 silly reify   'C:\\Users\\Tega\\Desktop\\Apex\\node_modules\\@img\\sharp-libvips-linux-x64'
501 silly reify ]
502 verbose reify failed optional dependency C:\Users\Tega\Desktop\Apex\node_modules\@img\sharp-libvips-linux-s390x
503 silly reify mark deleted [
503 silly reify   'C:\\Users\\Tega\\Desktop\\Apex\\node_modules\\@img\\sharp-libvips-linux-s390x'
503 silly reify ]
504 verbose reify failed optional dependency C:\Users\Tega\Desktop\Apex\node_modules\@img\sharp-libvips-linux-riscv64
505 silly reify mark deleted [
505 silly reify   'C:\\Users\\Tega\\Desktop\\Apex\\node_modules\\@img\\sharp-libvips-linux-riscv64'
505 silly reify ]
506 verbose reify failed optional dependency C:\Users\Tega\Desktop\Apex\node_modules\@img\sharp-libvips-linux-ppc64
507 silly reify mark deleted [
507 silly reify   'C:\\Users\\Tega\\Desktop\\Apex\\node_modules\\@img\\sharp-libvips-linux-ppc64'
507 silly reify ]
508 verbose reify failed optional dependency C:\Users\Tega\Desktop\Apex\node_modules\@img\sharp-libvips-linux-arm64
509 silly reify mark deleted [
509 silly reify   'C:\\Users\\Tega\\Desktop\\Apex\\node_modules\\@img\\sharp-libvips-linux-arm64'
509 silly reify ]
510 verbose reify failed optional dependency C:\Users\Tega\Desktop\Apex\node_modules\@img\sharp-libvips-linux-arm
511 silly reify mark deleted [
511 silly reify   'C:\\Users\\Tega\\Desktop\\Apex\\node_modules\\@img\\sharp-libvips-linux-arm'
511 silly reify ]
512 verbose reify failed optional dependency C:\Users\Tega\Desktop\Apex\node_modules\@img\sharp-libvips-darwin-x64
513 silly reify mark deleted [
513 silly reify   'C:\\Users\\Tega\\Desktop\\Apex\\node_modules\\@img\\sharp-libvips-darwin-x64'
513 silly reify ]
514 verbose reify failed optional dependency C:\Users\Tega\Desktop\Apex\node_modules\@img\sharp-libvips-darwin-arm64
515 silly reify mark deleted [
515 silly reify   'C:\\Users\\Tega\\Desktop\\Apex\\node_modules\\@img\\sharp-libvips-darwin-arm64'
515 silly reify ]
516 verbose reify failed optional dependency C:\Users\Tega\Desktop\Apex\node_modules\@img\sharp-freebsd-wasm32
517 silly reify mark deleted [
517 silly reify   'C:\\Users\\Tega\\Desktop\\Apex\\node_modules\\@img\\sharp-freebsd-wasm32'
517 silly reify ]
518 verbose reify failed optional dependency C:\Users\Tega\Desktop\Apex\node_modules\@img\sharp-darwin-x64
519 silly reify mark deleted [
519 silly reify   'C:\\Users\\Tega\\Desktop\\Apex\\node_modules\\@img\\sharp-darwin-x64'
519 silly reify ]
520 verbose reify failed optional dependency C:\Users\Tega\Desktop\Apex\node_modules\@img\sharp-darwin-arm64
521 silly reify mark deleted [
521 silly reify   'C:\\Users\\Tega\\Desktop\\Apex\\node_modules\\@img\\sharp-darwin-arm64'
521 silly reify ]
522 verbose reify failed optional dependency C:\Users\Tega\Desktop\Apex\node_modules\lightningcss-win32-arm64-msvc
523 silly reify mark deleted [
523 silly reify   'C:\\Users\\Tega\\Desktop\\Apex\\node_modules\\lightningcss-win32-arm64-msvc'
523 silly reify ]
524 verbose reify failed optional dependency C:\Users\Tega\Desktop\Apex\node_modules\lightningcss-linux-x64-musl
525 silly reify mark deleted [
525 silly reify   'C:\\Users\\Tega\\Desktop\\Apex\\node_modules\\lightningcss-linux-x64-musl'
525 silly reify ]
526 verbose reify failed optional dependency C:\Users\Tega\Desktop\Apex\node_modules\lightningcss-linux-arm64-musl
527 silly reify mark deleted [
527 silly reify   'C:\\Users\\Tega\\Desktop\\Apex\\node_modules\\lightningcss-linux-arm64-musl'
527 silly reify ]
528 verbose reify failed optional dependency C:\Users\Tega\Desktop\Apex\node_modules\lightningcss-linux-x64-gnu
529 silly reify mark deleted [
529 silly reify   'C:\\Users\\Tega\\Desktop\\Apex\\node_modules\\lightningcss-linux-x64-gnu'
529 silly reify ]
530 verbose reify failed optional dependency C:\Users\Tega\Desktop\Apex\node_modules\lightningcss-linux-arm64-gnu
531 silly reify mark deleted [
531 silly reify   'C:\\Users\\Tega\\Desktop\\Apex\\node_modules\\lightningcss-linux-arm64-gnu'
531 silly reify ]
532 verbose reify failed optional dependency C:\Users\Tega\Desktop\Apex\node_modules\lightningcss-linux-arm-gnueabihf
533 silly reify mark deleted [
533 silly reify   'C:\\Users\\Tega\\Desktop\\Apex\\node_modules\\lightningcss-linux-arm-gnueabihf'
533 silly reify ]
534 verbose reify failed optional dependency C:\Users\Tega\Desktop\Apex\node_modules\lightningcss-freebsd-x64
535 silly reify mark deleted [
535 silly reify   'C:\\Users\\Tega\\Desktop\\Apex\\node_modules\\lightningcss-freebsd-x64'
535 silly reify ]
536 verbose reify failed optional dependency C:\Users\Tega\Desktop\Apex\node_modules\lightningcss-darwin-x64
537 silly reify mark deleted [
537 silly reify   'C:\\Users\\Tega\\Desktop\\Apex\\node_modules\\lightningcss-darwin-x64'
537 silly reify ]
538 verbose reify failed optional dependency C:\Users\Tega\Desktop\Apex\node_modules\lightningcss-darwin-arm64
539 silly reify mark deleted [
539 silly reify   'C:\\Users\\Tega\\Desktop\\Apex\\node_modules\\lightningcss-darwin-arm64'
539 silly reify ]
540 verbose reify failed optional dependency C:\Users\Tega\Desktop\Apex\node_modules\lightningcss-android-arm64
541 silly reify mark deleted [
541 silly reify   'C:\\Users\\Tega\\Desktop\\Apex\\node_modules\\lightningcss-android-arm64'
541 silly reify ]
542 http cache @radix-ui/react-visually-hidden@https://registry.npmjs.org/@radix-ui/react-visually-hidden/-/react-visually-hidden-1.2.11.tgz 0ms (cache hit)
543 http cache @radix-ui/react-slot@https://registry.npmjs.org/@radix-ui/react-slot/-/react-slot-1.3.3.tgz 0ms (cache hit)
544 http cache @radix-ui/react-separator@https://registry.npmjs.org/@radix-ui/react-separator/-/react-separator-1.1.15.tgz 0ms (cache hit)
545 http cache @radix-ui/react-compose-refs@https://registry.npmjs.org/@radix-ui/react-compose-refs/-/react-compose-refs-1.1.5.tgz 0ms (cache hit)
546 http cache @radix-ui/react-presence@https://registry.npmjs.org/@radix-ui/react-presence/-/react-presence-1.1.10.tgz 0ms (cache hit)
547 http cache @radix-ui/react-use-layout-effect@https://registry.npmjs.org/@radix-ui/react-use-layout-effect/-/react-use-layout-effect-1.1.4.tgz 0ms (cache hit)
548 http cache @radix-ui/react-primitive@https://registry.npmjs.org/@radix-ui/react-primitive/-/react-primitive-2.1.10.tgz 0ms (cache hit)
549 http cache @radix-ui/react-use-previous@https://registry.npmjs.org/@radix-ui/react-use-previous/-/react-use-previous-1.1.4.tgz 0ms (cache hit)
550 http cache @radix-ui/react-use-effect-event@https://registry.npmjs.org/@radix-ui/react-use-effect-event/-/react-use-effect-event-0.0.5.tgz 0ms (cache hit)
551 http cache @radix-ui/react-use-controllable-state@https://registry.npmjs.org/@radix-ui/react-use-controllable-state/-/react-use-controllable-state-1.2.6.tgz 0ms (cache hit)
552 http cache @radix-ui/react-use-callback-ref@https://registry.npmjs.org/@radix-ui/react-use-callback-ref/-/react-use-callback-ref-1.1.4.tgz 0ms (cache hit)
553 http cache @radix-ui/react-portal@https://registry.npmjs.org/@radix-ui/react-portal/-/react-portal-1.1.17.tgz 0ms (cache hit)
554 http cache @radix-ui/react-navigation-menu@https://registry.npmjs.org/@radix-ui/react-navigation-menu/-/react-navigation-menu-1.2.22.tgz 0ms (cache hit)
555 http cache @radix-ui/react-focus-scope@https://registry.npmjs.org/@radix-ui/react-focus-scope/-/react-focus-scope-1.1.16.tgz 0ms (cache hit)
556 http cache @radix-ui/react-id@https://registry.npmjs.org/@radix-ui/react-id/-/react-id-1.1.4.tgz 0ms (cache hit)
557 http cache @radix-ui/react-dismissable-layer@https://registry.npmjs.org/@radix-ui/react-dismissable-layer/-/react-dismissable-layer-1.1.19.tgz 0ms (cache hit)
558 http cache @radix-ui/react-dialog@https://registry.npmjs.org/@radix-ui/react-dialog/-/react-dialog-1.1.23.tgz 0ms (cache hit)
559 http cache @radix-ui/react-context@https://registry.npmjs.org/@radix-ui/react-context/-/react-context-1.2.2.tgz 0ms (cache hit)
560 http cache @radix-ui/react-focus-guards@https://registry.npmjs.org/@radix-ui/react-focus-guards/-/react-focus-guards-1.1.6.tgz 0ms (cache hit)
561 http cache @radix-ui/react-direction@https://registry.npmjs.org/@radix-ui/react-direction/-/react-direction-1.1.4.tgz 0ms (cache hit)
562 http cache @radix-ui/react-collapsible@https://registry.npmjs.org/@radix-ui/react-collapsible/-/react-collapsible-1.1.20.tgz 1ms (cache hit)
563 http cache @radix-ui/react-accordion@https://registry.npmjs.org/@radix-ui/react-accordion/-/react-accordion-1.2.20.tgz 1ms (cache hit)
564 http cache @radix-ui/react-collection@https://registry.npmjs.org/@radix-ui/react-collection/-/react-collection-1.1.15.tgz 0ms (cache hit)
565 http cache @radix-ui/primitive@https://registry.npmjs.org/@radix-ui/primitive/-/primitive-1.1.7.tgz 0ms (cache hit)
566 http cache @babel/parser@https://registry.npmjs.org/@babel/parser/-/parser-7.29.8.tgz 0ms (cache hit)
567 http cache which@https://registry.npmjs.org/which/-/which-2.0.2.tgz 0ms (cache hit)
568 http cache use-sidecar@https://registry.npmjs.org/use-sidecar/-/use-sidecar-1.1.3.tgz 0ms (cache hit)
569 http cache use-callback-ref@https://registry.npmjs.org/use-callback-ref/-/use-callback-ref-1.3.3.tgz 0ms (cache hit)
570 http cache update-browserslist-db@https://registry.npmjs.org/update-browserslist-db/-/update-browserslist-db-1.3.1.tgz 0ms (cache hit)
571 http cache typescript@https://registry.npmjs.org/typescript/-/typescript-5.9.3.tgz 0ms (cache hit)
572 http cache semver@https://registry.npmjs.org/semver/-/semver-6.3.1.tgz 0ms (cache hit)
573 http cache react-style-singleton@https://registry.npmjs.org/react-style-singleton/-/react-style-singleton-2.2.3.tgz 0ms (cache hit)
574 http cache resolve@https://registry.npmjs.org/resolve/-/resolve-2.0.0-next.7.tgz 0ms (cache hit)
575 http cache require-from-string@https://registry.npmjs.org/require-from-string/-/require-from-string-2.0.2.tgz 0ms (cache hit)
576 http cache react-remove-scroll-bar@https://registry.npmjs.org/react-remove-scroll-bar/-/react-remove-scroll-bar-2.3.8.tgz 0ms (cache hit)
577 http cache react-remove-scroll@https://registry.npmjs.org/react-remove-scroll/-/react-remove-scroll-2.7.2.tgz 0ms (cache hit)
578 http cache json-schema-traverse@https://registry.npmjs.org/json-schema-traverse/-/json-schema-traverse-1.0.0.tgz 0ms (cache hit)
579 http cache nanoid@https://registry.npmjs.org/nanoid/-/nanoid-3.3.18.tgz 0ms (cache hit)
580 http cache napi-postinstall@https://registry.npmjs.org/napi-postinstall/-/napi-postinstall-0.3.4.tgz 0ms (cache hit)
581 http cache loose-envify@https://registry.npmjs.org/loose-envify/-/loose-envify-1.4.0.tgz 0ms (cache hit)
582 http cache json5@https://registry.npmjs.org/json5/-/json5-2.2.3.tgz 0ms (cache hit)
583 http cache jsesc@https://registry.npmjs.org/jsesc/-/jsesc-3.1.0.tgz 0ms (cache hit)
584 http cache js-yaml@https://registry.npmjs.org/js-yaml/-/js-yaml-4.3.1.tgz 0ms (cache hit)
585 http cache jiti@https://registry.npmjs.org/jiti/-/jiti-2.7.0.tgz 0ms (cache hit)
586 http cache get-nonce@https://registry.npmjs.org/get-nonce/-/get-nonce-1.0.1.tgz 0ms (cache hit)
587 http cache fast-uri@https://registry.npmjs.org/fast-uri/-/fast-uri-3.1.5.tgz 0ms (cache hit)
588 http cache eslint@https://registry.npmjs.org/eslint/-/eslint-9.39.5.tgz 0ms (cache hit)
589 http cache detect-node-es@https://registry.npmjs.org/detect-node-es/-/detect-node-es-1.1.0.tgz 0ms (cache hit)
590 http cache ajv@https://registry.npmjs.org/ajv/-/ajv-8.20.0.tgz 0ms (cache hit)
591 http cache browserslist@https://registry.npmjs.org/browserslist/-/browserslist-4.28.8.tgz 0ms (cache hit)
592 http cache baseline-browser-mapping@https://registry.npmjs.org/baseline-browser-mapping/-/baseline-browser-mapping-2.11.13.tgz 0ms (cache hit)
593 http cache aria-hidden@https://registry.npmjs.org/aria-hidden/-/aria-hidden-1.2.6.tgz 0ms (cache hit)
594 http cache acorn@https://registry.npmjs.org/acorn/-/acorn-8.18.0.tgz 0ms (cache hit)
595 http cache next@https://registry.npmjs.org/next/-/next-16.3.0.tgz 0ms (cache hit)
596 http cache es-abstract@https://registry.npmjs.org/es-abstract/-/es-abstract-1.24.2.tgz 0ms (cache hit)
597 http cache caniuse-lite@https://registry.npmjs.org/caniuse-lite/-/caniuse-lite-1.0.30001809.tgz 0ms (cache hit)
598 http cache semver@https://registry.npmjs.org/semver/-/semver-7.8.5.tgz 0ms (cache hit)
599 http cache json-schema-traverse@https://registry.npmjs.org/json-schema-traverse/-/json-schema-traverse-0.4.1.tgz 0ms (cache hit)
600 http cache ajv@https://registry.npmjs.org/ajv/-/ajv-6.15.0.tgz 0ms (cache hit)
601 http cache json5@https://registry.npmjs.org/json5/-/json5-1.0.2.tgz 0ms (cache hit)
602 http cache semver@https://registry.npmjs.org/semver/-/semver-7.8.5.tgz 0ms (cache hit)
603 http cache semver@https://registry.npmjs.org/semver/-/semver-7.8.5.tgz 0ms (cache hit)
604 http cache json-schema-traverse@https://registry.npmjs.org/json-schema-traverse/-/json-schema-traverse-0.4.1.tgz 0ms (cache hit)
605 http cache ajv@https://registry.npmjs.org/ajv/-/ajv-6.15.0.tgz 0ms (cache hit)
606 silly tarball no local data for next@https://registry.npmjs.org/next/-/next-16.3.0.tgz. Extracting by manifest.
607 silly tarball no local data for es-abstract@https://registry.npmjs.org/es-abstract/-/es-abstract-1.24.2.tgz. Extracting by manifest.
608 silly tarball no local data for caniuse-lite@https://registry.npmjs.org/caniuse-lite/-/caniuse-lite-1.0.30001809.tgz. Extracting by manifest.
609 http fetch POST 200 https://registry.npmjs.org/-/npm/v1/security/advisories/bulk 2646ms
610 silly audit report {}
611 http fetch GET 200 https://registry.npmjs.org/caniuse-lite/-/caniuse-lite-1.0.30001809.tgz 99229ms (cache miss)
612 http fetch GET 200 https://registry.npmjs.org/es-abstract/-/es-abstract-1.24.2.tgz 158300ms (cache miss)
